:020000040800F2
:1000000000400220C15B0108515C010895410108D4
:1000100000000000000000000000000000000000E0
:100020000000000000000000000000002BB30108E9
:10003000000000000000000041B4010881410108F7
:10004000515C0108515C0108515C0108515C0108D8
:10005000515C0108515C0108515C0108515C0108C8
:10006000515C01086D45010879450108CD4501083D
:10007000515C0108515C0108515C0108515C0108A8
:10008000515C0108515C0108515C0108515C010898
:10009000515C0108515C0108515C0108515C010888
:1000A000515C0108515C0108515C0108494201089A
:0C00B0006D42010819430108515C010871
:1000C00010B5064C2378002B07D1054B002B02D02E
:1000D000044800E000BF0123237010BD90090020F8
:1000E00000000000E4CA0208044B10B5002B03D046
:1000F0000349044800E000BF10BDC04600000000F6
:1001000094090020E4CA020802780B78002A03D080
:10011000013001319A42F7D0D01A70470023C25CF7
:100120000133002AFBD1581E7047000002B471460B
:1001300049084900095C49008E4402BC7047C0462A
:1001400003B47146490840004900095A49008E44E9
:1001500003BC7047002243088B4274D303098B42CF
:100160005FD3030A8B4244D3030B8B4228D3030C87
:100170008B420DD3FF22090212BA030C8B4202D329
:100180001212090265D0030B8B4219D300E0090A51
:10019000C30B8B4201D3CB03C01A5241830B8B425A
:1001A00001D38B03C01A5241430B8B4201D34B0343
:1001B000C01A5241030B8B4201D30B03C01A5241A8
:1001C000C30A8B4201D3CB02C01A5241830A8B422D
:1001D00001D38B02C01A5241430A8B4201D34B0216
:1001E000C01A5241030A8B4201D30B02C01A52417A
:1001F000CDD2C3098B4201D3CB01C01A524183092E
:100200008B4201D38B01C01A524143098B4201D367
:100210004B01C01A524103098B4201D30B01C01A92
:100220005241C3088B4201D3CB00C01A524183080C
:100230008B4201D38B00C01A524143088B4201D339
:100240004B00C01A5241411A00D201465241104699
:100250007047FFE701B5002000F0F0F802BDC0468E
:100260000029F7D076E7704703460B437FD400227E
:1002700043088B4274D303098B425FD3030A8B423A
:1002800044D3030B8B4228D3030C8B420DD3FF22A4
:10029000090212BA030C8B4202D31212090265D072
:1002A000030B8B4219D300E0090AC30B8B4201D325
:1002B000CB03C01A5241830B8B4201D38B03C01A6C
:1002C0005241430B8B4201D34B03C01A5241030BE3
:1002D0008B4201D30B03C01A5241C30A8B4201D394
:1002E000CB02C01A5241830A8B4201D38B02C01A3F
:1002F0005241430A8B4201D34B02C01A5241030AB6
:100300008B4201D30B02C01A5241CDD2C3098B429A
:1003100001D3CB01C01A524183098B4201D38B0117
:10032000C01A524143098B4201D34B01C01A5241BA
:1003300003098B4201D30B01C01A5241C3088B42FF
:1003400001D3CB00C01A524183088B4201D38B00EA
:10035000C01A524143088B4201D34B00C01A52418C
:10036000411A00D201465241104670475DE0CA0F63
:1003700000D04942031000D34042534000229C4623
:1003800003098B422DD3030A8B4212D3FC2289012D
:1003900012BA030A8B420CD3890192118B4208D303
:1003A000890192118B4204D389013AD0921100E065
:1003B0008909C3098B4201D3CB01C01A5241830979
:1003C0008B4201D38B01C01A524143098B4201D3A6
:1003D0004B01C01A524103098B4201D30B01C01AD1
:1003E0005241C3088B4201D3CB00C01A524183084B
:1003F0008B4201D38B00C01A5241D9D243088B42A1
:1004000001D34B00C01A5241411A00D20146634643
:1004100052415B10104601D34042002B00D54942A7
:10042000704763465B1000D3404201B5002000F0E6
:1004300005F802BD0029F8D016E770477047C0469E
:100440008446100062468C461900634600E0C046B0
:100450001FB501F02FFB002801D40021C8421FBDA9
:1004600010B501F06FFA4042013010BD10B501F037
:1004700021FB002801DB002010BD012010BDC0467B
:1004800010B501F017FB002801DD002010BD012090
:1004900010BDC04610B501F099FA002801DC00201B
:1004A00010BD012010BDC04610B501F08FFA002824
:1004B00001DA002010BD012010BDC04684460800AE
:1004C0006146FFE71FB500F033FA002801D4002190
:1004D000C8421FBD10B500F0B3F94042013010BD55
:1004E00010B500F025FA002801DB002010BD012026
:1004F00010BDC04610B500F01BFA002801DD002039
:1005000010BD012010BDC04610B500F0C1F9002893
:1005100001DC002010BD012010BDC04610B500F068
:10052000B7F9002801DA002010BD012010BDC04637
:10053000002B11D1002A0FD1002900D1002802D0B0
:100540000021C943080007B4024802A140180290E4
:1005500003BDC046E9FEFFFF03B4684601B502983B
:1005600000F0A2F8019B9E4602B00CBC7047C0464A
:10057000F0B5CE469946030C9C46130447461B0C27
:100580001D000E0061460404240C80B50700100C09
:100590004B436543414360432C0CC01824188C46E0
:1005A000A34203D980235B029846C4444946794359
:1005B0005643230C2D042D0C89196344240460191F
:1005C000C918C0BCB946B046F0BDC04670B50022DF
:1005D0000C4B04000D00FFF767FF002804D120003A
:1005E000290002F05FF970BD064B002220002900AF
:1005F00001F09AFD02F056F980231B069C466044E8
:10060000F1E7C0460000E04170B50022002304007D
:100610000D00FFF72BFF002808D12000290000F073
:100620000FF802000B001000190070BD80231B069C
:10063000E918200000F004F8002342428B41F2E761
:1006400070B500220B4B0D00040001F0A5FAFFF776
:10065000BDFF060002F090F90022074B01F09CFA62
:1006600002000B002000290001F05EFDFFF7AEFF45
:10067000310070BD0000F03D0000F04170B5060093
:10068000080002F04BF90022064B01F085FA0D003C
:100690000400300002F070F92B00220000F0D4FAC0
:1006A00070BDC0460000F041F0B557464E46454685
:1006B000DE46E0B504000D009246994683B08B42B9
:1006C00030D82DD04946504602F064FA2900060081
:1006D000200002F05FFA331A9846203B34D49B4640
:1006E00053465A46934042461F00534693401E00CD
:1006F000AF423BD8AF4200D179E05B46A41BBD417D
:10070000002B00DA76E000220023009201930123FF
:100710005A4693400193012342469340009329E0B7
:100720008242CFD900220023009201930C9B002B20
:1007300001D01C605D600098019903B0F0BCBB461D
:10074000B246A946A046F0BD42469B4620239B1ACE
:100750005246DA40414613004A468A401700424654
:100760001F43534693401E00AF42C3D900220023CB
:10077000009201934346002BD8D0FB0772081A431E
:1007800046467B080EE0AB4201D1A2420CD8A41A27
:100790009D41012024196D410021013E24184D4145
:1007A000002E06D0AB42EED9013E24196D41002E39
:1007B000F8D1009801995B4600196941002B24DBB0
:1007C0002B005A464446D3402A00E2401C005B46B8
:1007D0001500002B2ADB26009E40330026004746EA
:1007E000BE403200801A9941009001919EE7A342D9
:1007F000BCD882E74246202300219B1A00220091A8
:1008000001920122DA40019285E7424620239B1A99
:100810002A0046469A402300F340444613432A00E8
:10082000E2401C005B461500002BD4DA42462F0044
:100830002023260097409B1ADE403B003343CDE740
:1008400070B542004E024C0045026D0A120EC30FF5
:10085000760A240EC90FFF2A10D0FF2C0CD00120DD
:10086000A2420AD1B54208D18B420FD0002A04D14E
:100870002800431E984100E0012070BD0120FF2C9C
:10088000FBD13543F9D14B401800F6E70020F4E7DF
:1008900030B5420044024D02C30F4800640A120EF4
:1008A0006D0A000EC90FFF2A19D0FF280BD0002AAD
:1008B0001ED100280BD1002D27D0002C34D10029C7
:1008C0002FD0080030BD002D28D1002A01D1002CE6
:1008D000F5D08B4207D1002B23D01800F2E7002C73
:1008E0001CD1FF2814D0581E022318400138E9E714
:1008F0000028F8D08B42F6D18242F4DCEBDBAC422C
:10090000F1D80020AC42DDD2E5E7002CDAD0EAE7EE
:10091000002D03D18B42E6D10020D3E702204042D4
:10092000D0E701204042CDE78B42E8D0DBE7C0466C
:1009300030B5420044024D02C30F4800640A120E53
:100940006D0A000EC90FFF2A1AD0FF280ED0002A08
:100950001ED100280ED1002D2AD0002C0CD08B42A5
:100960001DD0581E02231840013810E0002D0DD173
:10097000002A20D1002C1ED1002923D0080006E037
:10098000002C03D1FF28ECD1002D17D0022030BD60
:100990000028E6D08B42E4D18242E2DC04DBAC42A8
:1009A000DFD80020AC42F2D2002B0BD01800EEE7CB
:1009B000002CECD0D5E78B42D3D1F5E700208B4259
:1009C000E5D0CEE701204042E1E7C046F0B54F4612
:1009D0004646D64643025B0A4500C0B599460F1C01
:1009E0002D0EC60F002D00D188E0FF2D00D18DE027
:1009F0008022DB00D2041A430023914698469A468F
:100A00007F3D7C027B00640A1B0EFF0F002B68D029
:100A1000FF2B21D08022E400D204144342467F3BC6
:100A20005B1900215D1C0A2A2EDC7E404246022A08
:100A300023DC013A012A00D9BDE002296ED0012948
:100A40002CD100200022C005F60710433043E0BC43
:100A5000BA46B146A846F0BD2B00FF33002C65D046
:100A60000322414611433200013588467A40FF3562
:100A70000A2900DDD8E01600032140460122824009
:100A8000A620C000024220D05346022B46D0032BA2
:100A900000D1BBE051464C460129D2D02B007F3318
:100AA000002B70DD620704D00F222240042A00D000
:100AB0000434220103D5634B1C402B008033FE2BF2
:100AC0002CDCA201520AD8B2BDE79020800002427D
:100AD00027D1B938FF3810426DD03E00A1468A4672
:100AE000D2E7002C41D1012342461A4390462B0005
:100AF000424601215D1C0A2A97DDC5E7002B26D15D
:100B000004239846033B00259A467AE7002B18D128
:100B100008239846063BFF259A4672E7FF200022ED
:100B200091E780220026FF20D2038CE74146022273
:100B3000013511438846FF350A29A5DC02217E4094
:100B400074E70C239846093BFF259A4659E718009D
:100B500002F002F84A46431F76259A4000236D4270
:100B6000914698469A462D1A4BE7200001F0F4FF73
:100B70004246431F9C402B1A763B00215D1C0A2AEB
:100B800000DC52E780E70122D31A1B2B00DD58E777
:100B90009E352200AC40DA40631E9C41224353073D
:100BA00004D00F231340042B00D00432530137D557
:100BB0000120002247E7210C4A462404240C270088
:100BC000100C1204120C44435743484351433A0C4F
:100BD00009195218944203D9802149028C46604475
:100BE0003F0411043F0CC9198C01671EBC41120C53
:100BF000890E12180C439201144312010ED50123E1
:100C000062081C40144349E73E00A14680224B463F
:100C1000D2031A435202FF20520A14E71D003DE797
:100C200092010020520A0EE70F29EDD180224B4697
:100C3000D2031342EAD01442E8D13E00FF202243FF
:100C400001E7C046FFFFFFF7F0B557464E46454661
:100C5000DE46E0B583B0009001910C034F00CE0F4B
:100C6000610A009C1D03640F0C43009900920193DC
:100C7000C80059004B0D9946009A019B6D0AD90F87
:100C8000530F2B439A46009B7F0DDA0094464A4649
:100C9000B046BA1A8E4200D1B0E0002A00DC78E0FB
:100CA0004946002900D1E9E0C9498F4200D195E1C8
:100CB0000125382A16DC8021534609040B439A4645
:100CC0001F2A00DDE7E1202155468B1A61469D4031
:100CD000D1400D43614699404B1E99415346D34044
:100CE0000D43E41A451BA84280414042241A2302C6
:100CF00000D40FE16402640A002C00D139E1200025
:100D000001F02AFF0300083B20212800CA1AD04026
:100D10009C4002009D4022439F4200DD73E1D81BAE
:100D20000130091A2C008D40C4406B1E9D411300F8
:100D3000C2408B402543002714001D436B0709D098
:100D40000F232B40042B05D02B1DAB42AD416D4230
:100D500064191D00230200D42DE19D4A01379742FA
:100D600000D1D3E046469B49ED0821404A072A437B
:100D70007C054D022D0B640D24052C43F6073443EE
:100D80001000210003B0F0BCBB46B246A946A04605
:100D9000F0BD002A00D184E04A46D21B002F00D0CB
:100DA0006DE12500054300D127E1561E012A00D13F
:100DB0003BE2874DAA4200D16AE20125382E12DCBF
:100DC00032001F2A00DDF8E120262500B61A0700B0
:100DD0005346B040D440B540D740461EB0411B1BDF
:100DE0009A463D4305436246551BAC4592415346E6
:100DF00052420E004F4688469C1A78E7002A00DCD3
:100E00008EE04946002975D161465346194300D109
:100E1000F6E0511E012A00D191E16D4DAA4200D1A8
:100E2000DCE00125382914DC0A001F2A00DDA2E1DC
:100E300020215346891A8B401D006346D3401D4331
:100E400063468B4019004B1E99415346D3400D43D6
:100E5000E4182D188542804140422418230259D5B8
:100E60005B4B01379F4251D001215A4B6A081C400D
:100E700029400A43E507154364085FE76146534686
:100E8000194300D1BCE0511E012A00D164E1504D4C
:100E9000AA4200D16AE10125382900DD22E70A00D3
:100EA0000EE74D4A7D1C154200D0D0E02500624679
:100EB000534605431A43002F00D037E1002D00D1DF
:100EC000A8E1002A00D16AE16346C51A5346E21A36
:100ED000A8429B415B42D31A1A0200D403E2634644
:100EE0001D1AAC459241534652421C1B0E008846C7
:100EF000A41A23E736498F4270D00125382AA8DC8E
:100F00008021534609040B439A468EE73C00002596
:100F1000002231E707232B40002B00D010E793E09D
:100F2000002A74D04A46D21B002F00D1C7E02849BE
:100F3000894500D185E10125382A12DC8021090488
:100F40000C431F2A00DDABE120212500891A070090
:100F500088408D40D740411E8841D4403D430543E1
:100F6000A2446544654592415242524414004F46A2
:100F700074E7280001F0F0FD030018331F2B00DC9C
:100F8000C2E62A00083882409F4200DDA9E0DB1B50
:100F9000581C1F2800DCACE115001F3BDD40202859
:100FA00005D040231B1A9A40531E9A41154307232C
:100FB00000272B40B0E7ED08054B62072A43E40801
:100FC0009F420FD02403250B7C05640DD4E6C04658
:100FD000FF070000FFFF7FFFFE070000C008620759
:100FE0000243E4081300234300D186E180252D034A
:100FF00025432D03C34C2D0BBEE6604654460E0020
:101000001700C508D8E7C04CFF1A144096E6BF4A3F
:10101000791C11426BD122000243002F00D0DBE08B
:10102000002A00D12DE1624653461A4300D1B6E0B2
:101030006346C51885428041544440422418230227
:1010400002D50F00B04B1C403A002800D8E762469A
:10105000851AA8429241534652429146E31A1A0019
:101060004B46D21A130091461A0254D44A464C46B3
:101070002A4300D040E60026002400257CE6A14D4E
:10108000A94500D190E00125382A00DDABE6802596
:101090002D042C4395E6110055462039CD40A94634
:1010A000202A06D0402153468A1A934062461A43AA
:1010B000944665466B1E9D414B461D4312E621003A
:1010C000014300D1C4E0511E012A00D1FBE08D4D47
:1010D000AA4200D1B5E00125382900DD41E70A0028
:1010E0002FE7894CFF1A14406207E4086AE7854A33
:1010F000914200D1E3E06346C2188242804123005E
:10110000404253441B18DD075C080723520815436F
:101110000F002B4000E763461D1AAC459241534631
:1011200052421C1B0E008846A41AE5E5002D00D093
:1011300091E0002A38D180240026240356E7634634
:10114000C518854280415444404224180127230297
:1011500000D4DFE6022787E66346C51AA84280412D
:1011600053464042E41A0127241AC0E56207C0082A
:101170000243E40836E7110053462039CB40994634
:10118000202A06D0402153468A1A934062461A43C9
:10119000944665466B1E9D414B461D4359E66207CA
:1011A000C0080243E4080DE753465A076346D808CF
:1011B00053460E000243DC0814E715002600203DCC
:1011C000EE40202A03D04025AA1A94402043421E14
:1011D00090410500354306E6002A7CD0624653461E
:1011E000C0081A4300D1FAE6620710438022E408DF
:1011F0001203144208D0D908114205D16346D80819
:1012000053460C005B071843420FC000C00852074A
:101210000243E7E6002A00D12DE76346D80853468B
:101220005A070E000243DC08CCE663461D1AAC45A3
:101230009241534652421C1B0E008846A41A0137A5
:1012400055E56346D90853465A070A43DC08C9E600
:1012500060465446D4E6C008002A00D1BFE66207C3
:1012600010438022E40812031442CDD0DD08154259
:10127000CAD16346D80853465B070E002C001843BA
:10128000C2E76346D90853465A070A43DC0899E681
:101290006346D80853465A070E000243DC08A1E60D
:1012A000110027002039CF40202A03D040218A1A7C
:1012B00094402043421E904105003D4351E60C00FE
:1012C0000025002258E56044604592415444524252
:1012D0000500A4183AE753465A076346D90853460F
:1012E0000A43DC087EE61A001C002A4300D0ABE665
:1012F000C1E620210025091A19E500220025014C2C
:101300003AE5C046FF070000FFFF7FFFFE07000031
:10131000F0B5DE46454657464E46E0B587B00092EA
:1013200001930B031B0B9B46CA0F4B000400804626
:101330005B0D029200D16AE1D44A934200D18CE164
:101340005946420FC9000A43802109041143C200D3
:101350009046CF4A894692469A440023002403933C
:10136000009E019F3B031B0B9B467B0030005B0DE7
:10137000FD0F002B00D128E1C44A934200D177E150
:101380005946720FC9000A438021090411438B4654
:10139000BF49F2008C4651466344CB1A9A4600235B
:1013A000029E6E400F2C27D8BA49A40009598F46D7
:1013B000CB464246029E039B022B16D0032B00D144
:1013C000A6E2012B00D0DFE000220023002490469B
:1013D0001B052343F60733434046190007B0F0BC12
:1013E000BB46B246A946A046F0BD00220024904666
:1013F000A64BEDE72E00DFE7CB4500D2D4E100D1CC
:10140000CFE101235B429C46444648460027E24424
:101410005B46150E1B021D43190C2B04120200958E
:101420001D0C914602910395FEF71AFF02006A43D4
:101430000B04210C804619438A4209D9009D0123DF
:10144000AC465B4261449C46E0448D4200D8FBE1DF
:10145000881A0299FEF704FF039A24044243090400
:10146000240C03000C43A24206D90099013B8C4690
:101470006444A14200D8E1E1A01A424612041A4392
:1014800093464B4659461B0C1D0004930B044946DA
:101490000904090C0C001B0C5C43120C6B438846BE
:1014A00051436A43250CAC465B186344994203D907
:1014B000802149028C466244190C24041B04240C2C
:1014C0008A181C19904202D316D1A74214D25B4647
:1014D000009D013B4F4405934F459B41AC465B4209
:1014E0006344C018854200D3A1E1824200D9F6E1ED
:1014F00000D1F1E1059B9B463C1BA742BF41009DEB
:10150000801A7F42C01B854200D1D0E10299FEF7CC
:10151000A7FE039A0B044243210C070019438A4299
:1015200000D978E1881A0299FEF79AFE039A2404FA
:1015300042430904240C03000C43A24200D95DE19C
:101540004146A41A3A041A43049D13041B0C594340
:1015500047466B439C46100C47430B0CBC4463440A
:1015600068439F4203D980256D02AC4660441F0C3E
:1015700009041B04090C3F185B18BC4200D202E1AD
:1015800000D1FDE001231A43434B5344002B00DC00
:10159000AEE0510700D098E15946C90106D5594639
:1015A0003E4B194080238B46DB0053443C498B4221
:1015B00000DD1AE75946D208490711435A465B0530
:1015C00054028846240B5B0D02E75A46009B1A43DF
:1015D00000D17EE05B46002B00D100E1584601F0CF
:1015E000BBFA020003000B3A1D27009EBA1A19002D
:1015F0005846D64008398840320002439346009A44
:101600008A40284953448A469A440023C8E65B46E8
:101610000343994656D05B46002B00D1CDE0584697
:1016200001F09AFA0B235B429C4602008444664612
:101630001D239B1B260011005846DE4008398840B8
:1016400033000343994623008B409846164B0024F1
:101650009B1A9A460023039382E65A460243914618
:101660002AD100229A46022390460824039377E663
:101670005A46009B1A430D4B9C46E244002A17D160
:1016800002231C4300239B46023389E6FF07000028
:1016900001FCFFFF14000308FF030000FFFFFFFE33
:1016A000FE070000F30300000DFCFFFF01F8FFFF41
:1016B000032332001C4373E69A460323D9460C24C5
:1016C00003934DE6002398469A460133042403937E
:1016D00046E601231C4300239B46013360E60023BA
:1016E000802498460026924B240371E60122524240
:1016F0000121C91A382900DD66E61F2900DCABE0AC
:101700001F204042C31A5846D8400300202904D065
:1017100058468849514488400243511E8A411A4321
:10172000072319000024114013420CD00F2313404B
:10173000042B00D1F9E0111D91429B410A005B424C
:1017400059075B021C0BD2080A43904600233FE670
:1017500080244B462403234209D05B46234206D112
:101760001C4324032E009046714B240B30E680244A
:101770004B4624031C432403029E6D4B240B27E697
:10178000002B00D100E70098511E84466444844237
:1017900000D284E0BC4200D2AEE000D1C1E00A0039
:1017A000F0E6424500D92CE64B46DC075808434694
:1017B0005B081C434346DF072AE601F0CDF91523F9
:1017C0009C4684440200634620321C2B00DC2EE73A
:1017D00023000838834099460023984636E701F0F5
:1017E000BBF902000300153220331C2A00DCFBE6A3
:1017F00000990838814000228B4602E70099013B9E
:101800008C466444A14200D99AE6A24200D897E6E9
:10181000831E644494E6AC466144013F8D4200D986
:1018200080E68A4200D87DE6871E61447AE68542DA
:1018300000D05FE6B94500D95CE656E6A24200D882
:101840001AE6831E644417E68A4200D800E6AC46D6
:10185000831E98466144FBE537481400504482409B
:101860005B4617008340CC407A1E974123433B439D
:101870001A005B46CB40510709D00F2111400429C3
:1018800005D0111D9142924152429B180A00190243
:1018900000D455E7002201230024904698E50A0071
:1018A000BC4200D06EE64B4500D06BE66CE6234BA5
:1018B000234A5344924500DA18E7012149420A1DA0
:1018C0008A42894149428B4466E60F21114004292E
:1018D00000D161E61100F2E7BC4200D80AE602231B
:1018E0005B429C4600994F444F459B41E3448C46E4
:1018F0005B426344C018FFE54946009D48004845E7
:101900008941AC46494261448146023A6418C7E7BE
:1019100080245B4624031C4324039046044B240B81
:1019200056E59945E8D30A00BDE7002308E7C0461D
:10193000FF0700003E0400001E040000FF0300003B
:1019400002FCFFFFF0B55746DE464E464546E0B581
:101950000D000400E80F83460903D80F090B8246E7
:1019600019488C461F0369005E00490D3F0B760D38
:10197000814218D086420FD00120B1420DD1BC4522
:101980000BD1944209D1D3451CD0002905D1604622
:101990002043431E984100E00120F0BCBB46B24604
:1019A000A946A046F0BD01208E42F6D161463943DA
:1019B0000F0017432743F0D15B465246981A431E47
:1019C0009841EAE70020E8E7FF070000F0B5574636
:1019D0004E464546DE46E0B50D000F03390B83B099
:1019E0000400804601915800E90F314F400D8C46AC
:1019F0006E00190382469146760D090BD80FBE4240
:101A00001FD0BA450FD0002E2FD15546019E34432A
:101A1000002D27D10A433AD0002C45D100281AD1F5
:101A20000120404217E011433BD1002E02D1019F1B
:101A30002743F3D0844509D16346002BF0D060469C
:101A400009E0019F27432CD1B24524D063460220F0
:101A5000013B1840013803B0F0BCBB46B246A94672
:101A6000A046F0BD002CD9D0E4E75446002CEDD0C0
:101A70008445EBD15645E9DCDEDB019B8B42E5D8A2
:101A8000DAD1C845E2D80020C845E4D2D4E7002026
:101A9000002CE0D0DAE7114303D18445D6D10020F1
:101AA000D9E702204042D6E78445E6D0CEE7C046DB
:101AB000FF070000F0B557464E464546DE46E0B506
:101AC0000D000F0304008046E80F390B844683B0F5
:101AD0005800304F400D01911E0369008246914627
:101AE000490D360BD80FB94220D0BA450FD0002986
:101AF0002BD101990C435146002937D1324338D0BC
:101B0000002C44D1002819D10120404216E0164390
:101B100013D1002902D1019F2743F3D0844520D05F
:101B200063460220013B1840013807E0019F27432C
:101B300003D18A45F4D116431FD0022003B0F0BC74
:101B4000BB46B246A946A046F0BD5446002CE7D09D
:101B50008445E5D15145E3DC03DB019BB342DFD88B
:101B60000FD06346002BCFD06046E7E7002CC9D0EA
:101B7000D4E70020002CE1D0D2E78445D0D100206A
:101B8000DCE7C845CCD80020C845D7D2E9E7844572
:101B9000E3D0C5E7FF070000F0B55746DE464E46E6
:101BA0004546E0B51F000B031B0B16009A46CA0FF3
:101BB0004B000400934687B05B0D00D1D5E0BB4AD3
:101BC000934200D1F8E05146420FC9000A438021F8
:101BD00009041143C2009146B54A8A469D18002364
:101BE000984602933C037B00FA0F3000240B5B0DF8
:101BF000009200D196E0AD4A934231D0720FE400DA
:101C00002243802424041443A94AF00094466344E8
:101C10005B195A1C0192424600260A2A42DC5A46A7
:101C200000994A4093464246022A32DC013A012A90
:101C300000D949E1022E00D1CAE0012E3DD1002396
:101C40000024002210005A461B052343D2071343E9
:101C5000190007B0F0BCBB46B246A946A046F0BD8D
:101C6000924B2643EB18002E00D1BBE003224146E5
:101C700011435A46884600994A40802109018C4602
:101C800029006144019141460A2900DD33E293466F
:101C90000326424601279740A6213A00C9000A4080
:101CA0000F4231D0029E022E00D135E2032E00D128
:101CB000D2E154464846012EC1D0019A7D4B94464C
:101CC0006344002B00DCC0E0420709D00F22024031
:101CD000042A05D0021D824280414042241810008F
:101CE000E20106D5744B019A1C4080239446DB0028
:101CF0006344724A93426BDC6207C00864025B056E
:101D00000243240B5B0D9DE7902189000F4263D1B4
:101D100088223A4200D1D7E0009BA2469B468146EA
:101D20000296BFE72300334300D17FE0002C00D1AF
:101D3000ADE1200000F010FF020003000B3A1D206F
:101D40001900821A30000839D0408C40044330001A
:101D500088405B4AEB1A944663445A1C01924246FF
:101D600000260A2A00DC5AE79CE7534603439946BB
:101D700054D05346002B00D177E1504600F0ECFEE2
:101D80000B235B429C4602008444110050460839F4
:101D900088401D23804660461B1A2000D84003005F
:101DA000404603439A4623008B4099460023444D06
:101DB0009846AD1A029315E752460243914626D142
:101DC00000221D000223924608329046029309E742
:101DD00000240022354B35E7002380249B46240352
:101DE000324B2FE7022241461143802212019446D2
:101DF0002A006244884601920A2900DD52E75A46C9
:101E00000020009904004A40934602260BE70C226A
:101E10001D000323814690460293E3E600239A4681
:101E200004339846033B00250293DBE64246013328
:101E30001A432B0090465A1C01924246002400206F
:101E400001260A2A00DCEAE62CE70122D21A382A07
:101E500000DDF4E61F2A00DC2AE11F214942CB1AEB
:101E60002100D9400B00202A05D0164A019D944636
:101E70006544AC402043421E90411843072319009B
:101E80000024014003420CD00F230340042B00D157
:101E900040E1031D8342A4411800644261076402CB
:101EA000240BC20800230A43CCE6C046FF0700000B
:101EB00001FCFFFFFF030000FFFFFFFEFE07000025
:101EC0000DFCFFFF3E04000049464A460904090C88
:101ED0000D00160C020C0004000C4543AC46050036
:101EE0007543A84615000F007543009202952A001D
:101EF000009D6F4365462D0CA94647444F44B845A5
:101F000005D91500802252029046454402953D0CA9
:101F1000039565462D043F042D0CAC463D006544F9
:101F20000495250C2404240CAC4625007543A846D2
:101F300065460F006943414489466743390C49446B
:101F40006E43884503D980225202904646440D0CC8
:101F5000A846350045440595039D3F04A8463F0C1F
:101F60000904C91988444546039555462E04360C84
:101F70002F0C35004543784381463800A8462D0C88
:101F8000AA46009A504372434A445244914503D9A9
:101F900080256D02A9464844150CA94645462D04E6
:101FA0002D0CA84665467D43120448449044A9463A
:101FB0003200654662436E437C43170C3619BF19E5
:101FC000BC4203D980246402A446E144029C039EDF
:101FD000A446059D66448E428941AC4612043C04E9
:101FE000120CA2186244494254184644A44646457D
:101FF000A44182466442A046AA4292418C4589414E
:10200000E244D044494252420A43A045A441824599
:102010008941644249420C4341463F0CD21912198E
:10202000CC0D049970020843411E884141464A4440
:10203000F60D52023043490214430843D20135D50C
:102040000122430802401343E0071843640834E6C2
:10205000009BA2469B4681468024534624031C4392
:1020600024034A462E4B240BECE500F075FD1523A6
:102070009C4684440200634620321C2B00DC84E62C
:10208000002399462300083883409A468EE600F0E4
:1020900063FD02000300153220331C2A00DC4EE6EB
:1020A00002003400083A0020944052E6019304E60E
:1020B0001C4B21009C460300019DD3406544A94070
:1020C00019430300AB40581E834119430800D44014
:1020D0004B0709D00F230B40042B05D00B1D8B425F
:1020E0008041404224181800230200D4D6E6012380
:1020F00000240022A6E50F29AAD1802352461B0303
:102100001A42A9D01C42A7D11C43009B02009B4647
:10211000034B97E50024C1E60024014B220091E522
:10212000FF0700001E040000F0B54E464546DE469F
:102130005746E0B585B0009001910C034F00CE0FDB
:10214000610A009CB046640F0C4300997F0DC800E3
:1021500011001A001B039C460091019251004B0D87
:102160009946019B009DD90F63466A0F5B0A134392
:10217000EA0094469346C14A03900293914500D1E8
:10218000CDE0012569404D467D1BAA468E4200D117
:1021900080E0002D00DC35E34946002900D1DFE076
:1021A000974200D194E152460125382A19DC802259
:1021B000029B12041343029352461F2A00DDE3E1FF
:1021C000534620226146029DD21A9540D9400D43C4
:1021D000614691400A00511E8A411543029ADA4035
:1021E000A41A451BA84280414042241A230200D46D
:1021F0003DE16402640A002C00D147E1200000F0B8
:10220000ABFC0300083B20212800CA1AD0409C40A8
:1022100002009D4022439F4200DD77E1D81B013040
:10222000091A2C008D40C4406B1E9D411300C24012
:102230008B402543002714001D436B0709D00F2353
:102240002B40042B05D02B1DAB42AD416D426419D0
:102250001D00230200D440E1884A0137974200D193
:1022600001E1012643468649ED0821404A072A43F9
:102270007C054D022D0B640D1E4024052C43F607F2
:1022800034431000210005B0F0BCBB46B246A9465D
:10229000A046F0BD002D00DCD0E24946002900D068
:1022A000D4E06146029B194300D12BE1691E012D48
:1022B00000D1D9E1954200D10AE10125382917DC86
:1022C0008A4653461F2B00DDE7E12022D21A029BEB
:1022D000614693401D005346D940634693401A001F
:1022E0000D43511E8A4153461543029ADA40A41801
:1022F0002D188542804140422418230200D4B6E0C4
:102300005E4B01379F4200D1ADE001215C4B6A0872
:102310001C4029400A43E507154364088DE7594AE4
:10232000029B92466246BA441A432CD08E422ED06B
:102330005246002A60D0002F00D1DBE063460E0039
:10234000029CD80862070243E4081300234300D12B
:1023500054E280252D0325432D03484C2D0B8CE79B
:102360006146029B194300D1CCE029000139012DBF
:1023700000D188E1954200D1AAE00125382900DD8D
:102380002FE78A4618E7012251408E42D0D15346AA
:10239000002B00D1BEE0002F00D038E1CA46220059
:1023A000024300D1E2E15346591E012B00D10DE258
:1023B000324A924500D1D2E10127382913DC1F2986
:1023C00000DDEEE12022029B521A250007009A460A
:1023D000CC4090409540CF40A244421E904153468D
:1023E0002F43074302933D00654465459241029B9C
:1023F00052424F46D41880E7234A7D1C154200D034
:10240000AAE062462500029B05431A43002F00D034
:10241000F5E0002D00D16BE1002A00D152E16346C6
:10242000C51A029BE21AA8429B415B42D31A1A02C8
:1024300000D4D5E163461D1AAC4592410126029BAA
:1024400052421C1B8846A41A0E40F6E697423FD023
:1024500052460125382A00DD4AE78022029B1204F9
:10246000134302932DE73C000025002205E70723D4
:102470002B40002B00D0E2E66BE0C046FF070000D7
:10248000FFFF7FFF01F8FFFFFE070000280000F0BC
:1024900063FB030018331F2B00DCB4E62A00083866
:1024A00082409F4200DDB9E0DB1B581C1F2800DC86
:1024B000A0E115001F3BDD40202805D040231B1A5A
:1024C0009A40531E9A411543072300272B40D0E71B
:1024D000C00862070243E40837E7EA0863071A43C3
:1024E000D34BE4089F4200D12FE72403250B7C0542
:1024F000640DC2E6CA462200024358D163460E006C
:10250000029C0393039B5746DA08E7E7C94CFF1A7E
:10251000144092E6C84D7A1C2A4200D084E0220082
:102520000243002F00D0EFE0002A00D1E5E0624630
:1025300002990A4300D1C5E06346C5188C4685421E
:102540008041644440422418230202D5B94B01372C
:102550001C40BA460395D5E76246851AA8429241C7
:1025600052429146029BE31A1A004B46D21A1300BC
:1025700091461A026CD44A464C462A4300D03AE6A9
:1025800000260024002578E6029953460D00203AE3
:10259000D540202B06D04022D21A0B009340624631
:1025A0001A4393465B465A1E93411D4319E6534610
:1025B0005A1E012B00D1C6E09D4EB24500D1BDE6AA
:1025C00088460E000125382A10DC1F2A7FDC2021D6
:1025D0002500891A070088408D40D740D440411E0D
:1025E0008841029B3D431B1B054302936246551BDA
:1025F000AC459241029B52424F469C1AF6E5002D93
:1026000000D0B7E0002A00D1F0E001260E4063467A
:102610000298D90842070A43C40896E6854CFF1A77
:1026200014406207E40860E781498A4200D1C9E0AA
:102630006346C11881428041029B4042E3181B1847
:10264000DD075C08072349080D4317002B4010E7FE
:1026500063461D1AAC4592410126029B52421C1B47
:102660008846A41A0E40C6E56346C518029B8542FB
:1026700080419C464042644424180127230200D430
:10268000F5E6022741E66346C51AA8428041029B4F
:102690004042E41A0127241AA8E5029D52462B0065
:1026A000203AD34019005346202B06D04022D21A9C
:1026B0002B00934062461A4393465D466B1E9D4134
:1026C0000D4315E66207C0080243E4080DE7110058
:1026D00027002039CF40202A05D040218A1A944073
:1026E000250005430395039D6A1E95413D437DE703
:1026F000002A00D144E701260E406346D908029B18
:102700005A070A43DC08F0E6002A28D06246029FF6
:10271000C0083A4300D1DCE6620710438022E40897
:102720001203144209D0FD08154206D16346012662
:102730002C00D8087B0718430E40420FC000C00889
:102740005207024301E663461D1AAC459241029BC3
:1027500052421C1B0E0088460127A41A46E5634618
:10276000D908029B5A070A43DC08EEE56346029C3F
:102770000393C7E6C008002A00D1AAE66207104307
:102780008022E40812031442D7D0029FFD081542AC
:10279000D3D163460126D8087B072C0018430E408E
:1027A000CBE70A002700203AD740202905D0402255
:1027B000521A9440250005430395039D6A1E9541D6
:1027C0002F4310E614000025002256E5029B6044CA
:1027D0009946604592414C4452420500A4184CE78A
:1027E0001A001C002A4300D0B3E6C9E68024002664
:1027F0002403AEE520210025091A17E50022002553
:102800000B4C3AE5002D00D1F6E54B46DA1B92461B
:10281000002F00D16FE6382A05DC802636043443C9
:1028200088460E00D1E688460E000125DEE6C04649
:10283000FF070000FFFF7FFFFE070000002D00D113
:1028400068E64B46D91B002F01D18A46A7E5012730
:10285000382900DDC7E5802212041443AFE5C046E5
:10286000F0B5C6461E03360BB0460D4E0C034D00A8
:102870005F0000B5240B6D0D7F0DB5420BD00849EC
:1028800000208F4204D1464616433000431E984133
:1028900080BCB846F0BD04430120002CF8D1EEE71F
:1028A000FF0700000B00020070B5164D0C0382B04C
:1028B0004900002000920193240B490DDE0FA9422C
:1028C00004DD1148814203DD104BF01802B070BDE9
:1028D0008020400320430E4C641A1F2C08DD0D4B52
:1028E0005B1AD84003005842002EEFD11800EDE7E4
:1028F000094B009A9C46030061448B40E24013431D
:10290000F1E7C046FE0300001D040000FFFFFF7F4B
:102910003304000013040000EDFBFFFF70B5002836
:1029200016D0C317C5185D40C40F280000F014F975
:10293000104B1B1A5B055B0D0A2814DC02002E00ED
:10294000153296400B22121AD5402D032D0B03E0B1
:1029500000240023002500261B052B43E407234306
:102960003000190070BD0B3885402D0300262D0B5B
:10297000F2E7C0461E04000010B5041E10D000F09F
:10298000EBF80E4B1B1A5B055B0D0A280FDC0B22C4
:102990002100121AD14015300A038440120B01E0C5
:1029A000002300221B0513432000190010BD220044
:1029B0000B38824012030024120BF3E71E040000C0
:1029C00070B542024300C40FFE201B0E591C550A6D
:1029D00008420CD0E02189008C466D07120B63443D
:1029E0001B051343E40723432800190070BD002B87
:1029F00014D1002D1BD0280000F0AEF80A281CDCF2
:102A00000B232A001B1ADA40030015339D400E4B9E
:102A100012031B1A5B05120B5B0DE1E7002D09D0B9
:102A2000130B802212031A436D07084BD8E70023CB
:102A30000022D5E70022054BD2E703002A000B3B1A
:102A40009A400025E3E7C04689030000FF07000025
:102A5000F0B54B000F035B0D3B4C450F83B07F0A75
:102A60005E1C2F4300900191CA0FC50026420BD077
:102A700036495C18FE2C13DDFF200023C0051843E7
:102A8000D207104303B0F0BD002B02D10020002379
:102A9000F4E73D43F0D08023DB03FF203B43EDE729
:102AA000002C14DD009BFF009B01581E8341690F21
:102AB0003B430B43590741D00F211940042928D02B
:102AC0000433590125D501340023E0B2D6E72100B3
:102AD0001731DBDB80211E2009043943001B1F282E
:102AE0001BDD02267642341B0E00E640340020280F
:102AF00004D017488446634499400D432B00591E67
:102B00008B412343590715D00F2100241940042974
:102B100017D19B015B0AE0B2B0E70E4C1C192B00E9
:102B2000A540C340A140681E854129430B430024B2
:102B30005907C1D19B0100205B0A9FE7DB08E0B287
:102B40009CE70433E5E7C046FE07000080FCFFFF7A
:102B5000A2FCFFFF82FCFFFF1C2101231B04984203
:102B600001D3000C10391B0A984201D3000A08391E
:102B70001B09984201D30009043902A2105C4018D5
:102B80007047C04604030202010101010000000079
:102B90000000000010B5002903D1FFF7DDFF203051
:102BA00002E00800FFF7D8FF10BDC04680B500AFB7
:102BB000BFF34F8FC046044B044ADA60BFF34F8F18
:102BC000C046C046FDE7C04600ED00E00400FA053F
:102BD00080B500AF00F012F800F08EF800F0C0F8F9
:102BE00000F02AF900F0B8F900F0CAFA00F03AFC57
:102BF00000F0CAFCC046BD4680BD000090B583B061
:102C000000AF3B1D00221A70BB1D08221A80BB1C9E
:102C100000221A80334ABB1C12881A80BB1C1B88F6
:102C2000314A934207D1314B01221A70304B0022B6
:102C30001A70FA2351E0BB1C1B881B0A9BB2DAB244
:102C40002A4B1A70294B1B78002B02D1274B0122EB
:102C50001A70BB1C1B88DAB2254B1A707B1D01222F
:102C60001A7032E07B1C00221A7024E0BB1D1B8806
:102C70001C4A9446634419007B1D1B785A1E7B1C1A
:102C80001B78DBB21C000B8898B21A4913009B001A
:102C90009B185B009B181B195B00021C5A52BB1D42
:102CA000BA1D128808321A807B1C1B78DBB20133F4
:102CB000DAB27B1C1A707B1C1B78DBB20A2BD5D9CD
:102CC0007B1D1A787B1D01321A70084B1B787A1D08
:102CD00012789A42C6D93B1D1B781800BD4603B036
:102CE00090BDC04600A80708FFFF00007C00002040
:102CF00004150020FC10002080B582B000AFFB1D41
:102D000000221A70BB1D01221A7019E0BB1D1B782E
:102D10009BB2013398B2BB1D1B78013B5A000E4B8E
:102D2000D31819000FF081FEBB1D1B78192B02D997
:102D3000FB1D0A221A70BB1D1A78BB1D01321A70C6
:102D4000064B1B78BA1D12789A42DFD9FB1D1B78FF
:102D50001800BD4602B080BDD01400207C000020C9
:102D600090B583B000AFFB1C00221A70BB1D00227F
:102D70001A803B0000221A807B1D00221A704BE053
:102D80003B1D01221A7033E0BB1D1B881C339BB214
:102D90003A00110018000FF048FE3B0018887B1D18
:102DA0001A783B1D1978C4B2214813009B009B1868
:102DB0005B00C318221C5A543B001B881B0A98B2A4
:102DC0007B1D1A783B1D1B78591EC4B2184813008E
:102DD0009B009B185B00C318221C5A54BB1D1A8809
:102DE000BB1D01321A803B1D3A1D127802321A7047
:102DF0003B1D1B78092BC7D97B1D1A780C49130082
:102E00009B009B185B00CB18093300221A707B1DB6
:102E10001A787B1D01321A70064B1B787A1D1278C6
:102E20009A42ADD9FB1C1B781800BD4603B090BD7B
:102E3000701300207C00002090B583B000AFFB1C15
:102E400000221A70BB1D00221A803B0000221A804B
:102E50007B1D00221A707B1D00221A7015E0BB1D1D
:102E60001B88CB3398B27B1D1B785A00374BD31885
:102E700019000FF0DAFDBB1D1A88BB1D01321A8044
:102E80007B1D1A787B1D01321A70314B1B787A1D1D
:102E900012789A42E3D37B1D00221A704BE03B1D4F
:102EA00001221A7033E0BB1D1B8899339BB23A0094
:102EB000110018000FF0B9FD3B0018887B1D1A782F
:102EC0003B1D1978C4B2234813009B009B185B007C
:102ED000C318221C5A543B001B881B0A98B27B1D46
:102EE0001A783B1D1B78591EC4B21A4813009B0068
:102EF0009B185B00C318221C5A54BB1D1A88BB1DAB
:102F000001321A803B1D3A1D127802321A703B1DA5
:102F10001B78092BC7D97B1D1A780E4913009B001B
:102F20009B185B00CB18093300221A707B1D1A789E
:102F30007B1D01321A707B1D1B78092BAFD9FB1C3E
:102F40001B781800BD4603B090BDC0469C140020FD
:102F50007C000020040A0020B0B588B002AF0B232B
:102F6000FB1800221A703B1D00221A80BB1C002295
:102F70001A8008243B1900221A80BB1D00221A80E7
:102F800017257B1900221A7000233B610023FB6088
:102F90003B1D1900E4200FF048FD03001A003B1907
:102FA0001A803B191B88002B03D13B1D1A887B1903
:102FB0001A703B1D1900E5200FF037FD03001A00C1
:102FC00008243B191A80BB1C1900E6200FF02DFDC8
:102FD00003001A00BB1D1A803B191B88002B0AD165
:102FE000BB1D1B88002B06D13B1D1B881B04BA1C74
:102FF00012889B183B613B1D1900E7200FF015FD5F
:1030000003001A0008243B191A80BB1C1900E82091
:103010000FF00BFD03001A00BB1D1A803B191B8823
:10302000002B0AD1BB1D1B88002B06D13B1D1B8822
:103030001B04BA1C12889B18FB603B1D1900E92079
:103040000FF0F3FC03001A0008217B181A807B188C
:103050001B88002B0BD13B1D1B881B0A9BB2DAB2CD
:10306000414B1A703B1D1B88DAB2404B1A703B1D56
:103070001900EA200FF0D9FC03001A0008217B1880
:103080001A807B181B88002B0BD13B1D1B881B0A49
:103090009BB2DAB2364B1A703B1D1B88DAB2354B45
:1030A0001A703B1D1900EB200FF0BFFC03001A0043
:1030B00008217B181A807B181B88002B0BD13B1D25
:1030C0001B881B0A9BB2DAB22B4B1A703B1D1B8864
:1030D000DAB22A4B1A70244B1B78002B11D0234BE9
:1030E0001B78002B0DD0204B1D78204B1B78FC68E3
:1030F00039691722BA18107800932B00220007F0C4
:1031000095F91B4B1B78002B11D01A4B1B78002B09
:103110000DD0174B1D78174B1B78FC6839691722A7
:10312000BA18107800932B00220007F07FF9124B99
:103130001B78002B11D0114B1B78002B0DD00E4BA0
:103140001D780E4B1B78FC6839691722BA18107865
:1031500000932B00220007F069F90B23FB181B7862
:103160001800BD4606B0B0BD2B1500202C15002060
:103170002D1500202E1500202F15002030150020C1
:10318000B0B584B000AF0F23FB1800221A700824DA
:103190003A198A235B00110018000FF046FC030067
:1031A0001A000C217B181A807B181B88002B24D155
:1031B0003B191B881A1C03231340DAB2A44B0321CA
:1031C0000A4050011A7860218A43111C021C0A43EC
:1031D0001A703B191B881B0A9BB21A1C012313404F
:1031E000DAB29B4B01210A4090001A7804218A43ED
:1031F000111C021C0A431A701FE0964B1B785B06D9
:103200009B0FDAB2924B03210A4050011A786021D9
:103210008A43111C021C0A431A708E4B1B785B07F1
:10322000DB0FDAB28A4B01210A4090001A780421A0
:103230008A43111C021C0A431A7008243A198E236F
:103240005B00110018000FF0F0FB03001A000C21C6
:103250007B181A807B181B88002B11D13B191B8807
:103260001BB29BB2DB0BDAB2794B01210A40D000D2
:103270001A7808218A43111C021C0A431A700FE0B5
:10328000744B1B781B07DB0FDAB2714B01210A402C
:10329000D0001A7808218A43111C021C0A431A70B4
:1032A00008243A191623FF33110018000FF0BDFB54
:1032B00003001A000C217B181A807B181B88002B36
:1032C00004D13B191A88644B1A8003E0634B1A88B7
:1032D000614B1A8008243A198B235B0011001800F7
:1032E0000FF0A3FB03001A000C217B181A807B1837
:1032F0001B88002B04D13B191A88574B5A8003E0D6
:10330000564B5A88544B5A8008243A191823FF33D5
:10331000110018000FF089FB03001A000C217B1824
:103320001A807B181B88002B0CD13B191B88DAB242
:10333000494B1A713B191B881B0A9BB2DAB2464BE8
:103340005A7107E0454B1A79434B1A71434B5A792E
:10335000414B5A7108243A198C235B001100180064
:103360000FF063FB03001A000C257B191A80BA1DAD
:103370001A23FF33110018000FF057FB03001A0047
:103380000A217B181A807B191B88002B0DD17B1812
:103390001B88002B09D13B191B881A00BB1D1B88F9
:1033A0001B041A432C4B9A600CE02D4B1B78002B0E
:1033B00004D0294BE12252029A6003E0274B9A681D
:1033C000254B9A6008243A198D235B0011001800E0
:1033D0000FF02BFB03001A000C217B181A807B18BE
:1033E0001B88002B0CD13B191B88DAB21A4B1A73BD
:1033F0003B191B881B0A9BB2DAB2174B5A7305E0C4
:10340000154B18225A73144B00221A7308243A19C8
:103410001C23FF33110018000FF007FB03001A00F4
:103420000C217B181A807B181B88002B05D13B19B7
:103430001B88DAB2084B9A7603E0084B9A7E064B5B
:103440009A760F23FB181B781800BD4604B0B0BD58
:1034500024150020281500200815002080000020D9
:103460002A15002080B582B000AFBB1D00221A7063
:103470003B0000221A803B1D00221A80FB1C002208
:103480001A70FB1D00221A7071E0FB1D1B783B3384
:103490009BB29B009BB23A00110018000FF0C5FAD6
:1034A00003001A003B1D1A803B1D1B88002B59D1BD
:1034B0003B001B881B0A9AB2FB1C1A70FB1C1B7872
:1034C0001B09DBB21A00FB1D1B7801339A4249D15C
:1034D000FB1C1B780F22134044D0FB1D1B785A1C89
:1034E000FB1C1B780F210B40D8B2264913005B0050
:1034F0009B18CB180133021C1A703B001988FB1D66
:103500001B785A1CC8B21F4913005B009B18CB18CC
:103510000233021C1A70FB1D1B785A1C1949130038
:103520005B009B18CB1801331A78FB1D1B78013305
:10353000DBB21900100010F019F9FB1D1B780133E4
:10354000D8B2FB1D1B785A1C0E4913005B009B1858
:10355000CB1802331B7801221340DBB20022190082
:1035600010F002FBFB1D1A78FB1D01321A70FB1DC7
:103570001B78052B89D9BB1D1B781800BD4602B0EE
:1035800080BDC046C42E002090B585B000AF0F238B
:10359000FB1800221A706F4BBB60322022F002F938
:1035A00003003B603B68002B01D1FB23CEE0BB68EE
:1035B0001B78FE2B01D0FF23C8E0FB1D00221A70F0
:1035C000B8E00F23FB1800221A7010E0BB685A1CE9
:1035D000BA6019000F203B181B783A68D3180A7894
:1035E000D2B21A703B181A783B1801321A700F24A5
:1035F0003B191B78132BE9D9FB1D1A7813009B008C
:103600009B189B00544A98183B68013314221900F8
:1036100023F0F1FD3B6814220021180023F0C3FCC5
:103620003B1900221A70BB681433BB600FE0BA6804
:103630000F203B181B783968CB1812781A70BB68BA
:103640000133BB603B183A18127801321A70BB681C
:103650001B78FE2B08D0BB681B78FF2B04D00F23F0
:10366000FB181B78312BE2D90F217B181B78013B0B
:103670003A68D3181B78002B04D07B187A1812787C
:1036800001321A700F23FB181A78FB1D1C781000EA
:1036900022F088F8030019002F4A23009B001B1911
:1036A0009B00D3180C331960FB1D1A782A491300AC
:1036B0009B009B189B00CB180C331B68002B12D16E
:1036C000FB1D1A7813009B009B189B00224A9B1835
:1036D00014220021180023F066FC3B68180022F039
:1036E0006BF80E2332E0FB1D1A781B4913009B0078
:1036F0009B189B00CB180C3318680F243B191A78C1
:103700003B68190023F077FD144B1B780133DAB2C4
:10371000124B1A703B191A783B680021180023F0ED
:1037200042FCBB681B78FE2B0AD1FB1D1A78FB1DDF
:1037300001321A70FB1D1B78042B00D841E700E012
:10374000C0463B68180022F037F800231800BD4639
:1037500005B090BD00B00708B8150020A50A0020EC
:1037600080B582B000AFFB1D00221A70BB1D012284
:103770001A7021E0BB1D1B785A1E154B5200D35AFC
:10378000002B0DD0BB1D1B789BB2013398B2BB1D23
:103790001B785A1E0E4B5200D35A19000FF066F9CF
:1037A000BB1D1B78192B02D9FB1D0A221A70BB1DE9
:1037B0001A78BB1D01321A70064B1B78BA1D12789D
:1037C0009A42D7D9FB1D1B781800BD4602B080BDB8
:1037D000D01400207C00002090B583B000AFFB1C0B
:1037E00000221A70BB1D00221A803B0000221A80A2
:1037F0007B1D00221A7047E07B1D1A7828491300B0
:103800009B009B185B005B5C002B38D03B1D0122AA
:103810001A7030E07B1D1A783B1D1B78591E20481A
:1038200013009B009B185B00C3185B5C1B0299B2E2
:103830007B1D1A783B1D1878194C13009B009B18B0
:103840005B00E3181B5C1A003B008A181A80BB1D42
:103850001B881C339AB23B001B88190010000FF024
:1038600005F9BB1D1A88BB1D01321A803B1D3A1D8C
:10387000127802321A703B1D1B78092BCAD97B1DA6
:103880001A787B1D01321A70064B1B787A1D12784C
:103890009A42B1D9FB1C1B781800BD4603B090BDFD
:1038A000701300207C000020F0B587B000AFB96035
:1038B0007A6019000F243B19021C1A700E257B191F
:1038C0000A1C1A701726BB1900221A703B191B78A4
:1038D0009BB21900E4200FF0C9F8BB681B0A9BB229
:1038E0001900E5200FF0C2F8BB689BB21900E62072
:1038F0000FF0BCF87B681B0A9BB21900E7200FF0A1
:10390000B5F87B689BB21900E8200FF0AFF87B197F
:103910001B789BB21B029AB2202310241B19DB19BF
:103920001B789BB2D3189BB21900E9200FF09EF8C8
:1039300024231B19DB191B789BB21B029AB2282384
:103940001B19DB191B789BB2D3189BB21900EA2014
:103950000FF08CF82C231B19DB191B789BB21B0270
:103960009AB230231B19DB191B789BB2D3189BB278
:103970001900EB200FF07AF8BB191B781800BD4630
:1039800007B0F0BD80B582B000AFFB1D00221A70F9
:10399000284B1A881623FF33110018000FF066F821
:1039A000244B5A888B235B00110018000FF05EF83F
:1039B000204B5B791B021AB21E4B1B7B1BB21343BD
:1039C0001BB29AB21823FF33110018000FF04EF803
:1039D000184B9B689AB28C235B00110018000FF003
:1039E00045F8144B9B681B0C9AB21A23FF33110045
:1039F00018000FF03BF80F4B5B7B1B021AB20D4B0C
:103A00001B791BB213431BB29AB28D235B001100CA
:103A100018000FF02BF8074B9B7E1A001C23FF3376
:103A2000110018000FF022F8FB1D1B781800BD468E
:103A300002B080BD0815002080B582B000AFFB1D2C
:103A400000221A701B4B34220021180023F0ABFA1D
:103A5000BB1D01221A7021E0BB1D1B785A1E154B9D
:103A60005200D35A002B0DD0BB1D1B789BB20133E3
:103A700098B2BB1D1B785A1E0E4B5200D35A190028
:103A80000EF0F4FFBB1D1B78192B02D9FB1D0A2277
:103A90001A70BB1D1A78BB1D01321A70064B1B78B9
:103AA000BA1D12789A42D7D9FB1D1B781800BD4663
:103AB00002B080BDD01400207C000020B0B58EB0D4
:103AC00002AF1423F8180A257A191823F9180823C5
:103AD000FB180093030001200FF0B0F90C23F81835
:103AE000BA1D1023F9183B1D0093030002200FF0AC
:103AF000A5F91C217B1801225A607B1800229A60CC
:103B00007B191B881A007B181A60BB691A000C000D
:103B10007B18190010001CF057FB21007B180022B5
:103B20005A607B1802229A603B1D1B881A007B1882
:103B30001A60FB681A007B18190010001CF044FB87
:103B4000BB6918007B191B88002219001CF0C5FCFA
:103B5000052011F037FAFB681A003B1D1B8819007D
:103B600010001CF09DFC031E17D1BB6918007B19C7
:103B70001B88012219001CF0B0FC052011F022FA6C
:103B8000FB681A003B1D1B88190010001CF088FC04
:103B90000300012B01D1012300E000231800BD46E2
:103BA0000CB0B0BD90B585B000AF78600F23FB18A6
:103BB00000221A701CE00F243B191A7811491300D7
:103BC0005B009B189B00CB1808331A687B681100B8
:103BD0001800FCF799FA031E04D13B191B78013336
:103BE000DBB20BE00F217B181A787B1801321A70B8
:103BF0000F23FB181B78002BDDD000231800BD46D7
:103C000005B090BD882D002080B584B000AF7860ED
:103C10000F23FB1800221A7041E0264A7B6811002E
:103C20001800FCF771FA031E01D101233DE0224A7E
:103C30007B6811001800FCF767FA031E01D102230C
:103C400033E01E4A7B6811001800FCF75DFA031E82
:103C500001D1032329E01A4A7B6811001800FCF700
:103C600053FA031E01D104231FE0164A7B6811009A
:103C70001800FCF749FA031E01D1052315E0124A8A
:103C80007B6811001800FCF73FFA031E01D10623E0
:103C90000BE00F217B181A787B1801321A700F2362
:103CA000FB181B78052BB8D900231800BD4604B0BB
:103CB00080BDC046E8D00208ECD00208F0D002086F
:103CC000F4D00208F8D00208FCD0020880B582B017
:103CD00000AF10F0B9FD10F0B3FF0EF07BFE0EF058
:103CE00031FF0EF047FB11F0D3F80EF07DFD11F01F
:103CF00009F90EF0F5FF031E03D00EF00DFFFEF7DD
:103D000055FFFFF7DBFE031E21D0374B01221A704F
:103D1000322011F057F90DF0B7F9344BE12252027D
:103D20009A60FB1D01221A700CE0304B9A68FB1D53
:103D30001B781100180011F097FDFB1D1A78FB1D70
:103D400001321A70FB1D1B78052BEED904E03220DE
:103D500011F038F90DF098F9FEF73AFF11F0EEFE88
:103D60000EF042FB224B1B78002B11D1214B01227C
:103D7000082118001CF0B1FBFA235B00180011F0B9
:103D800021F91C4B0022082118001CF0A6FB22E0A0
:103D9000184B0122082118001CF09FFBFA235B003E
:103DA000180011F00FF9134B0022082118001CF025
:103DB00094FB642011F006F90E4B01220821180033
:103DC0001CF08BFB642011F0FDF80A4B0022082147
:103DD00018001CF082FB06F01BF9074B01221A7039
:103DE000C046BD4602B080BD2A150020081500203F
:103DF0000415002000040050A30A002080B500AF85
:103E00001AF0AAF90CF02FFDFFF760FF06F024F975
:103E100016F0DCFEC046BD4680BD0000F0B587B0A0
:103E200002AF0F23FB1800221A700E23FB1800228A
:103E30001A700D23FB1800221A70BB1D00221A7085
:103E40007B1D00221A700C23FB1800221A700B2312
:103E5000FB1800221A700A23FB1800221A7009238B
:103E6000FB1800221A70BB1C00221A80D24B0122C0
:103E70001A70D24B1A78D24B1A700823FB18012201
:103E80001A7016E0CE4B1B7808217A1812789A42E5
:103E900009D07B181B78180011F006FD03000121E2
:103EA000180011F02BFD08217B181A787B180132BD
:103EB0001A700823FB181B78052BE3D9C04B1B781D
:103EC000180000F083FCBF4B02221A70322016F05B
:103ED00085FE0E23FB1801221A700923FB1801220C
:103EE0001A7041E009217B181B785A1EB64B9200CC
:103EF000D35A002B32D00E243B193A1912780132D2
:103F00001A70B24B3A1912785A70B14B3A191278AA
:103F10001A70AE4B00221A700D007B18187803231C
:103F2000009310230022002106F09EFE3B191B780F
:103F30009BB21B029BB27A191278511EA24A8900C9
:103F40008A5AD2B211007A191278013A5B1899B2E2
:103F50009D4B9200D152322016F040FE09217B1871
:103F60001A787B1801321A7009217B181B78052BEF
:103F7000B8D9984B1A88984B1A807B1801221A706E
:103F80005CE009243B191B785A1E8F4B9200D35AD0
:103F9000002B4DD03B191B78591EBB1C8A4A890047
:103FA0008A5A1A80BB1C1B881B0A9AB2BB1D1A7046
:103FB0003B191B785A1E844B9200D25A7B1D1A70F3
:103FC000BB1D1B78DB001AB27B1D1B781BB2134391
:103FD00019B23B191A7889B27F4B5200D1523B1962
:103FE0001B78013BBA1D1278013A77499B00CB1828
:103FF00002331888784B16214A43011CD1526E4B6C
:104000001B78DB001AB23B191B781BB2134319B2A1
:10401000BB1D1B785A1E7B1D18788CB26E4913008D
:104020009B009B185B009B181B185B00221C5A52BC
:1040300009217B181A787B1801321A700923FB18A2
:104040001B78052B9DD90C23FB1802221A7017E050
:104050000E23FB181B789BB21622534399B25E4A7B
:104060000C243B1918780B00112106F077FD0A206B
:1040700016F0B4FD21007B181A787B1801321A70F3
:104080000C23FA180E23FB1812781B789A42DFD9FA
:1040900079E10C23FB1802221A7066E1FB1D012254
:1040A0001A700AE0FB1D1B78013B484A0121D154DC
:1040B000FB1D1A78FB1D01321A70FB1D1B780A2BA1
:1040C000F0D9424B00229A720C243B191B780B2228
:1040D0000E21180006F0F0FC322016F07FFD3B198F
:1040E0001B7800220C21180006F0E6FC96235B00EA
:1040F000180016F073FD0B23FB1801221A7051E013
:104100000B203B181B78591EBB1C344A89008A5A65
:104110001A80BB1C1B881B0A9AB2BB1D1A70BB1CE1
:104120001B88002B38D0BB1D1B78002B34D10E21EF
:104130007B187A18127801321A70244B7A18127888
:104140005A70234B7A1812781A707B181B789BB21E
:104150001B029BB23A181278511E204A89008A5AD3
:10416000D2B211003A181278013A5B1899B21B4B7F
:104170009200D152154B01221A70144B3A18127842
:104180009A700C23FB181B7803221021180006F0EC
:1041900093FC322016F022FD0B217B181A787B1835
:1041A00001321A700B22BB181B780A2BA8D9BB1836
:1041B00001221A70A3E0C046041500202915002032
:1041C000A00A0020A20A0020000E0020D00B002030
:1041D0007C0000207A000020FC100020140E00203B
:1041E0000B243B191B785A1EE04B9200D35A002B2C
:1041F00000D17EE03B191B78591EBB1CDB4A8900AD
:104200008A5A1A80BB1C1B881B0A9AB2BB1D1A70E3
:104210003B191B785A1ED54B9200D25A7B1D1A703F
:10422000BB1D1B78012B64D00C257B191B785A1EF3
:104230003B191878CE4913009B009B185B009B1814
:104240001B185B005B5A002B18D1BB1D1B78DB00D1
:104250001AB27B1D1B781BB2134319B27B191B7852
:104260005A1E3B1918788CB2C14913009B009B1849
:104270005B009B181B185B00221C5A52BB1D1B784D
:104280005A1E7B1D1878BA4913009B009B185B00CF
:104290009B181B185B005B5A002B2AD10B243B197F
:1042A0001B78013BBA1D1278013AB0499B00CB182C
:1042B00002331888AE4B16214A43011CD1520C23FD
:1042C000FB181B78DB001AB23B191B781BB2134397
:1042D00019B2BB1D1B785A1E7B1D18788CB2A449DD
:1042E00013009B009B185B009B181B185B00221C93
:1042F0005A520B217B181A787B1801321A700B2442
:104300003B191B780A2B00D86AE7984B142200212E
:10431000180022F048FE3B1902221A7017E00E2303
:10432000FB181B789BB21622534399B2904A0B2478
:104330003B1918780B00112106F010FC642016F0D0
:104340004DFC21007B181A787B1801321A700B2360
:10435000FA180E23FB1812781B789A42DFD90C2129
:104360007B181A787B1801321A700C23FA180E2168
:104370007B1812781B789A4200D88FE60D23FB1821
:104380007A1812781A700D23FA180E23FB18127877
:104390001B789A4200D07CE6764B1A78764B1A70DE
:1043A000754B1B78180000F011FA322016F016FC3D
:1043B0000C23FB1801221A7020E00C23FB181B7839
:1043C000591EBB1C6D4A89008A5A1A80BB1C1B8867
:1043D0001B0A9AB2BB1D1A70BB1C1B88002B07D08E
:1043E000BB1D1B78002B03D10F23FB1805221A706D
:1043F0000C217B181A787B1801321A700C22BB181A
:104400001B78052BD9D9BB1802221A703DE00C236A
:10441000FB181B7800220C21180006F04DFB962398
:104420005B00180016F0DAFB0B23FB1801221A7050
:1044300020E00B23FB181B78591EBB1C4B4A89003C
:104440008A5A1A80BB1C1B881B0A9AB2BB1D1A70A1
:10445000BB1C1B88002B07D0BB1D1B78002B03D176
:104460000F23FB1805221A700B217B181A787B1872
:1044700001321A700B23FB181B780A2BD9D90C2197
:104480007B181A787B1801321A700C23FA180E2345
:10449000FB1812781B789A42B9D90F23FB181B78A6
:1044A000002B00D052E10923FB1801221A7017E0FB
:1044B000334B1B881BB209203A181278013A80212D
:1044C000090211410A0012B2D24312B213401BB2C8
:1044D0009AB22B4B1A803B181A783B1801321A708B
:1044E0000923FB181B78052BE2D90C23FB180E229D
:1044F000BA1812781A7002E10A23FB1801221A7006
:10450000B8E00C243B191B785A1E0A257B19187831
:10451000174913009B009B185B009B181B185B003E
:104520005B5A002B30D17B191B78013B154A0021C7
:10453000D15420003B181B785A1E114B5200D35AFD
:104540001BB27A191278013A8021090211410A003E
:1045500012B2D24312B2134019B23B181B785A1E42
:1045600089B2074B5200D1527EE0C046140E0020A3
:10457000FC10002029150020A00A0020000E0020B9
:10458000D0140020D00B00200C257B191B785A1E5C
:104590000A26BB191C78B91C854813009B009B1880
:1045A0005B009B181B195B001B5A0B80BB1C1B88F4
:1045B000DB089AB2BB1D1A70BB1C1B88DAB27B1DCC
:1045C00007210A401A70BB1D1B785A1E794B5200F6
:1045D000D35A19007B1D1B78013B802212021A411D
:1045E00013000B401ED1BB191B78013B724A0121FD
:1045F000D1547B191B785A1E6E4B5200D35A1AB2F3
:10460000BB191B78013B8021090219410B001BB229
:10461000134319B27B191B785A1E89B2654B52009D
:10462000D15221E00A203B181B78013B624A00214D
:10463000D1540C243B191B785A1E5E4B5200D35A9E
:104640001BB23A181278013A8021090211410A007E
:1046500012B2D24312B2134019B23B191B785A1E40
:1046600089B2544B5200D1520A217B181A787B1818
:1046700001321A700A23FB181B780A2B00D840E776
:104680000C243B191B781900012000F0BFFA200010
:104690003B181B78013B494AD35C5A1EBB1D484955
:1046A0008A5C1A707C1DBB1D1A7805003B181B78AC
:1046B0001100180000F0AAFA03002370BA1D7B193C
:1046C00012781B789A4206D07B1D1B78013B3A4A30
:1046D000D35C012B02D1384B01229A720C243B1976
:1046E0001B780B220E21180006F0E6F90A2016F0BE
:1046F00075FA21007B181A787B18013A1A700C237E
:10470000FB181B78012B00D9F6E60923FB180122C0
:104710001A7016E02B4B1B7809217A1812789A42EE
:1047200009D07B181B78180011F0BEF80300002197
:10473000180011F0E3F809217B181A787B18013270
:104740001A700923FB181B78052BE3D90F23FB18DC
:104750001B78002B25D10C23FB1802221A7019E0BC
:104760000C243B191B7800220121180006F0A4F943
:104770003B191B78013B114AD35C1A0013009B00C4
:104780009B185B00180016F029FA3B191A783B19A0
:1047900001321A700C4B1B780C22BA1812789A420C
:1047A000DED90F23FB181B781800BD4605B0F0BDFD
:1047B000FC100020D0140020D00B00203813002063
:1047C0008C1D0020A00A00207C00002080B586B04F
:1047D00002AF0200FB1D1A700E23FB1800221A7094
:1047E0000F23FB1801221A7028E00F217A18FB1DF5
:1047F00012781B789A421BD0164B1B881B0A9BB25F
:10480000DAB2154B1A70134B1B88DAB2124B5A707E
:10481000114B7A1812789A707B181878032300933A
:104820000A230022002106F01FFA052016F0D6F90F
:104830000F217B181A787B1801321A700F23FB188E
:104840001B78052BD1D90E23FB181B781800BD4609
:1048500004B080BD7A000020D00B0020F0B58DB0F0
:1048600000AF1F23F918087069460E0013211823A2
:10487000CB18D9190020087017211823CB18D91983
:104880000020087016211823CB18D91900200870B1
:1048900015201823C318D9190020087014201823D4
:1048A000C318D91900200870D549097808000138C3
:1048B00078623961002078613A697B691000400FA5
:1048C0003A617B61DD0005433B69DC003960002013
:1048D00078603C687D682300580F2B00DB00FB608C
:1048E000FB680343FB602300DB00BB600B00073366
:1048F000DB08DB006A46D31A9D466B4600333B62F9
:1049000016211823CB18DB1900221A7018E0162084
:104910001823C318DB191B783A6A0021D1541823D5
:10492000C318DB191A78B74B52000021D152182353
:10493000C318DB191A781823C318DB1901321A704F
:10494000AF4B1B78162218215218D21912789A42AE
:10495000DDD315211823CB18DB1918228A18D21998
:10496000127801321A701F23FB181B78013B3A6A38
:10497000080018240919C9190978D1541823C31833
:10498000DB1918228218D219127801321A701723F3
:1049900018229B18DB1901221A7054E01F23FB1800
:1049A0001B785A1E17241823E318DB191878964928
:1049B00013009B009B185B009B181B185B005B5A45
:1049C000002B36D01F23FB181B785A1E8D4B52002C
:1049D000D35A1AB220001823C318DB191B78013BE5
:1049E000012199400B001BB2134319B21F23FB187E
:1049F0001B785A1E89B2834B5200D1521F23FB18D9
:104A00001B785A1E1823C318DB1918787E49130027
:104A10009B009B185B009B181B185B005B5ADB0814
:104A20009BB2013B3A6A152118200918C919097867
:104A3000D15417211823CB18DB191A781823CB1857
:104A4000DB1901321A70172318229B18DB191B7807
:104A5000062BA3D9142318229B18DB1900221A70E5
:104A600015221823D318DB1918215218D2191278DD
:104A700001321A70162318229B18DB1900221A70B3
:104A8000A2E0162318229B18DB191B783A6AD35C24
:104A90001A00152318215B18DB191B78013B9A4279
:104AA00000D087E0172318229B18DB1901221A7007
:104AB00078E016241823E318DB191A781725182331
:104AC000EB18DB191878504913009B009B185B000A
:104AD0009B181B185B005B5A002B59D01823E31856
:104AE000DB191A781823EB18DB19187846491300DC
:104AF0009B009B185B009B181B185B005B5ADB0834
:104B00009BB2013B3A6AD35C002B41D120001823B1
:104B1000C318DB191A783B4B5200D35A1AB22C0037
:104B20001823E318DB191B78013B012199400B0086
:104B30001BB2134319B21823C318DB191A7889B2B0
:104B4000304B5200D1521823C318DB191A7818239E
:104B5000E318DB1918782C4913009B009B185B00A5
:104B60009B181B185B005B5ADB089BB2013B3A6A3F
:104B7000152118200918C9190978D15414221823AD
:104B8000D318DB1918215218D219127801321A7071
:104B900017211823CB18DB191A781823CB18DB1927
:104BA00001321A70172318229B18DB191B78062B69
:104BB00000D87EE716211823CB18DB191A781823A2
:104BC000CB18DB1901321A700D4B1B7816221821F5
:104BD0005218D21912789A4200D252E7142318229E
:104BE0009B18DB191B78002B00D033E71323182206
:104BF0009B18DB191B78B5461800BD460DB0F0BDFB
:104C00007C000020280E0020FC100020B0B594B0DD
:104C100000AF0200FB1D1A70BB1D0A1C1A7008238E
:104C2000FB1800221A6004332E220021180022F003
:104C3000BAF93B23FB1800221A704F23FB180022FD
:104C40001A703A23FB1800221A704E23FB18002218
:104C50001A709F4B1A220021180022F0A4F9FB1DA4
:104C60001B78013B9B4A0021D154FB1D1B78013B63
:104C7000994A0021D1540123BB6432E0FB1D1B780B
:104C80005A1E964913009B009B185B009B18BA6C38
:104C90009B185B005B5A002B20D0FB1D1B785A1E13
:104CA0008E4913009B009B185B009B18BA6C9B18E5
:104CB0005B005B5ADB089AB2BB1D1B789BB29A4221
:104CC0000CD1BB1D1B78013B824A0121D154804B82
:104CD000BA1D12781A70BB6CDBB2F5E0BB6C013305
:104CE000BB64BB6C062BC9DD01237B6411E0FB1D9B
:104CF0001B787A6C9A4209D07B6C013B754AFF2184
:104D0000D1547B6C013B744A0021D1547B6C01333C
:104D10007B64734B1B781A007B6C9342E7DD77E072
:104D200008243A196B4B1100180000F0DBF803005F
:104D30001A004F217B1801321A707A18BB1D1278A5
:104D40001B789A426DD07B181B78013B3A190121E0
:104D5000D1544323FB1801221A7054E04F243B190D
:104D60001B785A1E43257B1918785C4913009B0059
:104D70009B185B009B181B185B005B5A002B3CD0F8
:104D80003B191B785A1E7B191878544913009B0055
:104D90009B185B009B181B185B005B5ADB089AB2E0
:104DA0003A217B181A707B181B78013B0822BA182D
:104DB000D35C002B21D13B191B78013B454AD25CC7
:104DC0003B203B1801321A707B181B78013B414A8B
:104DD000D35C05003A1812789A420ED208007B186C
:104DE0001B78013B3B4A79190978D1543B181B7851
:104DF000013B394A39190978D15443217B181A7873
:104E00007B1801321A704323FB181B78062BA5D997
:104E10000823FB18180000F0A9F8031E00D17FE753
:104E200000E0C04613E04E22BB181B78BA18591C8C
:104E300011701900264B4F203A1812785A5401006D
:104E40007B181B785A1E7B1823498A5C1A704F23E3
:104E5000FB181B78013B204AD35C002BE3D10123D4
:104E6000FB632DE0FB1D1B785A1E1C4913009B00A1
:104E70009B185B009B18FA6B9B185B005B5A002B1E
:104E80001BD0FB1D1B785A1E144913009B009B1856
:104E90005B009B18FA6B9B185B005B5ADB089BB2AC
:104EA000BA1D1278013A0B498A5C013A08498A5CBA
:104EB000934202D1FB6BDBB206E0FB6B0133FB6379
:104EC000FB6B062BCEDD00231800BD4614B0B0BD31
:104ED0008C1D00203813002054130020FC100020EB
:104EE0007C00002080B584B000AF786039600F216D
:104EF0007B18FF221A700E23FB1800221A703B68E1
:104F00001B78002B03D17B187A6812781A70002363
:104F1000BB601BE0BB687A68D3181B780F217A1836
:104F200012789A420FD9BB683A68D3181B78002BC5
:104F300009D1BB687A68D2187B1812781A700E23D0
:104F4000FB18BA681A70BB680133BB60064B1B784C
:104F50001A00BB689342DDDB0E23FB181B78180098
:104F6000BD4604B080BDC0467C00002080B584B042
:104F700000AF78600F23FB1801221A700023BB607A
:104F80000CE0BB687A68D3181A780F217B1879185F
:104F900009780A401A70BB680133BB60064B1B7866
:104FA0001A00BB689342ECDB0F23FB181B78180038
:104FB000BD4604B080BDC0467C000020F0B587B07F
:104FC00002AF0200FB1D1A70854A864B11001800C3
:104FD00021F05CFF834B1800FBF7A0F803009AB2A6
:104FE0008049FB1D187801235B420093322310F0A7
:104FF000A5FB0F23FB1801221A701BE00F243B199D
:105000001A787949774B180021F040FF754B18004A
:10501000FBF784F803009AB27249FB1D187801234C
:105020005B420093322310F089FB3B191A783B193D
:1050300001321A700F23FB181B78052BDED96B4940
:10504000FB1D187801235B4200933223032210F0EA
:1050500075FB0E23FB1800221A70ABE00E243B19DF
:105060001B785A1C62495F4B180021F00FFF5D4B03
:105070001800FBF753F803009AB25A49FB1D187841
:1050800001235B420093322310F058FB3B191A783E
:10509000584B16214A43D35A1A0013005B009B1841
:1050A0005B00554A99184F4B0522180021F0AFFFBD
:1050B0004C49FB1D187801235B42009332230522E3
:1050C00010F03CFB4D49FB1D187801235B42009317
:1050D0003223012210F032FB0D23FB1801221A703B
:1050E00053E00E23FB181A780D23FB18187841495A
:1050F00013009B009B185B009B181B185B005B5AFE
:10510000002B06D13E49374B0022180021F0BEFE8D
:1051100026E00E257B191A780D26BB19187835491B
:1051200013009B009B185B009B181B185B005B5ACD
:10513000DB089BB21C007B191A78BB1918782D4923
:1051400013009B009B185B009B181B185B005B5AAD
:105150001A00072313402B492248220021F096FE13
:10516000204B1800FAF7DAFF03009AB21D49FB1D25
:10517000187801235B420093322310F0DFFA0D21EF
:105180007B181A787B1801321A700D23FB181B78D4
:10519000052BA6D91C49FB1D187801235B420093FF
:1051A0003223022210F0CAFA0E217B181A787B18DB
:1051B00001321A70154B1B780E22BA1812789A42D7
:1051C00000D24BE71249FB1D187801235B42009384
:1051D0003223012210F0B2FAC046BD4605B0F0BD40
:1051E00000D10208B009002014D102081CD1020825
:1051F00020D10208FC10002018CB02082CD1020894
:1052000030D1020834D102083CD102087C000020D1
:1052100040D1020890B587B002AF0200FB1D1A70A2
:105220003C4A3D4B1100180021F030FE3A4B18006B
:10523000FAF774FF03009AB23749FB1D187801236F
:105240005B420093322310F079FA0F23FB180122FE
:105250001A703EE00E23FB1801221A702EE00F2078
:105260003B181B785A1E2D4B5200D35A19000E249E
:105270003B191B78013B802212021A4113000B409C
:1052800016D03B181A783B191B782549224821F083
:10529000FDFD214B1800FAF741FF03009AB21E49A9
:1052A000FB1D187801235B420093322310F046FA6D
:1052B0000E217B181A787B1801321A700E23FB1806
:1052C0001B780A2BCBD90F217B181A787B18013257
:1052D0001A70144B1B780F22BA1812789A42B9D957
:1052E000114A0D4B1100180021F0D0FD0A4B180097
:1052F000FAF714FF03009AB20749FB1D187801233F
:105300005B420093322310F019FAC046BD4605B047
:1053100090BDC04644D10208B0090020D01400203E
:1053200060D102087C00002074D10208F0B589B079
:1053300002AF0200FB1D1A701223FB1800221A8014
:1053400015F0C4FD0300FB60FB6800221A70C74B18
:105350001B781A00C649C74B180021F097FDC54AB3
:10536000FB681100180021F026FEC34B1B781A00C1
:10537000C249C04B180021F089FDBE4AFB681100EC
:10538000180021F018FEBE49BA48002300930423F8
:10539000002221F07BFDB74AFB681100180021F0C4
:1053A0000AFEB84AB849B34B180021F06FFDB14A64
:1053B000FB681100180021F0FEFDB44AB449AD4B62
:1053C000180021F063FDAB4AFB681100180021F0C2
:1053D000F2FDB04AA74B1100180021F057FDA54A75
:1053E000FB681100180021F0E6FD1723FB180122CD
:1053F0001A7048E017243B191A78A7499D4B1800EA
:1054000021F044FD9B4AFB681100180021F0D3FDF8
:105410003B191B78A14AD35C042B27D89A00A04BD8
:10542000D3181B689F469F4A924B1100180021F029
:105430002DFD1CE09C4A8F4B1100180021F026FD29
:1054400015E09A4A8B4B1100180021F01FFD0EE069
:10545000974A884B1100180021F018FD07E0954A83
:10546000844B1100180021F011FD00E0C046814A74
:10547000FB681100180021F09EFD17217B181A7897
:105480007B1801321A701723FB181B78052BB1D932
:10549000894A784B1100180021F0F8FC754AFB6826
:1054A0001100180021F087FD1623FB1801221A7045
:1054B00043E016217B181B785A1E804B9200D3586C
:1054C0001B68002B0DD17B181A787D49694B180099
:1054D00021F0DCFC674AFB681100180021F06BFD2D
:1054E00025E01626BB191C78BB191B785A1E734B76
:1054F0009200D3589B6A18000BF0DCFF03001D00DC
:10550000BB191B785A1E6F4B9200D35818000BF032
:10551000D1FF03006C49574800932B00220021F073
:10552000B5FC544AFB681100180021F044FD162117
:105530007B181A787B1801321A701623FB181B7817
:10554000062BB6D9FB681800FAF7E8FD03001A002D
:10555000FB689A185D4B1000190003231A0021F014
:105560004AFEFB681800FAF7D9FD03001A00FB6831
:105570009A18574B100019001D231A0021F03BFE0A
:10558000FB681800FAF7CAFD02001223FB181A8004
:105590001523FB1801221A7023E0344B1B785A1E86
:1055A0004C4B5200D35A190015203B181B78013B75
:1055B000802212021A4113000B400CD03B181A78BB
:1055C00045492C4B180021F061FC2A4AFB68110068
:1055D000180021F0F0FC15217B181A787B18013295
:1055E0001A701523FB181B78052BD6D91223FB182C
:1055F0001C88FB681800FAF791FD03009C420ED14D
:10560000FB681800FAF78AFD03001A00FB689A1875
:10561000324B1000190005231A0021F0ECFDFB6845
:105620001800FAF77BFD03001A00FB689A18274B55
:105630001000190003231A0021F0DDFDFB1D1B786B
:10564000002B0ED0FB681800FAF768FD03009AB231
:10565000F968FB1D187801235B420093322310F098
:105660006DF8C046BD4607B0F0BDC0460415002029
:1056700094D10208B0090020A00A0020B0D102088D
:10568000CCD10208ECD10208F8D1020810D20208ED
:105690001CD2020838D202084CD20208B00A0020FC
:1056A00050D3020854D202085CD2020874D2020815
:1056B00080D202089CD20208BCD20208FC2D002035
:1056C000D4D20208E81B0020F0D202083CD1020824
:1056D00020D30208D014002040D3020848D3020887
:1056E00090B585B000AF78600E23FB1800221A70C9
:1056F0000F23FB1800221A704A4A7B681100180019
:10570000FAF702FD031E03D1474B1B781BB285E05D
:10571000464A7B6811001800FAF7F6FC031E01D117
:10572000FF237BE07B681B78232B25D17B6801332B
:10573000180020F030F802000E217B181A700A00C1
:10574000BB181B78002B0AD0394B1B781100BA18F4
:1057500012789A4203D87B181B781BB25EE0324B5A
:105760001B780E22BA1812789A4203D12E4B1B785E
:105770001BB253E0662351E00F23FB1800221A707E
:105780001DE00F243B191A7813009B009B185B0047
:10579000284A9A187B6811001800FAF7B5FC031E16
:1057A00007D17B681B78002B03D03B191B781BB2F9
:1057B00034E00F217B181A787B1801321A701C4BC9
:1057C0001B780F217A1812789A42DAD37B180022BC
:1057D0001A701DE00F243B191A7813009B009B18C8
:1057E0005B00154A9A187B6811001800FAF78CFCC8
:1057F000031E07D13B191B781B021BB2FE22134369
:105800001BB20BE00F217B181A787B1801321A703B
:105810000F23FB181B78092BDCD964231800BD4625
:1058200005B090BD64D302080415002068D30208B7
:105830007C00002070130020040A0020B0B586B060
:1058400000AF02003960FB1D1A701323FB18002201
:105850001A7000237B6100237B610FE07B699A0053
:10586000404BD2183B6811001800FAF74DFC031E9C
:1058700001D1062371E07B6901337B617B69032BD6
:10588000ECDD01237B6112E07A6913009B009B1819
:105890005B00354A9A183B6811001800FAF734FC8F
:1058A000031E01D1072358E07B6901337B612F4B35
:1058B0001B781A007B699342E6DB00237B6112E0D0
:1058C0007A6913009B009B185B00294A9A183B6871
:1058D00011001800FAF718FC031E01D107233CE061
:1058E0007B6901337B617B69092BE9DD214B224A0E
:1058F0001A6019E01F4B1B681B681B68FB60FB6884
:105900001800FAF70BFC0300BB60BA68F9683B6843
:10591000180021F06BFB031E01D108231DE0154B7D
:105920001B685A68134B1A60124B1B68002BE1D19D
:10593000FB1D1A7813009B009B185B000A4A9B18FA
:105940003A681100180021F04EFC13257C19FDF770
:1059500043FF030023707B191B781800BD4606B077
:10596000B0BDC04634CC0208701300207C0000207B
:10597000040A0020341500202C02002080B588B0D5
:1059800000AF02003960FB1D1A701723FB180022BC
:105990001A700023FB610023BB610023FB6129E037
:1059A000FA6913009B009B185B005B4A9A183B68DE
:1059B00011001800FAF7A8FB031E18D1FB1D1B7875
:1059C0005A1E564B5200D35A1AB20121FB69994014
:1059D0000B001BB2134319B2FB1D1B785A1E89B270
:1059E0004E4B5200D1521723FB181B7890E0FB69F5
:1059F0000133FB61FB69092BD2DD0023BB610FE0A2
:105A0000BB699A00464BD2183B6811001800FAF7A0
:105A10007BFB031E01D106237AE0BB690133BB6126
:105A2000BB69032BECDD0123BB6112E0BA691300F3
:105A30009B009B185B003B4A9A183B6811001800BA
:105A4000FAF762FB031E01D1072361E0BB69013352
:105A5000BB61354B1B781A00BB699342E6DB334BC5
:105A6000334A1A6019E0314B1B681B681B683B61A5
:105A70003B691800FAF752FB0300FB60FA683969CA
:105A80003B68180021F0B2FA031E01D108233FE061
:105A9000264B1B685A68254B1A60244B1B68002B49
:105AA000E1D10023FB6118E01B49FA6913009B0058
:105AB0009B185B005B5C002B0CD1FA6913009B0008
:105AC0009B185B00144A9B183A681100180021F0DB
:105AD0008AFB05E0FB690133FB61FB69092BE3DD10
:105AE000FB1D1B785A1E0D4B5200D35A1AB20121CE
:105AF000FB6999400B001BB2134319B2FB1D1B78C5
:105B00005A1E89B2054B5200D1521723FB181B783D
:105B10001800BD4608B080BD040A00209C14002077
:105B200034CC0208701300207C00002038150020BF
:105B30002C02002080B586B000AFB9607A601900F1
:105B40000F23FB18021C1A700E203B180A1C1A7037
:105B50001623FB1820221A807A6880231B059A429C
:105B600000D3D4E07B68DAB2E54B1A70E44B3A1804
:105B700012785A703B181B78082B00D9BDE19A00A7
:105B8000E04BD3181B689F46BB681B78DAB2DC4B2E
:105B90009A700F23FB181B7803222021180004F0B1
:105BA0008BFFB4E1BB681B785BB2DAB2D44B9A705E
:105BB0000F23FB181B7803222021180004F07CFF20
:105BC000A5E1BB681B889BB2DAB2CD4B9A70BB686B
:105BD0001B889BB21B0A9BB2DAB2C94BDA700F2347
:105BE000FB181B7804222021180004F065FF8EE1C9
:105BF000BB681B881BB2DAB2C14B9A70BB681B88AA
:105C00001BB21B121BB2DAB2BD4BDA700F23FB18AA
:105C10001B7804222021180004F04EFF77E1BB68B6
:105C20001B68DAB2B64B9A70BB681B681B0ADAB203
:105C3000B34BDA70BB681B681B0CDAB2B04B1A713D
:105C4000BB681B681B0EDAB2AD4B5A710F23FB18F1
:105C50001B7806222021180004F02EFF57E1BB68B4
:105C60001B68DAB2A64B9A70BB681B681B12DAB2CB
:105C7000A34BDA70BB681B681B14DAB2A04B1A7115
:105C8000BB681B681B16DAB29D4B5A710F23FB18B9
:105C90001B7806222021180004F00EFF37E1BB68B4
:105CA0001B78DAB2964B9A70BB6801331B78DAB274
:105CB000934BDA70BB6802331B78DAB2904B1A71DF
:105CC000BB6803331B78DAB28D4B5A71BB6804335F
:105CD0001B78DAB28A4B9A71BB6805331B78DAB24B
:105CE000874BDA71BB6806331B78DAB2844B1A72C1
:105CF000BB6807331B78DAB2814B5A720F23FB184B
:105D00001B780A222021180004F0D6FEFFE07C4B0D
:105D100000221A707A4B0E217A1812785A707B681A
:105D20001B0EDAB2764B9A707B681B0CDAB2744B9E
:105D3000DA707B681B0ADAB2714B1A717B68DAB2CF
:105D40006F4B5A717B181B78082B00D9DEE09A0044
:105D50006D4BD3181B689F46BB681B78DAB2684B43
:105D60009A711623FB1819880F23FB181B7807223A
:105D7000180004F0A1FECAE0BB681B785BB2DAB27F
:105D80005F4B9A711623FB1819880F23FB181B7899
:105D90000722180004F090FEB9E0BB681B889BB294
:105DA000DAB2574B9A71BB681B889BB21B0A9BB235
:105DB000DAB2534BDA711623FB1819880F23FB183C
:105DC0001B780822180004F077FEA0E0BB681B884F
:105DD0001BB2DAB24A4B9A71BB681B881BB21B120A
:105DE0001BB2DAB2464BDA711623FB1819880F235F
:105DF000FB181B780822180004F05EFE87E0BB68E1
:105E00001B68DAB23E4B9A71BB681B681B0ADAB298
:105E10003B4BDA71BB681B681B0CDAB2384B1A7249
:105E2000BB681B681B0EDAB2354B5A721623FB187F
:105E300019880F23FB181B780A22180004F03CFE77
:105E400065E0BB681B68DAB22D4B9A71BB681B68B2
:105E50001B12DAB22A4BDA71BB681B681B14DAB268
:105E6000274B1A72BB681B681B16DAB2244B5A7296
:105E70001623FB1819880F23FB181B780A22180019
:105E800004F01AFE43E0BB681B78DAB21C4B9A712F
:105E9000BB6801331B78DAB2194BDA71BB68023385
:105EA0001B78DAB2164B1A72BB6803331B78DAB26E
:105EB000134B5A72BB6804331B78DAB2104B9A72D8
:105EC000BB6805331B78DAB20D4BDA72BB68063358
:105ED0001B78DAB20A4B1A73BB6807331B78DAB245
:105EE000074B5A731623FB1819880F23FB181B78CE
:105EF0000E22180004F0E0FD09E0C04607E0C046AD
:105F0000D00B00206CD3020890D30208C0463B6A35
:105F1000002B13D018F09CF903003B61C0460A4BDC
:105F20001B78002B07D018F093F902003B69D31AB5
:105F30003A6A9A42F3D8044B1B7800E00023180019
:105F4000BD4606B080BDC04625150020B0B584B062
:105F500002AF1E201FF026FC03007B607B681E2220
:105F60000021180021F01FF80C4B1B7D5A1E0C4B12
:105F70009200D258094B9B7D1D00084B5B7D1C0095
:105F8000064B1B8B07497868019300942B0020F087
:105F90007DFF7B681800BD4602B0B0BD081500202B
:105FA00000000020B4D3020890B587B004AF02000F
:105FB000FB1D1A70BB1D0A1C1A700D4B19780C4B77
:105FC0001C78BB1D1A78FB1D18780123039301234D
:105FD0005B42029301235B4201930223009323005F
:105FE00005F0B2F803001800BD4603B090BDC046EE
:105FF0000415002080B588B006AF0200FB1D1A70A2
:10600000BB1D0A1C1A700023049300230393002372
:106010000293002301930023009300230022002118
:106020000020FDF741FCFB1D1B785A1E1F4B920000
:10603000D3581B68002B14D0BB1D1B785A1E1B4B5A
:106040009200D3581B68002B0BD0FB1D1B78180047
:106050000CF066FBBB1D1B7818000CF061FB0023E5
:1060600020E0FB1D1B785A1E104B9200D3581B6872
:10607000002B06D0FB1D1B7818000CF051FB0023F1
:1060800010E0BB1D1B785A1E084B9200D3581B68AA
:10609000002B06D0BB1D1B7818000CF041FB002321
:1060A00000E068231800BD4602B080BDFC2D002032
:1060B000B0B588B002AF78600D23FB1800221A70CB
:1060C0001723FB1800221A7000233B610E23FB18D4
:1060D00000221A8001235B421900012017F0F4FA14
:1060E00014F0F4FE03003B61784B9A68E1231B0334
:1060F0009A421ED01623FB1801221A7014E0744B2A
:106100001B7816217A1812789A4207D0E1231A03D5
:106110007B181B78110018000FF0A6FB16217B18C6
:106120001A787B1801321A701623FB181B78052B7E
:10613000E5D9684B1B781C00674B1B881A001300BD
:106140005B009B185B00654A9A18614B1B78644999
:10615000644800931300220020F098FE5C4B1C78EA
:10616000614B1D68604B1B681800F9F7D7FF0300EF
:106170009AB20A23290020000FF036FB544B1C78FA
:10618000584B1800F9F7CAFF03009AB255490A2381
:1061900020000FF029FB554B1B78012B00D091E01C
:1061A000534B1A780D217B181A70514B00221A702C
:1061B0004E4B00221A70464B18780C0079180A23AF
:1061C00001220FF011FB3B191B787F2B3CD050DCD8
:1061D0000D2B05D04DDC082B36D00A2B6DD048E0B6
:1061E0003B4B1C78434B1D68424B1B681800F9F76A
:1061F00095FF03009AB20A23290020000FF0F4FA59
:106200001723FB181B785BB2002B05D13A4A3B4B96
:106210001100180020F0E7FF2D4B18783B69374A32
:10622000012100F06FF8354A334B1100180020F0BF
:10623000DAFF1723FB1800221A70304B322200219C
:10624000180020F0B0FE3DE017217B181B785BB2F0
:10625000002B34DD7B181B785BB2DBB2013BDAB27A
:106260007B181A707B181B785BB2244A0021D1542A
:1062700025E00D203B181B785A1C214BD3181B78A6
:106280001A00972313401CD017217B181B785BB290
:10629000312B16DC3B181A7808007B181B785BB290
:1062A00051B2164AD15401007B181B785BB2DBB2A5
:1062B0000133DAB27B181A7003E0C04602E0C04630
:1062C00000E0C04615F07CF865E7C04608150020E0
:1062D000A00A0020041500207A00002018CB020834
:1062E000B4D602088C1500209C000020A60A0020CD
:1062F000D9230020A0000020501600201C160020EA
:10630000A8000308F0B58DB002AFBA607B600F2320
:10631000FB18021C1A700E23FB180A1C1A70142397
:10632000FB1800221A60043305220021180020F017
:106330003AFE00233B621E23FB1800221A80BB6832
:10634000180000F09DFAC94B1B78002B22D1C849D8
:10635000BB680322180020F049FE031E1AD1BB6857
:1063600003331900012000F0C1FA031E09D0C14A0D
:106370007B681100180020F089FDBC4B00221A70C8
:1063800005E0BA4B02221A707B680D221A700023B6
:106390007B6217E2B54B1B78002B18D0B649BB685F
:1063A0000622180020F022FE031E10D1AF4B00225F
:1063B0001A70B24B1900032000F098FAB04A7B68BB
:1063C0001100180020F062FD00237B62FAE1A74B68
:1063D0001B78022B13D1BB681900022000F086FA4B
:1063E000031E06D0A34A7B681100180020F04EFD62
:1063F00002E07B680D221A7000237B62E2E1BB6839
:106400002E21180020F0E4FD03003B623B6A002BC4
:1064100000D1CEE13B6A033B9A490322180020F0E9
:10642000E5FD031E00D1C4E13B6A01331B785A1C11
:10643000954BD3181B781A000423134000D0B8E101
:106440003A6ABB68D31A1A00B96814257B19180078
:1064500020F0DDFD1E26BC197B191800FFF740F95E
:1064600003002380BB1900229B5E884A1278934266
:106470000AD13B6A0133992292007968180014F01E
:1064800097FC03007B629DE11E23FB1800229B5EAC
:10649000642B08D17E4A7B681100180020F0F6FCBE
:1064A00000237B628EE11E23FB1800229B5E662B7D
:1064B00008D1784A7B681100180020F0E7FC00231F
:1064C0007B627FE11E23FB1800229B5EFF2B48D1DD
:1064D000714B1A220021180020F065FD3B6A5C1CFC
:1064E000BB681800F9F71AFE05001426BB1918003E
:1064F000F9F714FE0300EB1A5A1E684B210018002E
:1065000020F085FD614B1D78BB681800F9F706FE89
:1065100003009CB2BB191800F9F700FE03009BB200
:10652000E31A9BB21722FF21280004F07BFA3B6A92
:106530000133992292007968180014F039FC0300A5
:106540007B627B681800F9F7E9FD03001A007B689D
:106550009A18534B100019001D231A0020F04BFE0F
:1065600030E11E22BB181B88DBB2FE2B59D1BB18B1
:1065700000229B5E1B121BB2DAB24A4B1A70464BCA
:106580001A220021180020F00EFD3B6A5C1CBB683B
:106590001800F9F7C3FD05001423FB181800F9F7DC
:1065A000BDFD0300EB1A5A1E3C4B2100180020F0E1
:1065B0002EFD364B1D783B4B1E78BB681800F9F753
:1065C000ADFD03009CB21423FB181800F9F7A6FDDB
:1065D00003009BB2E31A9BB217223100280004F09B
:1065E00021FA2A4B1B785A1E2F4B5200D35A1A00FD
:1065F0002C4B1B781A4113000122134009D03B6A2F
:106600000133992292007968180014F0D1FB03003D
:106610007B621423FB187A682449786820F036FCE2
:10662000D0E03B6A013322490622180020F0DEFC4C
:10663000031E43D11F4B1A7860218A431A701E240F
:106640003B191B88DBB200221921180004F034FA30
:10665000642014F0C3FA0D4B18783B191B88D9B28B
:10666000154B1A7800230AF029FC7FE082160020DF
:10667000E0D60208E4D6020838D7020840D702085C
:1066800044D7020888D70208A80003080415002090
:106690008CD70208B4D7020880140020D00B002049
:1066A000DCD70208831600209C140020FCD70208C7
:1066B00028D8020824150020A00A00203B6A5C1C90
:1066C000BB681800F9F72AFD05001426BB1918004D
:1066D000F9F724FD0300EB1A5A1E614B2100180044
:1066E00020F095FC1E23FB181B88DDB2BB68180048
:1066F000F9F714FD03009CB2BB191800F9F70EFD61
:1067000003009BB2E31A9BB2013B9BB21A00172114
:10671000280004F0D1F91E23FB1800229A5E51498B
:106720007B68180020F0B2FB7B681B78002B13D02D
:106730000E23FB181B78002B0ED07B681800F9F78E
:10674000EDFC03009AB279680F23FB181878012337
:10675000009332230EF0F2FF7B681800F9F7DEFC9D
:1067600002007B680021180020F01DFC3E4B1B78C6
:1067700060221340DBB2602B18D1FA239B00190072
:10678000012016F0A1FF394B1B78002B0ED0384B9F
:106790001B8801339AB2364B1A801E23FB18002245
:1067A0009B5E7A683349786820F070FB00237B6237
:1067B00008E099239A007968BB68180014F0F8FA89
:1067C00003007B627B681B78002B14D00E23FB1820
:1067D0001B78002B0FD07B681800F9F79FFC030093
:1067E0009AB279680F23FB18187801235B42009353
:1067F00032230EF0A3FF7B681800F9F78FFC02002C
:106800007B680021180020F0CEFB7B6A002B00D0B3
:1068100095E51423FB1809220021180020F0C3FB82
:10682000154B1B78002B17D10E23FB181B78002B60
:1068300012D0124B1C68114B1B681800F9F76EFC44
:1068400003009AB20F23FB18187801235B420093D0
:10685000322321000EF072FFC046BD460BB0F0BDE2
:10686000D00B002030D80208241500202515002068
:10687000B415002054D8020882160020A40000207D
:1068800080B584B000AF78600023FB6020E0FB6837
:106890007A68D2180B217B1812781A707B181B7833
:1068A0005A1C114BD3181B781A0003231340012BD9
:1068B00003D17B181B78203302E00B23FB181B78D5
:1068C000FA6879688A18DBB21370FB680133FB60E1
:1068D000FB687A68D3181B78002BD8D1C046C04615
:1068E000BD4604B080BDC046A800030890B587B07F
:1068F00000AF02003960FB1D1A7000237B6100238A
:106900003B613E4B1B785A1E13009B009B189B005B
:106910003B4A9B18FB60FB1D1B78032B05D065DCF5
:10692000012B08D0022B0CD060E0FB6801221A7406
:106930000AF0ACF95CE03B68180000F063F8030073
:1069400057E0FB68DB68002B2FD0FB68DB68180082
:10695000F9F7E4FB03003B61FB68DC683B68180067
:10696000F9F7DCFB02003B69D31802331900200061
:106970001FF066F90300BB60BB68002B01D10E233A
:1069800037E0FB68BA68DA60FB68DA683B69D318FD
:1069900013221A70FB68DA683B690133D3183A682E
:1069A0001100180020F01FFC22E03B681800F9F7E6
:1069B000B5FB0300013318001EF0F4FE03001A00BB
:1069C000FB68DA60FB68DB68002B07D1FB681422E8
:1069D0000021180020F0E7FA0E230AE0FB68DB68CC
:1069E0003A681100180020F0FEFB01E0FF2300E0F0
:1069F00000231800BD4607B090BDC046A50A002080
:106A0000B8150020B0B58AB000AF78602723FB1816
:106A100000221A7000233B620023FB610023BB614C
:106A20001723FB1800221A701623FB1800221A7075
:106A30001523FB1800221A70914B1B78042B01D9E7
:106A40000E2319E18E4B1B781A0013009B009B1834
:106A50009B008C4A9B183B613B690A22002118006D
:106A600020F0A1FA7B681B78622B00D06AE07B687B
:106A700002331B782E2B65D17B6801331B782F2BBB
:106A800060D97B6801331B78352B5BD87B68013379
:106A90001A7817243B19303A1A703B6901221A7090
:106AA0003B693A1912789A707B680333764907225A
:106AB000180020F09BFA031E18D13B690522DA70FA
:106AC00020003B181A78714913005B009B18CB1803
:106AD00002331B781A00012313402BD13B181B787B
:106AE0000122052118000DF03FF823E07B680333F5
:106AF00067490E22180020F079FA031E18D13B696D
:106B00000622DA7017203B181A78604913005B00E0
:106B10009B18CB1802331B781A000223134009D1AB
:106B20003B181B780122062118000DF01DF801E02A
:106B30006723A1E0524B1B780133DAB2504B1A7035
:106B4000002399E07968534B3122180020F05FFA56
:106B5000504B3122002199544F4A4E4B11001800DE
:106B600020F06AFA03003B624B4B1900002020F032
:106B700063FA0300FB61484B1900002020F05CFA27
:106B80000300BB613B6A002B01D1672374E016252B
:106B90007C193B6A1800FDF705F8030023702900F3
:106BA0007B181B78002B14D0FB69002B11D1BB691B
:106BB000002B0ED13B6902221A703B697A181278B9
:106BC000DA702F4B1B780133DAB22D4B1A70002389
:106BD00052E0FB69002B4ED0BB69002B4BD0152532
:106BE0007C19BB691800FCF7DDFF03002370290046
:106BF0007B181B78002B0CD03B6904221A703B6970
:106C00001622BA181278DA703B697A181278DA719B
:106C10001BE03B6903221A703B691622BA181278EE
:106C2000DA70BB6918001EF0ABFD02000B0010000B
:106C30001900FBF70DFF031CFB603B6906330C22B8
:106C4000B9180422180020F0D6FAFB691800FCF7E6
:106C5000DBFF03001A003B695A703B695B78002B2D
:106C600001D1672308E0064B1B780133DAB2044BED
:106C70001A70002300E067231800BD460AB0B0BDBB
:106C8000A50A0020B815002074D80208C42E0020E0
:106C90007CD80208841600208CD8020890B587B0F2
:106CA00000AF0200FB1D1A701723FB1800221A7098
:106CB00000233B610023FB60FB1D1A78674913002A
:106CC0009B009B189B005B5C042B00D1BCE000DDAB
:106CD000BCE0032B2BD000DDB8E0012B03D0022B4E
:106CE00000D1B5E0B2E0FB1D1A78172439195B48D2
:106CF00013009B009B189B00C31802331B780B707A
:106D0000FB1D1A78554913009B009B189B00CB185C
:106D1000033319783B191A78514813005B009B180C
:106D20001B5C994201D1012394E0002392E0FB1DFA
:106D30001A784A4913009B009B189B00CB18033319
:106D40001B781022BA18110018000AF01FFCFB1D56
:106D50001A7813009B009B189B00404A9B18991DB2
:106D60000C23FB180422180020F045FAFB1D1A78AA
:106D70003A4913009B009B189B00CB1801331B78EA
:106D8000062B00D95EE09A00364BD3181B689F464D
:106D90003B69FA68111C181CF9F79CFB031E00D113
:106DA00051E0012356E03B69FA68111C181CF9F701
:106DB000ABFB031E00D146E001234BE03B69FA68C0
:106DC000111C181CF9F78CFB031E00D13BE03B693A
:106DD0000021181CF9F77EFB031E00D033E00123CD
:106DE00038E03B69FA68111C181CF9F797FB031E81
:106DF00000D128E001232DE03B69FA68111C181C22
:106E0000F9F778FB031E00D11DE03B690021181C37
:106E1000F9F760FB031E00D015E001231AE03B697F
:106E2000FA68111C181CF9F755FB031E00D00AE084
:106E30003B690021181CF9F74DFB031E00D002E04E
:106E4000012307E0C04604E0C04602E0C04600E07F
:106E5000C04600231800BD4607B090BDB8150020FD
:106E6000C42E002090D8020880B582B000AF7B1DF0
:106E700000221A70BB1D00221A8000233B6014F010
:106E800025F803003B60BB1D00221A8043E0BB1DB8
:106E90001A88274913009B009B189B00CB181033BE
:106EA0001B78002B32D0BB1D1B88DBB21800FFF70C
:106EB000F5FE031E2AD01F4B1A7860218A43111C4D
:106EC00020220A431A7010E01B4B18783B681B4ABB
:106ED0000021FFF717FA3B681800F9F71FF90200C5
:106EE0003B680021180020F05EF8BB1D1A8810498D
:106EF00013009B009B189B00CB180C331B680F4A98
:106F00001100180000F01EF8031EDDD1BB1D1A8809
:106F1000BB1D01321A800A4B1B781A00BB1D1B884F
:106F20009342B4D37B1D1B781800BD4602B080BDD0
:106F3000B815002024150020A00A0020B816002053
:106F4000A50A002090B583B000AF78603960314B5E
:106F50001B785A1E304913009B009B189B00CB18CE
:106F60000C331B68002B01D100234FE02B4B1B6817
:106F7000002B02D1294B7A681A60284B1B681B78BA
:106F8000002B04D1254B00221A6000233EE0234B46
:106F90001B681321180020F01BF80200204B1A6018
:106FA0001F4B1B68002B1BD01C4B19681C4B1A680D
:106FB0001A4B1B68D31A1A003B68180020F027F8F8
:106FC000174B1A68154B1B68D31A1A003B689B189D
:106FD00000221A70124B1B685A1C104B1A6014E0E6
:106FE0000E4B19683B683122180020F010F83B68FE
:106FF000313300221A70094B1C683B681800F9F7FE
:107000008DF80300E218054B1A6001231800BD46F5
:1070100003B090BDA50A0020B8150020EC16002092
:10702000F016002080B500AFBFF34F8FC046044B71
:10703000044ADA60BFF34F8FC046C046FDE7C04642
:1070400000ED00E00400FA0580B500AFC046BD4683
:1070500080BD000080B500AF464B180013F080FEE5
:10706000454B180013F07CFE444B180013F078FEDB
:10707000434B180013F074FE424B180013F070FEDF
:10708000414B180013F06CFE404B180013F068FEE3
:107090003F4B180013F064FE3E4B180013F060FEE7
:1070A0003D4B180013F05CFE3C4B180013F058FEEB
:1070B0003B4B180013F054FE3A4B180013F050FEEF
:1070C000394B180013F04CFE384B180013F048FEF3
:1070D000374B180013F044FE364B180013F040FEF7
:1070E000354B180013F03CFE344B180013F038FEFB
:1070F000334B180013F034FE324B180013F030FEFF
:10710000314B180013F02CFE304B180013F028FE02
:107110002F4B180013F024FE2E4B180013F020FE06
:107120002D4B180013F01CFE2C4B180013F018FE0A
:107130002B4B180013F014FE2A4B180013F010FE0E
:10714000294B180013F00CFE284B180013F008FE12
:10715000274B180013F004FE264B22221A70254BF1
:1071600023221A700AF0DCF9FFF76EFFC046BD4615
:1071700080BDC046A4D902083CD90208D8D902086B
:10718000B8DB020808DC020840DC020890DC0208D8
:1071900000DD02083CDD02087CDD02083CDE02085E
:1071A000B8DE020810DF020860DF0208F8DF02081C
:1071B0004CE00208A4E0020824E1020860E10208B1
:1071C000B0E1020800E2020860E20208A8E2020858
:1071D000F0E2020838E3020878E30208C0E302089C
:1071E000A0E402081CE5020864E50208B4E5020810
:1071F00020E60208A40A002080B586B000AFF8603F
:10720000B9607A600B4B7B617A69FB6811001800EA
:107210001FF0E9FF7B691800F8F780FF0200FB68A8
:107220009B18180016F00CF900231800BD4606B094
:1072300080BDC04630E6020880B586B000AFF86079
:10724000B9607A600B4B7B617A69FB6811001800AA
:107250001FF0C9FF7B691800F8F760FF0200FB68A8
:107260009B18180016F092F900231800BD4606B0CE
:1072700080BDC04680E6020890B585B000AFF860DA
:10728000B9607A601D4B1B7819001D4A0B009B00EA
:107290005B185B009B5C002B09D11A4B1968174BDC
:1072A0001B781A00FB6818001FF0F0FD11E0164B68
:1072B0001968124B1B781C00104B1B781A00130026
:1072C0009B009B185B000E4A9B18F86822001FF079
:1072D000DDFD0E4B01220821180019F0FEF8C82030
:1072E00013F07CFC094B00220821180019F0F5F876
:1072F00000231800BD4605B090BDC046041500200F
:1073000070130020A8000020AC00002000040050F2
:10731000B0B588B002AFF860B9607A601523FB1889
:1073200000221A70694A7B680121180013F0D6FD0B
:107330000200674B1A60664B1B68002B2AD1654B15
:107340001968654B1B781A00FB6818001FF09EFD3A
:10735000624B1A68FB68110018001FF02CFE604B8E
:107360001C78FB681800F8F7D9FE03009AB2F96898
:1073700001235B420093322320000EF0DFF9594BCA
:10738000594A1A60594B01221A700A2013F026FC40
:10739000FFF748FE4E4B18684C4B1B681A00544BC5
:1073A00019001FF023FE031E00D07AE0514A7B68CB
:1073B0000221180013F092FD02004F4B1A604F4A51
:1073C0007B680321180013F089FD02004C4B1A6002
:1073D000494B1B681B785BB2232B0AD1464B1B68B9
:1073E000013318001EF0D7F902001723FB181A709A
:1073F00003E01523FB1868221A70414B1B681B78A9
:107400005BB2702B0AD13E4B1B68013318001EF093
:10741000C2F902001623FB181A7003E01523FB18AB
:1074200068221A702C4B1B7817257A1912789A4209
:107430001FD0344B1A7860218A431A70324B1624BD
:107440003A1912781A707B191B7801221A21180038
:1074500003F032FB642013F0C1FB1F4B1878204B64
:107460001A783B191C787B191978230009F026FD3E
:107470001BE016243B1918780023009319230022DF
:10748000002103F0F1FB642013F0A8FB124B1878E5
:10749000114B1978124B1A783B191B7809F00EFD25
:1074A00003E01523FB1868221A701523FB181B78BC
:1074B000682B06D1154B1A68FB68110018001FF0E5
:1074C00092FE00231800BD4606B0B0BD4417002050
:1074D00048170020B000002004150020680000209C
:1074E000A00A0020F03F0220EFBEADDEA20A00207D
:1074F000C4E602084C170020501700205417002043
:107500005817002024150020D00B0020B4000020C4
:10751000B0B588B002AFF860B9607A6017257B1902
:1075200000221A70324B1A68FB68110018001FF015
:107530005AFE304B1C78FB681800F8F7EFFD03008B
:107540009AB2F96801235B420093322320000EF0C7
:10755000F5F87C19FCF762FC030023707B191B789B
:10756000002B23D1244B1968244B1B781A00FB688D
:1075700018001FF08BFC1F4B1C78FB681800F8F7F5
:10758000CDFD03009AB2F96801235B4200933223D8
:1075900020000EF0D3F8174B1B781800FDF70EFDF6
:1075A000144B1B781800FDF735FE16E0144B1A68D3
:1075B000FB68110018001FF016FE0E4B1C78FB68CC
:1075C0001800F8F7ABFD03009AB2F96801235B429B
:1075D0000093322320000EF0B1F80A4AFB68110034
:1075E00018001FF053FC00231800BD4606B0B0BDC4
:1075F000B8000020A00A0020BC0000207C00002071
:10760000C0000020C8E6020880B584B000AFF86072
:10761000B9607A60FFF706FDB0B586B000AFF860DC
:10762000B9607A601723FB1800221A702D4A7B6814
:107630000121180013F052FC02002B4B1A60294B59
:107640001B68092B04DD284B1B68093300221A70C4
:10765000264B1A78244B1B6817257C19190010003B
:10766000FEF7ECF8030023707B191B78002B0AD17E
:107670001F4B19681D4B1B781A001B4B1B68F868C1
:107680001FF004FC28E01723FB181B78062B08D1F9
:10769000184B1968144B1A68FB6818001FF0F6FBAA
:1076A0001AE01723FB181B78072B08D1124B196817
:1076B0000D4B1A68FB6818001FF0E8FB0CE017235D
:1076C000FB181B78082B07D10C4B1968064B1A685E
:1076D000FB6818001FF0DAFB00231800BD4606B057
:1076E000B0BDC0465C1700206017002004150020C4
:1076F000C4000020C8000020CC000020D0000020E2
:10770000B0B594B000AFF860B9607A604F23FB1851
:1077100000221A702023FB1800221A60043323224F
:10772000002118001FF03FFC4C23FB1800221A8098
:107730004A243B1900221A8014257B1900221A6062
:1077400004330622002118001FF02DFC9C4A7B68A0
:107750000121180013F0C2FB02009A4B1A60994BEA
:107760001968974B1B681A007B1918001FF04FFC13
:107770003B1901221A804923FB1800221A701BE0D2
:107780004923FB181A7813009B009B185B008E4A54
:107790009A181423FB1811001800F8F7B5FC031E03
:1077A00004D14A23FB1800221A800AE049217B18E1
:1077B0001A787B1801321A704923FB181B78092BA1
:1077C000DED9824B02221A70FA68814B1000190030
:1077D0000A231A001FF00FFD7C4B1B785BB21900C7
:1077E0007C4A7B68180013F079FB02007A4B1A6020
:1077F0005DE0794B1968774B1B681A0020243B1910
:1078000018001FF004FC734B1B6820003A1800217D
:10781000D1544C257C193B181800FDF761FF03007B
:1078200023807B1900229B5E002B45DB7B191B8884
:10783000DBB24F257C191422BA1811001800FEF78C
:107840009DF8030023707B191B78002B36D15F4B0A
:107850001B785BB2022B0EDDFB681800F8F75EFCAC
:1078600003001A00FB689A185C4B100019000323F0
:107870001A001FF0C0FC2023FA18FB681100180042
:107880001FF099FB514B1B785BB2DBB20133DBB2CB
:107890005AB24E4B1A704D4B1B785BB219004D4AD1
:1078A0007B68180013F01AFB02004B4B1A604A4B1E
:1078B0001B68002B9DD102E0C04600E0C0464C236F
:1078C000FB1800229B5E002B08DA454B1968202329
:1078D000FA18FB6818001FF0D9FA6CE03B4B1B78D4
:1078E0005BB2022B08D13F4B19681423FA18FB68CE
:1078F00018001FF0CBFA5EE04F23FB181B78002B1B
:1079000015D14A23FB1800229B5E002B0FD0364B6B
:1079100019681423FA1820243B1918001FF0B6FA2E
:107920003A19FB68110018001FF045FB43E04F2394
:10793000FB181B78002B15D14A23FB1800229B5EF5
:10794000002B0FD1294B19681423FA1820243B1956
:1079500018001FF09BFA3A19FB68110018001FF07D
:107960002AFB28E04F23FB181B78062B08D1204B5D
:1079700019681423FA18FB6818001FF087FA1AE038
:107980004F23FB181B78072B08D11A4B19681423B7
:10799000FA18FB6818001FF079FA0CE04F23FB1867
:1079A0001B78082B07D1144B19681423FA18FB68AD
:1079B00018001FF06BFA00231800BD4614B0B0BDCC
:1079C0006417002068170020040A00206C170020AC
:1079D000CCE602087017002074170020D8E60208D1
:1079E000D4000020D8000020DC000020E0000020AF
:1079F000E4000020E8000020EC00002080B584B006
:107A000000AFF860B9607A600020FDF78FFC0023BA
:107A10001800BD4604B080BD90B589B002AFF860D3
:107A2000B9607A6017217B1800221A70334B1B78DB
:107A3000012B04D97C180DF0EDFF030023702F4BB0
:107A40001B781A002E49FB6818001FF01FFA2D4BF7
:107A50001C78FB681800F8F761FB03009AB2F9681C
:107A600001235B420093322320000DF067FE264A7B
:107A7000FB68110018001FF009FA224B1C78FB6804
:107A80001800F8F74BFB03009AB2F96801235B4238
:107A90000093322320000DF051FE1A4B1B78180082
:107AA000FDF78CFA174B1B781800FDF7B3FB172373
:107AB000FB181B78022B15D1144AFB681100180023
:107AC0001FF0E4F90F4B1C78FB681800F8F726FB51
:107AD00003009AB2F96801235B420093322320002D
:107AE0000DF02CFE0A4AFB68110018001FF0CEF9B9
:107AF00000231800BD4607B090BDC0467C000020A2
:107B0000DCE60208A00A0020F8E602080CE70208FA
:107B1000C8E60208F0B58BB002AFF860B9607A60D1
:107B20001D23FB1800221A700023BB6100237B6118
:107B30001F23FB1800221A701E243B1900221A7002
:107B40001823FA187B680121180013F0C7F9020006
:107B50003D4B1A603C4B1B68BA693C4918001FF04A
:107B600045FA031E03D13B1901221A7028E0364B57
:107B70001B68BA69364918001FF038FA031E04D191
:107B80001E23FB1802221A701AE02F4B1B68BA69D9
:107B9000304918001FF02AFA031E04D11E23FB18D7
:107BA00003221A700CE0284B1B68BA692A49180096
:107BB0001FF01CFA031E03D11E23FB1804221A70A7
:107BC0001423FA187B680221180013F087F90200C9
:107BD000224B1A60214B1B681B785BB2702B09D1BA
:107BE0001E4B1B68013318001DF0D5FD02001F233A
:107BF000FB181A701D26BC191F257B191A781E2325
:107C0000FB181B78110018000BF0B0FD0300237067
:107C1000BB191B78002B12D10B4B1B68BA699B1840
:107C200000221A700E4B1968074B1A687B191C78D2
:107C30007B191B78F868009323001FF027F90023B5
:107C40001800BD4609B0F0BD7817002050E70208C3
:107C500060E7020870E702087CE702087C17002052
:107C6000F0000020F0B587B000AFF860B9607A602E
:107C70001623FB1800221A7000233B6117243B19BE
:107C800000221A701023FA187B680121180013F0E3
:107C900025F90200164B1A60154B1B681B785BB266
:107CA000702B08D1124B1B68013318001DF073FDB7
:107CB00002003B191A701626BC1917257B191B7870
:107CC00018000BF087FE03002370BB191B78002BF4
:107CD00008D1084B19687B191A787B191B78F8684A
:107CE0001FF0D4F800231800BD4607B0F0BDC04611
:107CF00080170020F4000020F0B5C64600B592B011
:107D000004AFF860B9607A603723FB1800221A705C
:107D100000237B6200233B620023FB610023BB61E5
:107D200000237B613023FB1800221A800023FB62B2
:107D30003623FB1800221A703523FB1800221A7014
:107D40003423FB1800221A702B23FB1800221A7010
:107D50003323FB1800221A702423FA187B680121B0
:107D6000180013F0BBF80200CB4B1A60CA4B1B681B
:107D7000CA49042218001FF039F9031E00D020E27E
:107D80002023FA187B680221180013F0A7F80200DC
:107D9000C34B1A60C04B1B68181D7B6A043B1A005A
:107DA000C04B19001FF022F9031E00D0A3E0BC4B0A
:107DB0001B683A6ABC4918001FF018F9031E1CD151
:107DC000BA4B1A7860210A431A70B84B1B785B07CC
:107DD000DB0FDBB21B021AB2B44B1B785B069B0FA6
:107DE000DBB21BB213431BB29AB28A235B001100B1
:107DF00018000AF03BFE00F0FDFCA94B1B683A6A34
:107E0000AB4918001FF0F2F8031E1FD1A74B1A78D8
:107E100060218A43111C20220A431A70A34B1B784D
:107E20005B07DB0FDBB21B021AB2A04B1B785B06B1
:107E30009B0FDBB21BB213431BB29AB28A235B00C7
:107E4000110018000AF012FE00F0D4FC944B1B68DD
:107E50003A6A984918001FF0C9F8031E1FD1934BC6
:107E60001A7860218A43111C40220A431A708F4BF2
:107E70001B785B07DB0FDBB21B021AB28B4B1B7844
:107E80005B069B0FDBB21BB213431BB29AB28A2371
:107E90005B00110018000AF0E9FD00F0ABFC804B1C
:107EA0001B683A6A844918001FF0A0F8031E1CD111
:107EB0007E4B1A7860218A431A707C4B1B785B07D3
:107EC000DB0FDBB21B021AB2784B1B785B069B0FF1
:107ED000DBB21BB213431BB29AB28A235B001100C0
:107EE00018000AF0C3FD00F085FC3723FB18682258
:107EF0001A7000F07FFC684B1B68181D7B6A043BFE
:107F00001A006E4B19001FF071F8031E2BD1644B41
:107F10001B683A6A644918001FF068F8031E1CD1F8
:107F2000624B1A7804210A431A70604B1B785B0776
:107F3000DB0FDBB21B021AB25C4B1B785B069B0F9C
:107F4000DBB21BB213431BB29AB28A235B0011004F
:107F500018000AF08BFD00F04DFC3723FB18682257
:107F60001A7000F047FC4C4B1B68181D7B6A043BE1
:107F70001A00534B19001FF039F8031E2DD1484B3E
:107F80001B6818001DF001FC0300FB62FA6AE12384
:107F90001B039A421BD84B4BFA6A9A60494B9B6869
:107FA0009AB28C235B00110018000AF05FFD454B6C
:107FB0009B681B0C9AB21A23FF33110018000AF0B9
:107FC00055FD3623FB1801221A7000F013FC3723ED
:107FD000FB1868221A7000F00DFC2F4B1B68181D4F
:107FE0007B6A043B1A00384B19001EF0FFFF031E8A
:107FF00022D12B4B1B6818001DF0C7FB020030215B
:108000007B181A800A00BB181B88002B0ED02D4B42
:108010001100BA1812881A807B181A881623FF33A9
:10802000110018000AF022FD00F0E4FB3723FB18D2
:1080300068221A7000F0DEFB174B1B68181D7B6A64
:10804000043B1A00214B19001EF0D0FF031E3FD144
:10805000134B1B6818001DF098FB020030217B18A1
:108060001A800A00BB181B88002B0ED0154B11007C
:10807000BA1812885A807B181A888B235B0011006B
:1080800018000AF0F3FC00F0B5FB3723FB18682258
:108090001A7000F0AFFBC0468417002088E7020882
:1080A0008817002090E702089CE7020824150020AA
:1080B000A0E70208A8E70208ACE70208B4E7020854
:1080C000BCE7020808150020C8E70208D4E7020848
:1080D000D74B1B68181D7B6A043B1A00D54B19004F
:1080E0001EF084FF031E2ED1D34B1B6818001DF019
:1080F0004CFB020030217B181A800A00BB181B8839
:10810000002B1AD0BB181B88FF2B16D8BB181B8856
:10811000DAB2CA4B1A71C94B5B791B021AB2C74B50
:108120001B791BB213431BB29AB21823FF33110001
:1081300018000AF09BFC00F05DFB3723FB18682257
:108140001A7000F057FBBA4B1B68181D7B6A043B82
:108150001A00BB4B19001EF049FF031E2CD1B64B71
:108160001B6818001DF011FB020030217B181A80DB
:108170000A00BB181B88002B19D0BB181B88FF2BCB
:1081800015D8BB181B88DAB2AC4B5A71AB4B5B7974
:108190001B021AB2A94B1B791BB213431BB29AB232
:1081A0001823FF33110018000AF060FC22E3372384
:1081B000FB1868221A701DE33723FB1867221A7018
:1081C00018E39B4B1B689F49042218001EF00EFF0A
:1081D000031E00D0A2E02023FA187B6802211800B9
:1081E00012F07CFE0200944B1A601C23FA187B6884
:1081F0000321180012F072FE0200934B1A6018233C
:10820000FA187B680421180012F068FE02008F4BF8
:108210001A601423FA187B680521180012F05EFE1C
:1082200002008B4B1A60844B1B6818001DF0ADFADE
:1082300002003523FB181A70834B1B6818001DF0D1
:10824000A4FA02003423FB181A70804B1B68180034
:108250001DF09BFA02002B23FB181A707C4B1B6845
:10826000002B1FD07A4B1B687A49022218001EF09F
:10827000BDFE031E04D13323FB1801221A7011E046
:10828000734B1B687449022218001EF0AFFE031ED8
:1082900004D13323FB1802221A7003E03723FB18A2
:1082A00068221A703723FB181B78002B00D0A1E23C
:1082B0003523FB181B78172B09D83423FB181B78A0
:1082C0003B2B04D82B23FB181B783B2B04D93723DB
:1082D000FB1868221A708DE20CF0B2FC574B987DA7
:1082E000564B597D554B1A8B544B1D7D3723FC182B
:1082F0003323FB181B7803933523FB181B78029359
:108300003423FB181B7801932B23FB181B78009355
:108310002B000CF0CBFB030023706BE2444B1B687B
:108320004E49042218001EF061FE031E00D05DE2DB
:108330002023FA187B680221180012F0CFFD0200FA
:108340003D4B1A601C23FA187B680321180012F0B9
:10835000C5FD02003C4B1A601823FA187B68042103
:10836000180012F0BBFD0200384B1A601423FA18F3
:108370007B680521180012F0B1FD0200344B1A6031
:10838000324B1B6818001DF000FA02002B23FB186B
:108390001A702F4B1B6818001DF0F7F902003023EC
:1083A000FB181A80244B1B682D49062218001EF06A
:1083B0001DFE031E04D13523FB1801221A7079E03B
:1083C0001D4B1B682749072218001EF00FFE031ED5
:1083D00004D13523FB1802221A706BE0164B1B6880
:1083E0002149092218001EF001FE031E04D1352385
:1083F000FB1803221A705DE00F4B1B681B49082213
:1084000018001EF0F3FD031E04D13523FB180422CF
:108410001A704FE0084B1B681549062218001EF021
:10842000E5FD031E26D13523FB1805221A7041E015
:1084300084170020E4E702088817002008150020B0
:10844000F8E7020808E002088C17002090170020C7
:10845000941700200CE8020810E802085CE002080B
:1084600014E802081CE8020824E8020830E80208C0
:108470003CE80208BF4B1B68BF49082218001EF0E9
:10848000B5FD031E04D13523FB1806221A7011E036
:10849000B84B1B68B949062218001EF0A7FD031E41
:1084A00004D13523FB1807221A7003E03723FB1889
:1084B00068221A70B24B1B68B249072218001EF0DE
:1084C00095FD031E08D0AE4B1B68AF490222180071
:1084D0001EF08CFD031E04D13423FB1801221A70F8
:1084E00000E1A74B1B68A949082218001EF07EFD79
:1084F000031E08D0A24B1B68A549022218001EF0DB
:1085000075FD031E04D13423FB1802221A70E9E022
:108510009B4B1B689F49052218001EF067FD031E38
:1085200008D0974B1B689C49022218001EF05EFD84
:10853000031E04D13423FB1803221A70D2E0904B9F
:108540001B689649052218001EF050FD031E08D036
:108550008B4B1B689249022218001EF047FD031E38
:1085600004D13423FB1804221A70BBE0844B1B682F
:108570008C49032218001EF039FD031E08D0804BE1
:108580001B688949022218001EF030FD031E04D129
:108590003423FB1805221A70A4E0794B1B68834929
:1085A000042218001EF022FD031E08D0744B1B6825
:1085B0007F49022218001EF019FD031E04D1342346
:1085C000FB1806221A708DE06D4B1B687949042256
:1085D00018001EF00BFD031E08D0694B1B6876497E
:1085E000022218001EF002FD031E04D13423FB18E2
:1085F00007221A7076E0624B1B687049052218004A
:108600001EF0F4FC031E08D05D4B1B686C4902226F
:1086100018001EF0EBFC031E04D13423FB180822C3
:108620001A705FE0564B1B686649092218001EF05D
:10863000DDFC031E08D0524B1B6863490222180060
:108640001EF0D4FC031E04D13423FB1809221A7037
:1086500048E04B4B1B685D49072218001EF0C6FC22
:10866000031E08D0464B1B685949022218001EF011
:10867000BDFC031E04D13423FB180A221A7031E01A
:108680003F4B1B685349082218001EF0AFFC031E25
:1086900008D03B4B1B685049022218001EF0A6FC74
:1086A000031E04D13423FB180B221A701AE0344B3A
:1086B0001B684A49082218001EF098FC031E08D0C7
:1086C0002F4B1B684649022218001EF08FFC031E28
:1086D00004D13423FB180C221A7003E03723FB1853
:1086E00068221A703723FB181B78002B00D081E01A
:1086F0002B22BB181B78002B0FD0BB181B781F2B0D
:108700000BD830217B181A88FA23DB009A4204D355
:108710007B181B88334A934204D93723FB186822FD
:108720001A7067E00CF08CFA2F4B1B7C2E4A527C9F
:108730002D49897C2C48C07C37243C1935257D196E
:108740002D78A84630257D192D88AC462B257D191E
:108750002E7834257D192D78039002910192009393
:1087600043466246310028000CF0A0F90300237054
:1087700040E0C0468817002044E8020850E802089C
:108780008C17002058E8020860E8020864E8020834
:1087900070E8020874E802087CE8020880E8020831
:1087A00088E802088CE8020890E8020894E80208C9
:1087B0009CE80208A0E80208A8E80208ACE8020861
:1087C000B4E80208B8E80208C4E80208C8E80208E9
:1087D000D0E80208D4E80208E0E80208E4E8020869
:1087E000F0E8020834080000081500203723FB18C1
:1087F00067221A703723FB181B78002B22D1214BDC
:108800001B687A6A9B1800221A701F4B19681D4B4F
:108810001A681E4B1B68F8681EF038FB3623FB18DD
:108820001B78012B27D11A4B1A68FB68110018001E
:108830001EF0C1FB174B1A68FB68110018001EF0F0
:10884000BAFB18E03723FB181B78672B07D1124BB4
:108850001A68FB68110018001EF0C5FC0BE03723F6
:10886000FB181B78682B06D10C4B1A68FB681100AB
:1088700018001EF0B8FC00231800BD460EB080BCE6
:10888000B846F0BD84170020F800002088170020AB
:10889000FC0000200001002004010020080100204D
:1088A00080B588B000AFF860B9607A601F23FB180C
:1088B00000221A700023BB6100237B611E23FB187A
:1088C00000221A701D23FB1800221A701C23FB18AB
:1088D00000221A701823FA187B680121180012F080
:1088E000FDFA0200BB4B1A60BA4B1B68BA4904225E
:1088F00018001EF07BFB031E00D0CAE0B54B1B68BE
:10890000181DBB69043B1A00B44B19001EF06EFB26
:10891000031E31D1B24B1B7860221340DBB2602BB7
:1089200007D1B04B1968B04AFB6818001EF0AEFAC8
:1089300031E1AB4B1B7860221340DBB2202B07D117
:10894000A84B1968A94AFB6818001EF09FFA22E19B
:10895000A34B1B7860221340DBB2002B07D1A14B45
:108960001968A34AFB6818001EF090FA13E11F2350
:10897000FB1868221A700EE1964B1B68181DBB6924
:10898000043B1A009B4B19001EF030FB031E13D151
:10899000934B1B7804221340DBB2002B07D0914B82
:1089A0001968914AFB6818001EF070FAF3E01F2363
:1089B000FB1868221A70EEE0864B1B68181DBB6915
:1089C000043B1A008C4B19001EF010FB031E07D14C
:1089D0008A4B9A688A49FB6818001EF057FADAE059
:1089E0007C4B1B68181DBB69043B1A00854B1900A2
:1089F0001EF0FCFA031E08D1804B1B881A00804928
:108A0000FB6818001EF042FAC5E0724B1B68181D87
:108A1000BB69043B1A007C4B19001EF0E7FA031EE9
:108A200008D1764B5B881A007549FB6818001EF068
:108A30002DFAB0E0674B1B68181DBB69043B1A0098
:108A4000724B19001EF0D2FA031E08D16B4B1B7932
:108A50001A006B49FB6818001EF018FA9BE05D4B8A
:108A60001B68181DBB69043B1A00694B19001EF0F6
:108A7000BDFA031E08D1614B5B791A006049FB689F
:108A800018001EF003FA86E01F23FB1867221A70F5
:108A900081E0504B1B685F49052218001EF0A6FAC2
:108AA000031E00D073E01423FA187B68022118001B
:108AB00012F014FA0200584B1A601E23FB18002211
:108AC0001A701D23FB1800221A701AE0524B186806
:108AD0001D23FB181A7813009B009B185B004F4A5C
:108AE0009B181900F7F710FB031E04D11E23FB1877
:108AF00001221A700AE01D217B181A787B180132B6
:108B00001A701D23FB181B78092BDFD91E23FB18B5
:108B10001B78002B09D1424B19683F4B1A68FB6840
:108B200018001EF0B3F9002350E03E4B19683A4B91
:108B30001A68FB6818001EF0A9F91C23FB18012213
:108B40001A701CE01C217B181B785A1E364B5200F1
:108B5000D35A1A001D23FB181B781A411300012257
:108B6000134006D07B181B78FA683049F8681EF06D
:108B70008DF91C217B181A787B1801321A702C4B46
:108B80001B781C22BA1812789A42DBD903E01F2303
:108B9000FB1867221A701F23FB181B78672B07D15D
:108BA000244B1A68FB68110018001EF01CFB0CE037
:108BB0001F23FB181B78682B07D11F4B1968054B27
:108BC0001A68FB6818001EF061F900231800BD4602
:108BD00008B080BD9817002088E7020890E70208D7
:108BE000241500200C0100209CE70208F4E802088C
:108BF000ACE70208B4E70208BCE702080815002049
:108C0000F8E80208C8E70208D4E70208E4E7020827
:108C1000F8E70208A0DC02089C170020040A0020E4
:108C200010010020140100209C14002000E902081B
:108C30007C000020180100201C01002090B587B0A6
:108C400000AFF860B9607A601723FB1800221A7031
:108C500000233B611023FA187B680121180012F0F1
:108C60003DF902002A4B1A60294B1B683A692949D1
:108C700018001EF0BBF9031E11D1274B274A13CA57
:108C800013C313CA13C312681A60FAF77BFE244B8E
:108C90001A68FB68110018001EF0A5FA26E01C4BAC
:108CA0001B683A691F4918001EF0A0F9031E19D16C
:108CB00000221621FF2001F0FFFE1B4B02221A703A
:108CC000642011F08BFFFAF7B7FE08F0DBF86420A0
:108CD00011F084FF154B1A68FB68110018001EF094
:108CE00082FA03E01723FB1868221A701723FB1877
:108CF0001B78682B06D10E4B1A68FB681100180010
:108D00001EF071FA00231800BD4607B090BDC046A2
:108D1000A017002008E902080815002080000020A4
:108D20002001002010E90208A20A002024010020EE
:108D300028010020F0B589B004AFF860B9607A600E
:108D40000BF07EFF2C4B5B7B182B14D12B4B19683F
:108D5000294B9B7C1C00284B5B7C1D00264B1B7CFD
:108D60001A00254BDB89F868019300922B00220042
:108D70001EF08CF83AE0204B5B7B0C2B36D11E4B5F
:108D8000DB7C012B17D11E4B19681B4B9B7C1D00F4
:108D9000194B5B7C1E00184B1B7C1A00164BDB89A1
:108DA0001C00F868174B02930194009233002A00CC
:108DB0001EF06CF81AE0104BDB7C022B16D1104B26
:108DC00019680D4B9B7C1D000B4B5B7C1E000A4BF6
:108DD0001B7C1A00084BDB891C00F8680A4B0293C5
:108DE0000194009233002A001EF050F8002318006E
:108DF000BD4605B0F0BDC046081500202C0100207E
:108E00003001002018E902081CE9020890B585B07D
:108E100000AFF860B9607A600BF012FF074B1C6876
:108E2000FDF794F80200FB68210018001EF02EF8F0
:108E300000231800BD4605B090BDC0463401002097
:108E400090B58BB000AFF860B9607A602723FB184B
:108E500000221A7000237B6100233B611423FA185F
:108E60007B680121180012F039F803003B623B6A6D
:108E70001B785BB2702B09D13B6A013318001CF0E0
:108E80008AFC02002623FB181A7003E02723FB1834
:108E900068221A701023FA187B680221180012F059
:108EA0001DF80300FB61FB6918001CF074FC030053
:108EB000BB612723FB181B78682B07D10E4B1A6860
:108EC000FB68110018001EF08EF90FE0BA69262425
:108ED0003B191B78110018000CF0C6FC074B1968F1
:108EE0003B191B78BA69F8681DF0D0FF0023180001
:108EF000BD460BB090BDC046380100203C010020AB
:108F000090B587B000AFF860B9607A601B4B1A6803
:108F10001B49FB6818001DF0B9FF1723FB1800223E
:108F20001A7011E017243B191B789B00154A9446D0
:108F300063441B68FA681449F8681DF0A7FF3B19E1
:108F40001A783B1901321A701723FB181B78022B71
:108F5000E8D9FB681800F7F7E1F803001A00FB688E
:108F60009A180A4B1000190003231A001EF043F947
:108F700000231800BD4607B090BDC0464001002048
:108F800020E902089075FF1F24E902082CE9020875
:108F900090B587B000AFF860B9607A6016243B19CD
:108FA00000221A8015F08EF902003B191A803B1935
:108FB0001B88114A934207D1104B1968104AFB686D
:108FC00018001DF063FF07E00C4B19680D4AFB68A1
:108FD00018001DF05BFFC0460B4B1C6815F066F9CE
:108FE00003001B0BFA68F86821001DF04FFF0023F7
:108FF0001800BD4607B090BD670400004401002082
:1090000030E902083CE902084801002080B584B03C
:1090100000AFF860B9607A60074B1968074B1B68AE
:109020001B041A0CFB6818001DF030FF0023180009
:10903000BD4604B080BDC0464C010020E075FF1F56
:10904000F0B58FB004AFF860B9607A601823FB18F0
:10905000A34A13CA13C312881A80A24B1C78A24BCE
:109060001D68A14B1B681800F7F758F803009AB267
:1090700001235B4200933223290020000CF05EFBA9
:109080002723FB1801221A702623FB1800221A70CE
:1090900011E126203B181A78944913009B009B1875
:1090A0009B005B5C002B1AD0914B1C682723FB189C
:1090B0001D783B181A788D4913009B009B189B0064
:1090C000CB1810331B7819001823FA180B00DB009B
:1090D0005B1AD318F8682A0021001DF0D7FE26235A
:1090E000FB181A78814913009B009B189B005B5C5E
:1090F000012B02D0032B51D097E02623FB181A78BE
:109100007A4913009B009B189B00CB1803331B78F4
:10911000052B02D0062B20D03FE0764B1C68262082
:109120003B181A78714913009B009B189B00CB18C1
:1091300002331B781D003B181A786C4913009B0002
:109140009B189B00CB180C331B68FA68F8680093D7
:109150002B0021001DF09AFE1FE0674B1C682620A3
:109160003B181A78614913009B009B189B00CB1891
:1091700002331B781D003B181A785C4913009B00D2
:109180009B189B00CB180C331B68FA68F868009397
:109190002B0021001DF07AFEC04646E026243B1934
:1091A0001A7813009B009B189B00504A9B18991D2E
:1091B0001423FB18042218001EF01DF84F4B1D68E5
:1091C00020003B181A78494913009B009B189B000C
:1091D000CB1803331B785A1E494913005B009B18B8
:1091E0009B00CB1808331E683B181A783F491300C0
:1091F0009B009B189B00CB1801331B785A1E130051
:109200005B009B183F4A9C187B69181CF9F7D8FB38
:1092100002000B00F968F86802920393009433008F
:109220000A0029001DF032FEC04610E0364B1968D6
:10923000364BFA68F8681DF029FE344B1800F6F733
:109240006DFF0200314B002118001DF0ACFE2625F9
:109250007B191A78254913009B009B189B00CB189B
:109260000C331B68294A11001800FDF76BFE031E22
:10927000DCD1274B1A68FB68110018001DF09BFE1B
:10928000184B1C78FB681800F6F748FF03009AB2E9
:10929000F96801235B420093322320000CF04EFA60
:1092A0002722BB18BA18127801321A707B191A7863
:1092B0007B1901321A70174B1B782622BA181278C4
:1092C0009A4200D2E5E6144B1A68FB6811001800B8
:1092D0001DF089FF00231800BD460BB0F0BDC0464D
:1092E00044E90208A00A002050010020B81500201F
:1092F00054010020580100205C0100206001002082
:10930000882D0020B4D8020864010020A417002092
:1093100068010020A50A00206C01002080B588B0FB
:1093200000AFF860B9607A6000233B611F23FB182F
:1093300000221A701023FA187B680121180011F01E
:10934000CDFD0300BB61BB6918001CF01EFA0200D2
:1093500017217B181A700A00BB181B78002B05D048
:10936000184B1B78BA1812789A4203D91F23FB189E
:10937000FF221A701F23FB181B78002B16D117230E
:10938000FB181B785A1E104913009B009B189B006A
:10939000CB18103301221A7007F078FC0B4B1A68B7
:1093A000FB68110018001DF01EFF06E0084B1A684C
:1093B000FB68110018001DF016FF00231800BD46C1
:1093C00008B080BDA50A0020B81500207801002053
:1093D0007C01002080B588B000AFF860B9607A6089
:1093E00000233B611F23FB1800221A701023FA1878
:1093F0007B680121180011F071FD0300BB61BB699E
:1094000018001CF0C2F9020017217B181A700A001C
:10941000BB181B78002B05D0184B1B78BA18127894
:109420009A4203D91F23FB18FF221A701F23FB182F
:109430001B78002B16D11723FB181B785A1E1049D6
:1094400013009B009B189B00CB18103300221A704E
:1094500007F01CFC0B4B1A68FB68110018001DF08C
:10946000C2FE06E0084B1A68FB68110018001DF0E8
:10947000BAFE00231800BD4608B080BDA50A002032
:10948000B8150020800100208401002090B589B02B
:1094900000AFF860B9607A6000233B611F23FB18BE
:1094A00000221A701023FA187B680121180011F0AD
:1094B00015FD0300BB61BB6918001CF066F90200D2
:1094C00017217B181A700A00BB181B78002B05D0D7
:1094D0005F4B1B78BA1812789A4203D91F23FB18E6
:1094E000FF221A701F23FB181B78002B00D096E078
:1094F00017243B191B785A1E564913009B009B18D2
:109500009B0000225A543B191B785A1E51491300E4
:109510009B009B189B00CB18013300221A703B194B
:109520001B785A1E13009B009B189B00494A9B18EE
:1095300002330422002118001DF035FD3B191B7871
:109540005A1E444913009B009B189B00CB181033F4
:1095500000221A703B191B785A1E3E4913009B00CB
:109560009B189B00CB180C331B6818001CF024F9C7
:1095700020003B181B785A1E364913009B009B188D
:109580009B00CB180C3300221A601E23FB183A18DC
:1095900012781A7034E01E203B181A782D491300F7
:1095A0009B009B189B005B5C002B23D001007B1869
:1095B0001B785A1E13009B009B189B00254A981885
:1095C0000C007B181A7813009B009B189B00214A03
:1095D0009B18142219001DF00EFE3B191A78130077
:1095E0009B009B189B001B4A9B181422002118000B
:1095F0001DF0D9FC1E217B181A787B1801321A70D5
:10960000134B1B781E22BA1812789A42C3D3104B00
:109610001B78013BDAB20E4B1A7007F037FB1F23A1
:10962000FB181B78002B07D10B4B1A68FB68110045
:1096300018001DF0D8FD06E0084B1A68FB68110001
:1096400018001DF0D0FD00231800BD4609B090BDE4
:10965000A50A0020B8150020880100208C010020F8
:1096600090B58BB000AFF860B9607A600023BB6141
:1096700000237B612723FB1800221A701823FA1895
:109680007B680121180011F029FC03003B623B6A52
:109690001B785BB2702B09D13B6A013318001CF0B8
:1096A0007AF802002623FB181A7003E02723FB1820
:1096B00067221A701423FA187B680221180011F02F
:1096C0000DFC0300FB61FB691B785BB2702B09D1B9
:1096D000FB69013318001CF05EF802002523FB181B
:1096E0001A7003E02723FB1867221A702722BB1881
:1096F0001B78002B0DD1BC182523FB181A782623C4
:10970000FB181B7811001800FCF74EFC03002370B7
:1097100003E02723FB1867221A702723FB181B7806
:10972000002B0BD1124B19682623FB181A7825231E
:10973000FB181B78F8681DF0A9FB13E02723FB1822
:109740001B78672B07D10B4B1A68FB6811001800B8
:109750001DF049FD06E0084B1A68FB68110018006F
:109760001DF041FD00231800BD460BB090BDC04662
:1097700090010020940100209801002090B58BB04A
:1097800000AFF860B9607A600023BB6100237B61A1
:109790002723FB1800221A701823FA187B6801216E
:1097A000180011F09BFB03003B623B6A1B785BB225
:1097B000702B09D13B6A013318001BF0ECFF02004B
:1097C0002623FB181A7003E02723FB1867221A7060
:1097D0001423FA187B680221180011F07FFB0300A4
:1097E000FB61FB691B785BB2702B09D1FB6901330C
:1097F00018001BF0D0FF02002523FB181A7003E0AD
:109800002723FB1867221A702722BB181B78002B0E
:109810000DD1BC182523FB181A782623FB181B78BA
:1098200011001800FCF7E6FB0300237003E0272378
:10983000FB1867221A702723FB181B78002B0BD10B
:10984000124B19682623FB181A782523FB181B785E
:10985000F8681DF01BFB13E02723FB181B78672B10
:1098600007D10B4B1A68FB68110018001DF0BBFCF8
:1098700006E0084B1A68FB68110018001DF0B3FCE5
:1098800000231800BD460BB090BDC0469C010020CF
:10989000A0010020A4010020B0B58EB002AFF86096
:1098A000B9607A600023FB612F23FB1800221A7035
:1098B0001823FB18A54A12781A700023BB621C23D8
:1098C000FA187B680121180011F008FB03007B6285
:1098D0009F4A7B6A11001800F6F716FC031E00D0A1
:1098E000AEE0BB6A002B00D02BE12E23FB18012237
:1098F0001A709EE0974B1B782E243A1912789A42E0
:1099000000D190E01CF082F90300DAB218257B192F
:109910001A7079193B191878642300930A230122DD
:109920000BF00CFF3B191B7818000BF0BDFF030078
:109930001B685B6ADAB214217B181A707B191A78DB
:109940007B181B789A4204D12F23FB1800221A702F
:1099500003E02F23FB1806221A702F23FB181B7815
:10996000002B18D17C4B19682E23FB181A78FB6842
:1099700018001DF08BFA774B1C78FB681800F6F77F
:10998000CDFB03009AB2F968642300930A232000F8
:109990000BF0D4FE1CE02F23FB181B78062B17D1ED
:1099A0006E4B19682E23FB181A78FB6818001DF0FF
:1099B0006DFA684B1C78FB681800F6F7AFFB0300E4
:1099C0009AB2F968642300930A2320000BF0B6FED4
:1099D000634B1A68FB68110018001DF004FC5D4B16
:1099E0001C78FB681800F6F799FB03009AB2F96837
:1099F000642300930A2320000BF0A0FE02E0012064
:109A000014F030FC534B1B785A1EBB6A591C554846
:109A100013005B009B189B01C3185B5C002BEED00E
:109A2000BB6A0133BB622E217B181A787B18013286
:109A30001A702E23FB181B78052B00D85AE780E0FC
:109A40007B6A1B785BB2702B00D073E07B6A0133BA
:109A500018001BF0A0FE020023243B191A703B19CA
:109A60001B78002B37D03B191B78052B33D82F23BD
:109A7000FB181B78002B1CD11CF0C8F80300DAB2CD
:109A800018217B181A7079183B19187864230093F1
:109A9000322301220BF052FE2E23FB181B781800F4
:109AA0000BF002FF03001B685B6ADAB21423FB1899
:109AB0001A701823FB181A781423FB181B789A4283
:109AC00004D12F23FB1800221A7008E02F23FB1863
:109AD00006221A7003E02F23FB1866221A702F2328
:109AE000FB181B78002B09D11B4B19682323FB188B
:109AF0001A78FB6818001DF0C9F922E02F23FB1823
:109B00001B78662B07D1184B1A68FB6811001800E8
:109B10001DF069FB15E02F23FB181B78062B10D1D5
:109B20000E4B19682323FB181A78FB6818001DF0E8
:109B3000ADF906E00D4B1A68FB68110018001DF026
:109B400052FB00231800BD460CB0B0BD54E902081A
:109B50009CE70208A00A0020A8010020AC01002018
:109B6000B001002028180020B4010020B801002016
:109B7000B0B58CB000AFF860B9607A600023BB610B
:109B800000237B612B23FB1800221A7000233B610A
:109B90001823FA187B680121180011F09FF90300BF
:109BA0007B621423FA187B680221180011F096F9E1
:109BB00003003B627B6A1B785BB2322B04D07B6A6A
:109BC0001B785BB2332B53D17B6A18001BF0E3FD8B
:109BD00002001F23FB181A702B4A3B6A1100180061
:109BE000F6F792FA031E07D0284A3B6A11001800C4
:109BF000F6F78AFA031E33D1234A3B6A1100180094
:109C0000F6F782FA031E02D11F4BFB6209E01F4ADE
:109C10003B6A11001800F6F777FA031E01D11B4BBF
:109C2000FB621F243B191B7818000AF057F8102517
:109C30007A19F96A3B191B7818000AF09BF87A190F
:109C4000FB68110018001DF0CEFA3B69181CF8F7EC
:109C5000B7FE02000B000E49F8681DF017F90EE080
:109C60000C4B1A68FB68110018001DF0BCFA06E0E6
:109C7000094B1A68FB68110018001DF0B4FA0023A4
:109C80001800BD460CB0B0BD58E902085CE90208F6
:109C900064E90208BC010020C001002090B587B033
:109CA00000AFF860B9607A6000237B6100233B61FC
:109CB0001023FA1814243B19110018000AF004F9B3
:109CC0003A19FB68110018001DF08DFA7B69181C09
:109CD000F8F776FE02000B000449F8681DF0D6F88C
:109CE00000231800BD4607B090BDC0467CE90208BD
:109CF00090B587B000AFF860B9607A6000237B61EF
:109D000000233B611023FA1814243B19110018009A
:109D10000AF0DAF83A19FB68110018001DF063FA2E
:109D20003B69181CF8F74CFE02000B000449F86868
:109D30001DF0ACF800231800BD4607B090BDC0462A
:109D4000A0E9020880B58CB000AFF860B9607A6015
:109D50000023BB6100237B612B23FB1800221A70B8
:109D600000233B611823FA187B680121180011F0C9
:109D7000B5F803007B621423FA187B6802211800EF
:109D800011F0ACF803003B627B6A1B785BB2322BAC
:109D900004D07B6A1B785BB2332B40D17B6A1800FE
:109DA0001BF0F9FC02001F23FB181A70224A3B6AC1
:109DB00011001800F6F7A8F9031E07D01F4A3B6AE6
:109DC00011001800F6F7A0F9031E14D11A4A3B6AD5
:109DD00011001800F6F798F9031E02D1164BFB622A
:109DE00009E0164A3B6A11001800F6F78DF9031EC8
:109DF00001D1124BFB621023FA18F96A1F23FB18DA
:109E00001B7818000AF04EF93B69181CF8F7D8FDCA
:109E100002000B000A49F8681DF038F806E0094B0B
:109E20001A68FB68110018001DF0DDF90023180006
:109E3000BD460CB080BDC04658E902085CE9020886
:109E4000CCE90208C4010020B0B586B000AFF860CC
:109E5000B960BB1D1A8017257C19FB68180007F034
:109E600029FB030023707B191B78204AD35C002B4D
:109E70000BD07B191B781D4AD35C012B05D07B19B5
:109E80001B781A4AD35C032B22D117243B191B7869
:109E9000180008F01BFC20003B181B785A1E144BBE
:109EA0009200B968D1503B181B78104A0221D15456
:109EB0003B181B785A1E0F4B92000021D150BB1D3E
:109EC0001A88B968FB68180008F03CFB002309E019
:109ED0001723FB181B78054AD35C022B01D11723EB
:109EE00000E017231800BD4606B0B0BDB00A002040
:109EF000E81B0020FC1B002080B584B000AF0200EE
:109F0000FB1D1A70FB1D1B783B4AD35C022B09D04A
:109F1000FB1D1B785A1E394B9200D358180015F0C0
:109F200029FE64E0FB1D1B785A1E344B9200D35867
:109F3000180015F01FFEFB1D1B785A1E304B9200B7
:109F4000D358002B09D0FB1D1B78013B2D4A9900EB
:109F50008A58511C2B4A9B009950FB1D1B785A1E96
:109F6000284B9200D258FB1D1B78591E244B8900A8
:109F7000CB589A4208D2FB1D1B785A1E224B520026
:109F8000D35ADBB20D2B32D1FB1D1B785A1E1E4B50
:109F90005200D35A1B0A9AB20F217B181A70FB1D6C
:109FA0001B785A1E184B5200D25A0E23FB181A70F7
:109FB0007B181B78002B03D07B181B78012B08D152
:109FC000FB1D1B78180008F0ABFB104B01221A7028
:109FD0000DE0FB1D1B78180008F0A2FB0E23FB18F8
:109FE0001B78180008F09CFB084B01221A70C04631
:109FF000BD4604B080BDC046B00A0020FC2D002044
:10A00000101C0020FC1B0020681D0020C80100203F
:10A0100080B500AF0B4B1B6808221A620A4B1B6805
:10A0200008221A62094B1B6808221A62084B1B6837
:10A0300008221A62074B1B6808221A62C046BD46F6
:10A0400080BDC046782600200C270020A0270020D5
:10A0500034280020C828002080B58CB002AFFA2335
:10A060009A00694969486A4B0193032300930023CE
:10A0700012F0F7F8FA239A0066496748674B019394
:10A0800005230093002312F0ECF8FA239A006449A8
:10A090006448654B019303230093002312F0E1F819
:10A0A000FCF7D8FFFA239A0060496148614B01939D
:10A0B00003230093002312F0D4F8FA239A005E4998
:10A0C0005E485F4B019304230093012312F0C9F80B
:10A0D000FA239A005B4959485B4B01930423009390
:10A0E000022312F0BEF8FA239A0058495348584BFD
:10A0F000019304230093032312F0B3F8FA239A0088
:10A1000054494E48544B019304230093042312F006
:10A11000A8F8FA239A0051494848514B0193042367
:10A120000093052312F09DF800237B622423FB1883
:10A130000121180010F066FD02004A4B5A6000230E
:10A140003B622023FB180121180010F05BFD020088
:10A15000454B5A600023FB611C23FB1801211800AA
:10A1600010F050FD02003F4B9A600023BB611823A2
:10A17000FB180121180010F045FD02003A4B9A60CF
:10A1800000237B611423FB180121180010F03AFD15
:10A190000200344BDA6000233B611023FB180121DD
:10A1A000180010F02FFD02002F4BDA600023FB6037
:10A1B0000C23FB180121180010F024FD0200294B8C
:10A1C0001A610023BB600823FB180121180010F05E
:10A1D00019FD0200244B1A6100237B603B1D012105
:10A1E000180010F00FFD02001E4B5A6100233B6067
:10A1F0003B000121180010F005FD02001A4B5A61C6
:10A20000C046BD460AB080BD80F302086DA20008BA
:10A21000981C00208CF3020881B40008A01C0020C8
:10A2200098F30208CB5602089C1C0020A4F30208F5
:10A23000B1600008A41C0020ACF3020839C000087B
:10A24000841C0020B8F30208881C0020C4F3020814
:10A250008C1C0020D0F30208901C0020DCF30208C4
:10A26000941C0020A81C0020C41C002080B582B0D3
:10A2700000AF7860364B1B78032B2BD03DDC012BD5
:10A2800002D0022B13D038E0324B012208211800F3
:10A2900016F023F9502010F0A1FC2E4B00220821CB
:10A2A000180016F01AF92A4B00221A7026E0294BE2
:10A2B00001220821180016F010F9642010F08EFC1D
:10A2C000244B00220821180016F007F9204B002229
:10A2D0001A7013E01F4B01220821180016F0FDF838
:10A2E0001E2010F07BFC1B4B00220821180016F0EA
:10A2F000F4F8174B00221A7000E0C04608F076FF11
:10A30000FCF7B2FD144B1B78002B13D006F0ABFA10
:10A31000114B00221A700F4B01220821180016F071
:10A32000DCF8C82013F09EFF0A4B00220821180019
:10A3300016F0D3F8094B1B7801225340DBB2002BF7
:10A3400002D0074B00221A7011F03AF892E7C0468B
:10A35000A20A0020000400507C1C0020892E00204E
:10A36000882E002080B500AF064B1B6806491800F8
:10A37000F5F7F0FE03001A00044B1A60C046BD4614
:10A3800080BDC0460802002010270000801C00206D
:10A3900080B588B000AF0023FB610023BB610023C0
:10A3A0007B611E4B1B68FA2291001800F5F7D2FE64
:10A3B0000300013B3B611A4BFB601A4BBB608023DF
:10A3C000DB047B60FB681B683A69D31AFB6112F0FF
:10A3D00081FA0300BB61BB681B687A68134007D031
:10A3E000BB690133BB61FB681B683A69D31AFB6127
:10A3F000BA6913009B009B185B007B610A4B1B68CA
:10A400001900F869F5F7A6FE03001A007B699B188E
:10A410007B617B691800BD4608B080BD0802002042
:10A4200018E000E004ED00E0801C0020F0B589B0E9
:10A4300002AFB9607A6019000F23FB18021C1A7072
:10A440000E203B180A1C1A7000237B6101007B1848
:10A450001A78282308201B18DB191B789A4207D189
:10A460007B181B781A00DD4B022199546723B0E159
:10A470000E23FB181B78002B06D0282308229B18DC
:10A48000DB191B78002B01D16723A2E10F23FB18F6
:10A490001B78002B5BD128250826AB19DB191B780C
:10A4A0000D2B18D10E23FB181B7818000BF0FCF9AC
:10A4B0000400AB19DB191B7818000BF0F5F901004B
:10A4C000BB689BB21A002000FFF7BEFC0300172BED
:10A4D0001BD117237DE10E23FB181B7818000BF00E
:10A4E000E3F90400282308229B18DB191B781800C5
:10A4F0000BF0DAF90300012219002000FFF7A4FC99
:10A500000300172B01D1172363E17A6813005B0165
:10A510009B1A9B009B18DB001A00FA23990010007D
:10A52000F5F718FE030019000E243A19AC48AD4B9C
:10A5300000931300002213F011FB03007B613B1911
:10A540001B785A1EA84B9200B968D150C1E00F2366
:10A55000FB181B78012B3DD1282308229B18DB19FF
:10A560001B7818000BF0A0F904000E23FB181B78D1
:10A5700018000BF099F90300012219002000FFF7E1
:10A5800063FC0300172B01D1172322E17A68130023
:10A590005B019B1A9B009B18DB001A00FA239900B1
:10A5A0001000F5F7D7FD03001900282408256319CA
:10A5B000DB198B488B4A0092002213F0CFFA03007C
:10A5C0007B616319DB191B785A1E874B9200B968AF
:10A5D000D1507EE00F23FB181B78022B77D10E237E
:10A5E000FB181B7818000BF05FF9040028230822E1
:10A5F0009B18DB191B7818000BF056F90300012299
:10A6000019002000FFF720FC0300172B01D11723AE
:10A61000DFE07A6813005B019B1A9B009B18DB004C
:10A620001A00FA2399001000F5F794FD03001900B1
:10A630000E257A196A486B4B00931300002213F021
:10A640008DFA03007B617B191B785A1E664B9200C2
:10A65000B968D150282308229B18DB191B781800F1
:10A660000BF022F904007B191B7818000BF01CF981
:10A670000300012219002000FFF7E6FB0300172B5F
:10A6800001D11723A5E07A6813005B019B1A9B0098
:10A690009B18DB001A00FA2399001000F5F75AFD09
:10A6A00003001900282408256319DB194C484D4A7A
:10A6B0000092002213F052FA03007B616319DB1948
:10A6C0001B785A1E484B9200B968D15001E06723AD
:10A6D0007FE00F22BB181B78002B14D1BB181B780E
:10A6E0009BB21B0299B2282308229B18DB191B7806
:10A6F00018000E23FB181B785A1E0B1899B23B4BFF
:10A700005200D15244E00F22BB181B78012B14D108
:10A71000BB181B789BB21B0299B20E23FB181B7847
:10A720001800282308229B18DB191B785A1E0B18C7
:10A7300099B22E4B5200D1522AE00F243B191B78BC
:10A74000022B25D13B191B789BB21B0299B22825FD
:10A750000823EA18D3191B7818000E26BB191B789A
:10A760005A1E0B1899B2214B5200D1523B191B783B
:10A770009BB21B0299B2BB191B7818000823EB1877
:10A78000DB191B785A1E0B1899B2184B5200D15284
:10A790000F23FB181B781A04282308215B18DB19E8
:10A7A0001B781B02D3180E22BA1812789B181A00B5
:10A7B0000F4B1A607B69002B0AD012F07DF8020063
:10A7C000786901235B4200930023012113F016FAFC
:10A7D00000231800BD4607B0F0BDC046B00A0020F7
:10A7E000F0F30208F5A70008101C0020681D0020E7
:10A7F000741D002090B585B000AF78600F203B1825
:10A8000000221A700E243B1900221A700D217B18A9
:10A8100000221A701E4B1B681A0C7B181A701C4BF6
:10A820001B681A0A3B191A70194B1A683B181A70E0
:10A830007B181B78022B16D025DC002B02D0012BB5
:10A8400007D020E00F23FB181B78180007F068FFE3
:10A850001AE00E23FB181B78180007F061FF0D4B60
:10A8600001221A7010E00F23FB181B78180007F064
:10A8700057FF0E23FB181B78180007F051FF054BFC
:10A8800001221A7000E0C046C046BD4605B090BD2A
:10A89000741D0020C8010020F0B587B002AF02008F
:10A8A000FB1D1A700F23FB1800221A700E243B198F
:10A8B00000221A700D257B1900221A70164B0022F7
:10A8C0001A70FB1D1B785A1E791914481300DB00FF
:10A8D0009B1ADB001B5C0B70114B1A7826003C198D
:10A8E0007B191B7819001000FAF790F90300237008
:10A8F000FB1D1B789BB27A191178BA191078009356
:10A9000000230A00002100F0AFF90F23FB181B7889
:10A910001800BD4605B0F0BD020A0020B80A0020AC
:10A920000415002080B586B002AF0200FB1D1A702E
:10A93000BB1D0A1C1A700F23FB1800221A70134B40
:10A9400000221A70124BFA1D12781A70FB1D1B7828
:10A95000FF2B0AD1BB1D1B789BB200930023FF2263
:10A960000021002000F080F909E0BB1D1B789BB29C
:10A9700000930023FE220021002000F075F90F2330
:10A98000FB181B781800BD4604B080BD020A0020E9
:10A990007800002080B582B000AF0200FB1D1A7065
:10A9A000FB1D1B78052B2CD89A00184BD3181B685D
:10A9B0009F46174B186800230222002112F0C6FEA2
:10A9C00020E0144B186800230222002112F0BEFE82
:10A9D00018E0114B186800230222002112F0B6FE85
:10A9E00010E00E4B186800230222002112F0AEFE88
:10A9F00008E00B4B186800230222002112F0A6FE8B
:10AA000000E0C046C046BD4602B080BDFCF302086F
:10AA1000841C0020881C00208C1C0020901C00201E
:10AA2000941C0020B0B584B002AF05000C001000EB
:10AA30001900FB1D2A1C1A70BB1D221C1A703B1D1D
:10AA4000021C1A80BB1C0A1C1A80184B01221A70A7
:10AA5000174BBA1D12781A70BB1D1B78FF2B0CD137
:10AA60003B1D1A88FB1D1978BB1C1B880093130023
:10AA7000FF22002000F0F8F80BE03B1D1A88FB1DB8
:10AA80001978BB1C1B8800931300FE22002000F0E5
:10AA9000EBF8BB1C1A88074B002118001CF083FA46
:10AAA00000231800BD4602B0B0BDC046020A002017
:10AAB00078000020D00B0020B0B586B002AF0400B3
:10AAC00008001100FB1D221C1A703B1D021C1A807D
:10AAD000BB1C0A1C1A800F23FB1800221A700E25BB
:10AAE0007B1900221A70FB1D1B78FF2B20D0194BFD
:10AAF0001A787C19FB1D1B7819001000FAF786F8EC
:10AB000003002370134B19783B1D1C88FB1D1A781A
:10AB10007B191878BB1C1B880093230000F0A4F855
:10AB2000BB1C1A880C4B002118001CF03CFA09E0F1
:10AB3000084B1878BB1C19883B1D1A880B00FF2195
:10AB4000FFF770FF0F23FB181B781800BD4604B0F9
:10AB5000B0BDC04604150020D00B0020F0B587B072
:10AB600000AF04000800BA6019000F257B19221CF1
:10AB70001A700C23FB18021C1A80BB1D0A1C1A80B9
:10AB80001623FB18BA1D12881A801423FB18002202
:10AB90001A801223FB1800221A8011217B18002230
:10ABA0001A701023FB1800221A702C4B1A787C188C
:10ABB0007B191B7819001000FAF728F8030023709E
:10ABC00041E01223FA181623FB181B8899B22E298C
:10ABD00000D92E23138014243B191B88BA68D1187E
:10ABE00012257B191A881E4B18001CF004FB162630
:10ABF000BB19B91928003A18098812888A1A1A80CC
:10AC00003B1939193A18098812888A181A80BB1911
:10AC10001B88002B06D0134B1A78802149420A4327
:10AC20001A7004E00F4B1A787F210A401A70122321
:10AC3000FB181A880C23FB1819880F23FB181B78A4
:10AC40001800FFF739FF1623FB181B88002BB8D11B
:10AC500000231800BD4607B0F0BDC0460415002013
:10AC6000D00B002024150020B0B586B000AF050041
:10AC70000C0010001900FB1D2A1C1A70BB1D221CA1
:10AC80001A707B1D021C1A70BB1C0A1C1A80102330
:10AC9000FB1800221A700F23FB1800221A700E23D3
:10ACA000FB1800221A701723FB1800221A701623B3
:10ACB000FB1800221A701523FB1800221A70FB1DC6
:10ACC0001B78002B03D17B1D1B78002B17D0FB1D9D
:10ACD0001B78002B07D17B1D1B78FF2B03D07B1D1E
:10ACE0001B78FE2B0BD1FB1D1B78002B09D0BB1D45
:10ACF0001B78002B05D07B1D1B78002B01D167230F
:10AD000014E2002011F06AFC0300BB600521002062
:10AD100011F07EFCCA4B48221A70C94B5A225A7055
:10AD2000FB1D1B78002B0BD1BB1D1B78002B07D103
:10AD30007B1D1B78FF2B07D07B1D1B78FE2B03D0C0
:10AD4000BB1C1B88002B18D128203B181B885A1EBF
:10AD500016243B19BB498A5C1A703B181B885A1E83
:10AD60001300DB009B1ADB00B74A99183B191A78CD
:10AD7000B64B18001CF03FFA29E1BB1D1B78002BD5
:10AD800003D1BB1DB24A12781A70B24B1B78012254
:10AD90001340DBB2002B05D01722BB18BA1812786B
:10ADA00001321A70BB1C1B88FF2B04D9A94B1A78DF
:10ADB00002210A431A70A24B1622BA1812789A700E
:10ADC0009F4B7A1D1278DA709D4BBA1D12781A715A
:10ADD000A04B1A789A4B5A7117203B181B780633F0
:10ADE000BA1C1288D1B2964AD1549A4B1B780222CF
:10ADF0001340DBB2002B0ED03B183A181278013208
:10AE00001A70BB1C1B881B0A9AB23B181B780633AE
:10AE1000D1B28B4AD15428243B191B882E2B1AD827
:10AE200017257B191B78DA1D854BD0188A4B1B8898
:10AE30001A008A4BD1183B191B881A001CF0DBF949
:10AE40003B191B88DAB27B191B78D318DAB21623A8
:10AE5000FB1804321A70824B1B78002B00D1B6E02D
:10AE6000804B1B78FF2B52D01223FB1801221A8033
:10AE700035E012203B181B885A1E7B4B5200D35AD8
:10AE80001A00784B1B781A4113000122134020D07E
:10AE900015217B187A18127801321A7028243B1970
:10AEA0001A887B181B78D3182C2B10DC1723FB185F
:10AEB0001B78DA1D3B191B88D2187B181B78D31816
:10AEC000013B3A181288D1B25D4AD15401E069239E
:10AED0002CE112217B181A887B1801321A80634BEF
:10AEE0001B781A001223FB181B889342C1D9172321
:10AEF000FB181B78DA1D2823FB181B88D218152194
:10AF00007B181B78D3184E4A79180978D154554BC1
:10AF10001B78FF2B16D128217B181B882C2B11D8CE
:10AF2000534B1B780133DAB2514B1A701723FB18BD
:10AF30001B78DA1D7B181B88D3184D4A1178404ABC
:10AF4000D1542EE0474B1B78FF2B01D16923EDE054
:10AF5000444B1B78FF2B1ED028217B181A88152004
:10AF60003B181B78D3182B2B15DC414B1B78013376
:10AF7000DAB23F4B1A701723FB181B78DA1D7B18C7
:10AF80001B88D2183B181B78D3180133384A117824
:10AF90002B4AD15405E0334B1B78FF2B01D069239A
:10AFA000C4E0304B1B78FF2B06D11622BB18BA1811
:10AFB000127801321A700AE01523FA1816217B184C
:10AFC00012781B78D318DAB27B1802321A701C4B35
:10AFD00016257A1912789A707B191B7803331A0098
:10AFE0001749244B18001CF006F97B191B789BB2FB
:10AFF00003339AB27B191B78DC1C1E4B110018001E
:10B0000007F02CFC03001A000D4B1A55194B38227F
:10B01000002118001BF0C7FF7B1D1B78FF2B2BD0D6
:10B020007B1D1B78FE2B27D07B191B789BB204332A
:10B030009AB20349FB1D187832230AF0D5FB6AE067
:10B04000680A0020A80A0020B80A00206B0A002025
:10B050000415002024150020A61D0020D00B002080
:10B06000020A0020780000209C1400207C000020B0
:10B07000A10A0020301D0020BB1C1B88002B07D11B
:10B08000BB1D1B78002B03D1BB1D2A4A12791A70F5
:10B09000BB1D1B781800F9F7E1FB1123FB180122F7
:10B0A0001A7033E0244B1B785A1E244B5200D35A9B
:10B0B0001A0011203B181B78013B1A411300012292
:10B0C00013401AD016243B191B789BB204339AB252
:10B0D00018493B18187832230AF086FB184B1B7866
:10B0E000002B0AD03B191B789BB204339AB211494A
:10B0F000FB1D187832230AF077FB0A2009F03EFF87
:10B1000011217B181A787B1801321A701123FB1851
:10B110001B78052BC6D9BB681900002011F078FAFE
:10B12000084B02221A701023FB181B781800BD462A
:10B1300006B0B0BD680A002004150020280E0020CB
:10B14000010A002025150020F0B58BB006AF0500E0
:10B150000C0010001900FB1D2A1C1A70BB1D221CBC
:10B160001A707B1D021C1A703B1D0A1C1A700B24DE
:10B170003B1900221A700F23FB1800221A700E23AD
:10B18000FB1800221A700D23FB1800221A70B04B16
:10B190001B78BA1D12789A4248D0FB6A1B0EDAB2AD
:10B1A000AC4B1A70FB6A1B0CDAB2AA4B5A70FB6AE2
:10B1B0001B0ADAB2A74B9A70FB6ADAB2A54BDA70B7
:10B1C0003B6B1B0EDAB2A34B1A713B6B1B0CDAB252
:10B1D000A04B5A713B6B1B0ADAB29E4B9A713B6BC8
:10B1E000DAB29C4BDA719B4A202308215B18DB19E9
:10B1F0001B781372974BFA1D12785A72954B3A1DB1
:10B2000012789A72934B7A1D1278DA722C235B189B
:10B21000DB191A788F4B1A73BB1D1B780D221C216A
:10B220001800FFF749FC3B191B780CE10C23FB18B5
:10B2300000221A70B6E03B1D1A78BB1D1B78110066
:10B240001800F9F7E3FC0C217B181B78824AD35CC9
:10B25000002B00D1A0E07B181B7801337E4AD35C21
:10B26000002B10D07B181B787B4AD05C7B181B7896
:10B270000133794AD35C0E22BC181900F9F7C6FCD9
:10B28000030023700EE00C23FB181B78724AD25C7B
:10B290000E23FC18BB1D1B7819001000F9F7B6FC33
:10B2A000030023703B1D1A78BB1D1B78110018008A
:10B2B000F9F7ACFC0C23FB181B78674AD35C3A1DEA
:10B2C00012789A4205D10D23FB187A1D12781A7054
:10B2D00010E00C217B181B785F4AD05C7B181B7830
:10B2E000013B5D4AD35C0D22BC181900F9F78EFCB6
:10B2F00003002370FB6A1B0EDAB2564B1A70FB6A0E
:10B300001B0CDAB2534B5A70FB6A1B0ADAB2514B70
:10B310009A70FB6ADAB24F4BDA703B6B1B0EDAB2F3
:10B320004C4B1A713B6B1B0CDAB24A4B5A713B6B9C
:10B330001B0ADAB2474B9A713B6BDAB2454BDA71B2
:10B34000444A202308215B18DB191B781372414BF8
:10B350000E22BA1812785A723E4B0D22BA18127881
:10B360009A722C235B18DB191A783A4BDA723B1D60
:10B370001A78BB1D1B7811001800F9F747FC0C2345
:10B38000FB181B78344AD35C0C221B211800FFF7F2
:10B3900093FB0A200FF022FC0C217B181A787B18F3
:10B3A00001321A700C23FB181B78192B00D842E7C6
:10B3B000FB1D1B780D2B43D0BA1D3B1D12781B784B
:10B3C0009A4205D10F23FB187A1D12781A700BE0F0
:10B3D0000F23FC183B1D1A78BB1D1B7811001800A9
:10B3E000F9F714FC03002370FB1D1C783A6BF96A13
:10B3F000202508202B18DB1918780F26BB191B787D
:10B4000000932300FFF712F82C2308201B18DB19E8
:10B410001B78002B14D0FB1D1C783A6BF96A2B1893
:10B42000DB1918780023049300230393002302936D
:10B4300000230193BB191B7800932300F8F734FA1B
:10B440000B23FB181B781800BD4605B0F0BDC046A5
:10B4500004150020D00B00208C1D002080B500AF0B
:10B46000BFF34F8FC046044B044ADA60BFF34F8FDF
:10B47000C046C046FDE7C04600ED00E00400FA0506
:10B48000F0B58BB000AF78602723FB1800221A704C
:10B490001023FB1800221A6000221A710823FB18DF
:10B4A00000221A6000221A711A23FB1800221A7057
:10B4B00001235B421900012012F006F9D54B00224E
:10B4C0001A7000F0A8FD1923FB18D24A12781A70DE
:10B4D000D04B1B781A00D04B9200D3581B68DBB2BC
:10B4E000CC4A1278110040225242D31ADAB2CB4B26
:10B4F0005A54C84B1B781A00C84B9A5CC54B1B7832
:10B500001900C74B5B5C9A4200D125E2C14B1A7807
:10B5100018243B1901321A703B191B785A1EBD4B77
:10B520001B781900BE4B5B5C1800BE4913005B0022
:10B530009B189B01CB181B5C0D2B4BD13B191B7827
:10B54000B94AD35C002B45D100233B620DE0B64ADB
:10B550003B6AD3181B78032B04D1B34A3B6AD31838
:10B5600000221A703B6A01333B623B6A052BEEDD19
:10B5700018203B181B78AC4A0321D154AB4B3A1826
:10B5800012781A70AA4B3A1812781A703B181B7866
:10B590005A1EA04B1B781900A14B5B5C1800A149F7
:10B5A00013005B009B189B01CB181A5CA14B1A700F
:10B5B000A14B186800230222002112F0C7F89F4B0C
:10B5C0001B78012B02D19E4B01221A709B4B01224A
:10B5D0001A70ABE118217B181B78934AD35C032BBC
:10B5E00015D17B181B785A1E8A4B1B7819008C4B7F
:10B5F0005B5C18008B4913005B009B189B01CB1808
:10B600001A5C8C4B1A708E4B01221A708EE1182432
:10B610003B191B785A1E7F4B1B781900804B5B5CD3
:10B620001800804913005B009B189B01CB181B5C22
:10B63000482B0BD13B191B787B4AD35C002B05D1DF
:10B640003B191B78784A0721D1546FE118243B1924
:10B650001B785A1E6F4B1B781900714B5B5C1800EE
:10B66000704913005B009B189B01CB181B5C5A2B85
:10B670000BD13B191B786C4AD35C072B05D13B19C6
:10B680001B78694A0821D15450E118243B191B78D2
:10B690005A1E604B1B781900614B5B5C18006149B6
:10B6A00013005B009B189B01CB181B5C5A2B0BD023
:10B6B0003B191B785C4AD35C072B05D13B191B78DF
:10B6C000594A0021D15431E11826BB191B78564A3A
:10B6D000D35C082B4CD1BB191B78534A0121D154A0
:10B6E000BB191B785A1E4B4B1B7819004C4B5B5CEB
:10B6F0001D0019243B1919783B191B785148C35C6C
:10B700001C00484813005B009B189B01C3185D5D3B
:10B710004D482300DB001B1BDB000A00920052187F
:10B72000D100891ACA0011005B18C31802332A1C01
:10B730001A7019243B191B780822BA180321D15416
:10B74000BB191B785A1E334B1B781900344B5B5CBA
:10B750001800344913005B009B189B01CB181A5C3E
:10B760003B191B780132D1B21022BA18D154DDE056
:10B7700018217B181B782C4AD35C012B00D0D5E014
:10B7800019203B181B781022BA18D35C012B5DD905
:10B790007B181B785A1E1F4B1B781900204B5B5CD3
:10B7A0001E003B18197805003B181B782548C35C20
:10B7B0001C007B191B7808257819C35C1D001948EB
:10B7C00013005B009B189B01C3189E5D1E4823005D
:10B7D000DB001B1BDB000A0092005218D100891A03
:10B7E000CA0011005B18C318321C5A5519203B18A7
:10B7F0001B7808243A19D25C0132D1B23A19D154DB
:10B800003B181B7810203A18D25C013AD1B23A1892
:10B81000D1548BE0DA230020D40E0020D423002062
:10B82000CC23002028180020B00A0020A00A002005
:10B8300029150020D9230020A41C0020381E002038
:10B84000A60A0020441E00204C1E00201823FB18CE
:10B850001B785A1EE04B1B781900E04B5B5C1E0006
:10B8600019257B1919787B191B78DD48C35C1C00EE
:10B870007B191B7808203818C35C1D00D9481300B9
:10B880005B009B189B01C3189E5DD7482300DB001B
:10B890001B1BDB000A0092005218D100891ACA0053
:10B8A00011005B18C318321C5A5519203B181B781D
:10B8B00008243A19D25C0132D1B23A19D1543B185A
:10B8C0001B7810243A19D25C013AD1B23A19D154FA
:10B8D0003B181B78C24AD25C0132D1B2C04AD15463
:10B8E0003B181B78BE4AD35C052B04D13B181B7850
:10B8F000BB4A0021D154BD4B1B781900BC4B182208
:10B90000BA1812785A54B94B1B780133DAB2B74BD4
:10B910001A70B64B1B78052B02D1B44B00221A705B
:10B920001823FB181B78B34A0021D154AA4B1B786B
:10B93000AA4AD25C0132D1B2A84AD154A64B1B7894
:10B940001A00A64B9B5CC02B18D1A34B1B781A0086
:10B95000A24B0021995411E09F4B1B781A00A64B73
:10B960009A5C9D4B1B7819009C4B5B5C9A4205D1FD
:10B97000994B1B780133DAB2974B1A709B4B1A78AC
:10B980009E4B1B789A4200D145E39C4B1B781900D3
:10B9900018203B18964A525C1A7019257B193A18E0
:10B9A0001278013A1A707B1919787B191B78944A1E
:10B9B000D35C1A008C481300DB009B1ADB000A00E2
:10B9C00092005218D100891ACA0011005B1848224F
:10B9D0001A547B1919787B191B78894AD35C1A0091
:10B9E00081481300DB009B1ADB000A00920052180A
:10B9F000D100891ACA0011005B18C31801335A22FA
:10BA00001A707B1919787B191B787D4AD35C1A0050
:10BA100017243819744C1300DB009B1ADB000A0052
:10BA200092005218D100891ACA0011005B18E3185D
:10BA300002331B7803707B1919787B191B78704AC5
:10BA4000D35C1A001626B819674C1300DB009B1A4A
:10BA5000DB000A0092005218D100891ACA001100B6
:10BA60005B18E31803331B780370664B1B78BA1915
:10BA700012789A4263D0BB191B78002B5FD0BB1998
:10BA80001B78FF2B5BD0BB191B78FE2B57D07B1983
:10BA90001B785D4A172439190978D1547B191A7813
:10BAA0001300DB009B1ADB00584A98187B191978A1
:10BAB0007B191B78524AD35C1A001300DB009B1AD7
:10BAC000DB000A0092005218D100891ACA00110046
:10BAD0005B18DA1C444BD1183B191B781A001BF079
:10BAE0008AFB18203B181B785A1E48491300DB00BC
:10BAF0009B1ADB00CB1802331B789B08DBB21A1CA5
:10BB000001231340DAB2424B01210A4090001A7817
:10BB100004218A43111C021C0A431A703C4B1B78F7
:10BB200004221340DBB2002B02D03A4B03221A70DE
:10BB30001823FB181B781800FEF7AEFE4AE2192402
:10BB40003B1919783B191B782D4AD35C1A002648FB
:10BB50001300DB009B1ADB000A0092005218D10090
:10BB6000891ACA0011005B181A5C2B4B1A703B191A
:10BB700019783B191B78224AD35C1A001A48130023
:10BB8000DB009B1ADB000A0092005218D100891AD0
:10BB9000CA0011005B18C31801331A781E4B5A7083
:10BBA0003B1919783B191B78154AD35C1A000E48CB
:10BBB0001300DB009B1ADB000A0092005218D10030
:10BBC000891ACA0011005B18C31802331A78124B85
:10BBD0009A700023FB6141E0DA230020CC2300208F
:10BBE000441E0020281800204C1E0020CA230020DC
:10BBF000C4230020B00A0020D4230020C923002041
:10BC00003C1E002004150020A80A0020B80A0020CD
:10BC100024150020A20A0020001E00201922BB18B3
:10BC20001978BB181B78DE4AD35C1A00FB69DC1C50
:10BC3000FB69D81CDB4D1300DB009B1ADB000A00FC
:10BC400092005218D100891ACA0011005B18EB1833
:10BC50001A5DD54B1A54FB690133FB611726BB19DA
:10BC60001B78FA699A42D9DBBB191B789BB2033364
:10BC70009AB21523FC18CC4B1100180006F0EEFD0B
:10BC800003002370C94B1B8801339AB2C74B1A803B
:10BC900019257B1919787B191B78C14AD35C1A00C6
:10BCA000BB191B78D81CBF4C1300DB009B1ADB00B0
:10BCB0000A0092005218D100891ACA0011005B18BC
:10BCC000E3181B5C1522BA1812789A4200D07BE167
:10BCD000B74B1B8801339AB2B54B1A807B191B787E
:10BCE000B44A3400B9190978D1547B191A78130071
:10BCF000DB009B1ADB00B04A98187B1919787B1976
:10BD00001B78A74AD35C1A001300DB009B1ADB00E8
:10BD10000A0092005218D100891ACA0011005B185B
:10BD2000DA1CA04BD1183B191B781A001BF063FAE0
:10BD30002723FB1800221A701622BB181B78FF2B32
:10BD400004D0BB181B78FE2B00D01CE11623FB1877
:10BD50001B78FF2B42D118243B191B785A1E3B1924
:10BD60001B78013B9349CB5C591E93481300DB00C1
:10BD70009B1ADB00C3185A5C904B1B78DBB29A42CB
:10BD80002CD03B191B785A1E3B191B78013B894963
:10BD9000CB5C591E88481300DB009B1ADB00C318DC
:10BDA0005A5C864B111C1970854B1A703B191B7815
:10BDB0001900FF20FEF7B6FD3B191B785A1E3B19F0
:10BDC0001B78013B7B49CB5C591E7B481300DB0091
:10BDD0009B1ADB00C31800225A541EE01623FB18DE
:10BDE0001B78FF2B19D118217B181B785A1E7B1842
:10BDF0001B78013B6F49CB5C591E6F481300DB0079
:10BE00009B1ADB00C3185A5C6C4B1B78DBB29A425E
:10BE100003D12723FB1803221A701623FB181B7863
:10BE2000FE2B00D090E018243B191B785A1E3B19BA
:10BE30001B78013B5F49CB5C591E5F481300DB0058
:10BE40009B1ADB00C3185A5C5C4B1B78DBB29A422E
:10BE500000D179E03B191B785A1E3B191B78013B36
:10BE60005449CB5C591E54481300DB009B1ADB007D
:10BE7000C3185A5C514B111C1970514B1A703B1965
:10BE80001B781900FE20FEF74DFD3B191B785A1E4A
:10BE90003B191B78013B4749CB5C591E46481300B0
:10BEA000DB009B1ADB00C31800225A543B191B7895
:10BEB0005A1E3B191B78013B3E49CB5C981E1A2346
:10BEC000F9183D4C1300DB009B1ADB00E3181B5CE8
:10BED0000B702723FB1866221A701B23FB18002205
:10BEE0001A7028E018217B181B785A1E7B181B78C3
:10BEF000013B3049CB5C991E1A23FB181B78C91AE9
:10BF00001B23FB181B78C9182B481300DB009B1A56
:10BF1000DB00C3185A5C2B4B1B789A4205D12723B0
:10BF2000FB1800221A70C0462DE01B217B181A78DE
:10BF30007B1801321A701B23FA181A23FB18127887
:10BF40001B789A42CED31EE01623FB181B78FE2BDB
:10BF500019D118217B181B785A1E7B181B78013BBE
:10BF60001449CB5C591E14481300DB009B1ADB00FC
:10BF7000C3185A5C114B1B78DBB29A4203D12723BA
:10BF8000FB1803221A702723FB181B78002B21D1E2
:10BF90001823FB181B781800FEF7FCFC1AE0C046BB
:10BFA0003C1E00204C1E0020001E0020E02300202C
:10BFB000DC230020A80A0020B80A0020CB230020A0
:10BFC000A10A002004150020174B1B8801339AB2E8
:10BFD000154B1A8019203B181B78144AD25C013289
:10BFE000D1B2124AD1543B181B78104AD35C052BAE
:10BFF00004D13B181B780D4A0021D1540C4B1B78FF
:10C000000133DAB20A4B1A70094B1B78052B02D1A7
:10C01000074B00221A70074B1B78042B01D8FFF73F
:10C0200052FAFFF745FAC046DE2300203C1E0020EE
:10C03000C9230020DA230020F0B5C64600B5B2B00F
:10C0400004AF84243B191860372380215B18DA1968
:10C050000023137024235B18DA19002313702323A1
:10C060005B18DA190023137022235B18DA190023F6
:10C07000137030235B18DA19002313803B191B68F7
:10C0800021225218D2191370372380269B19DA19EE
:10C090000023137001235B421900012011F014FBEF
:10C0A0002124A319DB191B785A1EEB4B9B5C002B38
:10C0B00001D104F062FBA319DB191B785A1E20235F
:10C0C0009B19D819E5491300DB009B1ADB005B5C68
:10C0D0000370A319DB191B785A1E36239B19D81934
:10C0E000DE491300DB009B1ADB00CB1801331B7801
:10C0F00003703325AB19DA1900231370A319DB1968
:10C100001B785A1ED648D5491300DB009B1ADB006A
:10C11000CB1802331B780370D14B1A7801231340DC
:10C12000DBB2002B0BD022239B19DA1901231370E9
:10C13000AB19DA19AB19DB191B7801331370C84B33
:10C140001A7802231340DBB2002B31D02126802243
:10C15000B318DB191B78591E3325AB18DB191B7874
:10C16000181DBE4A0B00DB005B1ADB00D3181B5CFA
:10C170001B029CB28022B318DB191B78591E1600D3
:10C18000AB18DB191B78D81CB44A0B00DB005B1A18
:10C19000DB00D3181B5C2E229219D219E3181380EE
:10C1A000AB19DA19AB19DB191B780133137015E0E1
:10C1B000212380241B19DB191B78591E33231B19DB
:10C1C000DB191B78D81CA54A0B00DB005B1ADB00CF
:10C1D000D3181B5C2E221219D2191380A04B1A7887
:10C1E00008231340DBB2002B0FD09D490A780823A7
:10C1F0009A4313000B70362380229B18DB191B789F
:10C2000000222C211800FEF757FC3320802403194C
:10C21000DA190319DB191B780433137021231B1956
:10C22000DB191B785A1E8C4B9A5C1F231B19D919DA
:10C230000319DB191B78D31A0B7037231B19DB1971
:10C240001B78002B01D004F098FA2E231B19DB1960
:10C250001A88302A0CDC002A01DA04F02BFA302A82
:10C2600001D904F027FA92007E4BD3181B689F4631
:10C270007D4B9A4200D16FE104F01CFA7B4A012306
:10C280001370774B1A7860231340DBB2602B08D011
:10C29000734B1A7860231340DBB2202B01D004F0DB
:10C2A00050FA362380229B18DB191B7800220221CA
:10C2B0001800FEF701FC04F044FA6D4B1B78002BCC
:10C2C00039D16C4B1B7819006B4A0B009B005B1833
:10C2D0005B009B5C002B0AD1362380229B18DB1964
:10C2E0001A786649664B18001AF0D0FD13E0362222
:10C2F00080215318DB191C785318DB191B781A009E
:10C300009200D21853001A005B4BD3185D495C4869
:10C3100022001AF0BBFD564B1C78594B1800F3F75E
:10C32000FDFE03009AB2564901235B42009332237B
:10C33000200009F003FA544A0023137004F01DFA98
:10C34000524B01220821180014F0C7F804F015FA26
:10C350004E4B00220821180014F0BFF804F00DFA2B
:10C360004A4B0821180014F0D5F804F006FA3623D9
:10C3700080201B18DB191B789BB21B029CB2212565
:10C380002B18DB191B78591E33263318DB191B7841
:10C39000981C324A0B00DB005B1ADB00D3181B5CD5
:10C3A000190080202B18DB191B785A1E63189BB2CA
:10C3B0003749920053522B18DB191B785A1E331839
:10C3C000DB19187825491300DB009B1ADB00CB181A
:10C3D0001B5C1B029CB280202B18DB191B78591E9A
:10C3E0003318DB191B78581C1C4A0B00DB005B1A46
:10C3F000DB00D3181B5C1A008026AB19DB191B78F5
:10C40000591EA31898B2224A8B00D3189A1C031CF9
:10C410001380164A022313701E4B1B881B0A9BB203
:10C42000DBB21D4A13701B4B1B88DBB21A4A5370D8
:10C43000194AAB19DB191B78937002200EF0CEFB62
:10C44000AB19DB191878032300930B23002200217A
:10C45000FEF70AFC04F091F9A80A0020B80A0020AF
:10C460002415002058F40208B3050000A20A002099
:10C47000A00A002004150020701300201CF40208FC
:10C48000B01D002030F402082515002000040050E3
:10C49000000E00207A000020D00B002036238020E0
:10C4A0001B18DB191B789BB21B029CB221252B1891
:10C4B000DB191B78591E33263318DB191B78981C9F
:10C4C000224A0B00DB005B1ADB00D3181B5C19004F
:10C4D00080202B18DB191B785A1E63189BB21C494D
:10C4E000920053522B18DB191B785A1E3318DB1994
:10C4F000187816491300DB009B1ADB00CB181B5C75
:10C500001B029CB280202B18DB191B78591E331894
:10C51000DB191B78581C0D4A0B00DB005B1ADB0093
:10C52000D3181B5C1A0080202B18DB191B78591EAE
:10C53000A31898B2064A8B00D3189A1C031C1380C8
:10C54000044A0023137004F018F9C046B80A00200A
:10C55000000E00202515002021248026A319DB19B8
:10C560001B785A1E3325AB19DB191878FE491300C6
:10C57000DB009B1ADB00CB181B5CFC4A1370A31971
:10C58000DB191B78591EAB19DB191B78581CF64AAE
:10C590000B00DB005B1ADB00D3181B5CF34A537003
:10C5A000A319DB191B78591EAB19DB191B78981CD2
:10C5B000ED4A0B00DB005B1ADB00D3181B5CEB4A77
:10C5C0009370A319DB191B78591EAB19DB191B7863
:10C5D000D81CE54A0B00DB005B1ADB00D3181B5CA0
:10C5E000E24AD370A319DB191B78591EAB19DB196A
:10C5F0001B78181DDC4A0B00DB005B1ADB00D3182C
:10C600001B5CDA4A1371A319DB191B78591EAB198D
:10C61000DB191B78581DD44A0B00DB005B1ADB00CA
:10C62000D3181B5CD14A5371A319DB191B78591E0F
:10C63000AB19DB191B78981DCB4A0B00DB005B1A8A
:10C64000DB00D3181B5CC94A9371A319DB191B7853
:10C65000591EAB19DB191B78D81DC34A0B00DB0030
:10C660005B1ADB00D3181B5CC04AD371A319DB191A
:10C670001B78591EAB19DB191B7808331800BA4A0E
:10C680000B00DB005B1ADB00D3181B5CB74A13728C
:10C69000A319DB191B78591EAB19DB191B78093359
:10C6A0001800B14A0B00DB005B1ADB00D3181B5CDF
:10C6B000AE4A5372A319DB191B78591EAB19DB194B
:10C6C0001B780A331800A84A0B00DB005B1ADB005A
:10C6D000D3181B5CA54A9372A319DB191B78591E4A
:10C6E000AB19DB191B780B3318009F4A0B00DB00DA
:10C6F0005B1ADB00D3181B5C9C4AD372A319DB19AD
:10C700001B78591EAB19DB191B780C331800964A9D
:10C710000B00DB005B1ADB00D3181B5C934A13731E
:10C72000A319DB191B78591EAB19DB191B780D33C4
:10C7300018008D4A0B00DB005B1ADB00D3181B5C72
:10C740008A4A5373A319DB191B78591EAB19DB19DD
:10C750001B780E331800844A0B00DB005B1ADB00E9
:10C76000D3181B5C814A9373A319DB191B78591EDC
:10C77000AB19DB191B780F3318007B4A0B00DB0069
:10C780005B1ADB00D3181B5C784AD373A319DB193F
:10C790001B78591EAB19DB191B7810331800724A2D
:10C7A0000B00DB005B1ADB00D3181B5C6F4A1374B1
:10C7B000A319DB191B78591EAB19DB191B78113330
:10C7C0001800694A0B00DB005B1ADB00D3181B5C06
:10C7D000664A5374A319DB191B78591EAB19DB1970
:10C7E0001B7812331800604A0B00DB005B1ADB0079
:10C7F000D3181B5C5D4A9374A319DB191B78591E6F
:10C80000AB19DB191B7813331800574A0B00DB00F8
:10C810005B1ADB00D3181B5C544AD374A319DB19D1
:10C820001B78591EAB19DB191B78143318004E4ABC
:10C830000B00DB005B1ADB00D3181B5C4B4A137543
:10C84000A319DB191B78591EAB19DB191B7815339B
:10C850001800454A0B00DB005B1ADB00D3181B5C99
:10C86000424A5375A319DB191B78591EAB19DB1902
:10C870001B78163318003C4A0B00DB005B1ADB0008
:10C88000D3181B5C394A9375A319DB191B78591E01
:10C89000AB19DB191B7817331800334A0B00DB0088
:10C8A0005B1ADB00D3181B5C304AD375A319DB1964
:10C8B0001B78591EAB19DB191B78183318002A4A4C
:10C8C0000B00DB005B1ADB00D3181B5C274A1376D6
:10C8D000A319DB191B78591EAB19DB191B78193307
:10C8E0001800214A0B00DB005B1ADB00D3181B5C2D
:10C8F0001E4A5376A319DB191B78591EAB19DB1995
:10C900001B781A331800184A0B00DB005B1ADB0097
:10C91000D3181B5C154A9376A319DB191B78591E93
:10C92000AB19DB191B781B3318000F4A0B00DB0017
:10C930005B1ADB00D3181B5C0C4AD376A319DB19F6
:10C940001B78591EAB19DB191B781C331800064ADB
:10C950000B00DB005B1ADB00D3181B5C034A137768
:10C96000A319DB1904E0C046B80A0020F823002010
:10C970001B78591EAB19DB191B781D331800E94AC7
:10C980000B00DB005B1ADB00D3181B5CE64A537715
:10C9900003F0F3FE212380241B19DB191B781800F8
:10C9A000F7F714FFE14A0223137032200EF016F954
:10C9B00035231B19DA190023137027231B19DA19E1
:10C9C0000123137036E0272080214318DB191B78E0
:10C9D000013BD74A9B009B5A002B22D035240E00E6
:10C9E000A319DB191978D34A05008319DB191B78C1
:10C9F0005354A319DB191B785A1CCE4BD018AB1912
:10CA0000DB191B78013B9A00C94BD318042219008B
:10CA10001AF0F1FBA319DA19A319DB191B780533F6
:10CA20001370272280215318DB191B785218D21952
:10CA300001331370272380215B18DB191B78052B2A
:10CA4000C1D935235B18DB191B789AB236235B18E2
:10CA5000DB191B780D211800FEF72EF803F08DFE70
:10CA6000352380255B19DC191F235B19DB191B7823
:10CA700005211800F3F76EFB0300237026235B19D2
:10CA8000DA190023137041E021268022B318DB1944
:10CA90001B78581E33239B18DB1919782625AB18F1
:10CAA000DB191A7813009B009B18C9189D4A0300D4
:10CAB000DB001B1ADB00D3185B5C013B9A009E4B2A
:10CAC000D4188022B318DB191B78581E33231600A4
:10CAD0009B19DB191B78591CAB19DB191A78130049
:10CAE0009B009B18CA180300DB001B1ADB009A1876
:10CAF0008C4BD3180422190020001AF07CFBAB19D0
:10CB0000DB191B78AA19D21901331370262380214F
:10CB10005B18DA1935235B18DB1912781B789A42F7
:10CB2000B2D3864A0023137003F027FE2523802208
:10CB30009B18DA190123137033E0252580216B1827
:10CB4000DA1921267318DB1912781B789A421FD044
:10CB50006B18DB191B78180008F0A6FE0400802172
:10CB60007318DB191B78581E33235B18DB191A78EE
:10CB70006B18DB191B78D318591E6A4A0300DB00B7
:10CB80001B1ADB00D3185B5C1900200008F0B6FE0E
:10CB9000252280215318DB191B785218D219013332
:10CBA0001370252380269B19DB191B78052BC4D90C
:10CBB0002125AB19DB191B78180008F075FE04005D
:10CBC000AB19DB191B78591E33239B19DB191B7812
:10CBD0000A331800534A0B00DB005B1ADB00D31842
:10CBE0001B5C1900200008F089FE03F0C6FD21241B
:10CBF0008026A319DB191B785A1E3325AB19DB19C4
:10CC0000187848491300DB009B1ADB00CB181B5C2B
:10CC1000002B12D1A319DB191B78591EAB19DB1994
:10CC20001B78581C3F4A0B00DB005B1ADB00D31853
:10CC30001B5C434A137003F086FD21248026A31950
:10CC4000DB191B785A1E3325AB19DB1918783549C7
:10CC50001300DB009B1ADB00CB181B5C012B01D0FF
:10CC600003F071FD334A00231370A319DB191B78FD
:10CC7000591EAB19DB191B78581C2A4A0B00DB0024
:10CC80005B1ADB00D3181B5C2A4A5370A319DB190B
:10CC90001B78591EAB19DB191B78981C214A0B0015
:10CCA000DB005B1ADB00D318185C0323009310230E
:10CCB00000220021FDF7D8FF03F045FD214B1A7833
:10CCC0007F239A431300DBB2002B3FD03024802611
:10CCD000A319DB191A881C4BD01821239B19DB19C7
:10CCE0001B785A1E33239B19DB1919781300DB00BC
:10CCF0009B1ADB005A180B4BD1181F25AB19DB19F7
:10CD00001B781A001AF077FAAB19DB191B789AB264
:10CD1000A319D919A319DB191B88D3180B8003F0A9
:10CD20002CFDC046B80A0020F8230020A20A0020EB
:10CD3000000E0020D00B0020140E0020251500202E
:10CD400004150020241500204024002030248026D3
:10CD5000A319DB191A88EA4BD01821239B19DB1978
:10CD60001B785A1E33239B19DB1919781300DB003B
:10CD70009B1ADB005A18E34BD1181F25AB19DB199E
:10CD80001B781A001AF037FAAB19DB191B789AB224
:10CD900035006319D9196319DB191B88D3180B8067
:10CDA0006319DB191B8816211800F3F7D3F9030068
:10CDB0009BB2DBB2D44A13706319DB191A88D049CD
:10CDC000D24B18001AF017FA6319DA1900231380EE
:10CDD000CF4A0223137003F0D0FC362380229B1825
:10CDE000DB191B78180008F069FE03F0C6FC342339
:10CDF00080229B18DA190023137036E03626802132
:10CE00007318DB191B78013BC24A5B009B5A1CB2AA
:10CE100021235B18DB191B78581E33235B18DB19A1
:10CE20001A7834256B18DB191B78D118B54A030022
:10CE3000DB001B1ADB00D3185B5C5A1E80231B022D
:10CE400013411BB223431AB280243319DB191B7818
:10CE5000013B90B2AF495A00031C53522B19DB1906
:10CE60001B782A19D21901331370342380215B18DF
:10CE7000DA191F235B18DB1912781B789A42BDD38D
:10CE8000A54A0023137003F078FC0023A8217A1828
:10CE90001360352380215B18DA19002313702125D4
:10CEA0006B18DB191B785A1E33267318DB19187898
:10CEB00094491300DB009B1ADB00CB181B5C1C069B
:10CEC0008022AB18DB191B78591EB318DB191B78AD
:10CED000581C8C4A0B00DB005B1ADB00D3181B5C70
:10CEE0001B04E4188022AB18DB191B78591EB318F9
:10CEF000DB191B78981C834A0B00DB005B1ADB00F4
:10CF0000D3181B5C1B02E4188022AB18DB191B78BA
:10CF1000591EB318DB191B78D81C7A4A0B00DB00AA
:10CF20005B1ADB00D3181B5CE318A82179180B608F
:10CF300080242B19DB191B78591E3319DB191B7838
:10CF4000181D704A0B00DB005B1ADB00D3181B5C5A
:10CF5000FF2B23D134231B19DA190123137014E09A
:10CF6000A823FB181A68342480256319DB191B7861
:10CF70001100180008F078FC220029005318DB1972
:10CF80001B785218D21901331370342380229B1856
:10CF9000DB191B78052BE3D903F0EFFB3423802248
:10CFA0009B18DA190023137038E0212380269B197F
:10CFB000DB191B785C1E33239B19DB191B781A1DA8
:10CFC00034239B19DB191B78D0183525AB19D919D7
:10CFD0004C4A2300DB001B1BDB00D3181B5C0B70CF
:10CFE00031006B18DB191B78002B0ED06B18DB1986
:10CFF0001B78052B09D8A823FB181A686B18DB19B6
:10D000001B781100180008F02FFC342280215318DF
:10D01000DB191B785218D219013313703423802185
:10D020005B18DA191F235B18DB1912781B789A42F8
:10D03000BBD303F0A2FB03F04BFDF6F791FB344AA0
:10D040000123137003F099FBF6F7F6FC03F01AFFC7
:10D0500064200DF0C3FD2E4A0223137003F08DFBF4
:10D060000DF034FF03009022BA18136020238020B3
:10D070001B18DB191B78FF2B1AD121231B18DB1976
:10D080001B785A1E33231B18DB1919781300DB0099
:10D090009B1ADB005A181B4BD1181F231B18DB19D6
:10D0A0001B78013B1A001D4B18001AF0A4F850E041
:10D0B000202380201B18DB191B78FE2B30D1212365
:10D0C0001B18DB191B785A1E33231B18DB19197820
:10D0D0001300DB009B1ADB005A180A4BD1181F23E0
:10D0E0001B18DB191A7835231B18DB191B78D31A88
:10D0F000023B1A00094B18001AF07DF829E0C046DF
:10D1000040240020B80A00207C000020FC100020F1
:10D11000A20A0020D0140020251500206025002040
:10D12000212380201B18DB191B785A1E33231B1860
:10D13000DB1919781300DB009B1ADB005A188C4BA3
:10D14000D1181F231B18DB191B788A481A001AF004
:10D1500052F835248026A319DA19874B1B781370EF
:10D16000854A21239B19DB191B78137099239A0098
:10D1700090257B1919687F4B18000DF019FE0300EC
:10D180008C22BA1813607C4AA319DB191B78137020
:10D190007A4B1A7860231340DBB2602B1FD17B19C6
:10D1A0001B681800F2F7BAFF02007B191968744B6C
:10D1B00018001AF020F87B191B681800F2F7AEFF70
:10D1C000030099B27B191A6836239B19DB1918786A
:10D1D0000B001821FDF7C2FC0A200DF0FFFC8C2388
:10D1E000FB181B68002BB4D1624B322200211800BF
:10D1F00019F0D9FE03F0C1FA0DF068FE0300902586
:10D200007A1913607B191B681800F2F787FF030077
:10D210007A1910681A00002119F0C5FE574B1A78C8
:10D220007F239A431300DBB2002B2BD030248026BF
:10D23000A319DB191A887B191B68981821239B19DD
:10D24000DB191B785A1E33239B19DB19197813003D
:10D25000DB009B1ADB005A18454BD1181F25AB1970
:10D26000DB191B781A0019F0C6FFAB19DB191B7804
:10D270009AB2A319D919A319DB191B88D3180B80EB
:10D2800003F07BFA302480256319DB191A88902378
:10D29000FB181B68981821235B19DB191B785A1E91
:10D2A00033235B19DB1919781300DB009B1ADB00B1
:10D2B0005A182F4BD1181F235B19DB191B781A0042
:10D2C00019F099FF6319DA19002313802D4A0023FE
:10D2D00013702D4B186800230022002110F036FA3D
:10D2E00003F04BFA294B2A4A1A602A4B01221A7082
:10D2F0000A200DF073FCFEF7B1F8212580216B1890
:10D30000DB191B785A1E33267318DB191878184955
:10D310001300DB009B1ADB00CB18185C0023009382
:10D32000192300220021FDF79FFC64200DF056FC1C
:10D33000194B1C7880216B18DB191B785A1E731847
:10D34000DB1918780A491300DB009B1ADB00CB18A5
:10D35000195C80202B18DB191A7836231B18DB196F
:10D3600018780B00210003F0A9FD03F006FAC0466F
:10D37000B80A002060250020A00A00202415002003
:10D38000D00B002025150020A41C0020F03F022017
:10D39000EFBEADDEA20A0020041500202125802268
:10D3A000AB18DB191B78591E3326B318DB191B7811
:10D3B0000B331C0035239B18D819F34A0B00DB00F4
:10D3C0005B1ADB00D3181B5D03701F2280215318EA
:10D3D000DB191B780F2B14D10A00AB18DB191B7853
:10D3E000591EB318DB191B781C000D3435239B180C
:10D3F000D819E54A0B00DB005B1ADB00D3181B5D74
:10D4000003701F2380229B18DB191B78112B15D169
:10D4100021239B18DB191B78591E33239B18DB191A
:10D420001B780F331C0035239B18D819D64A0B00E4
:10D43000DB005B1ADB00D3181B5D03702125802104
:10D440006B18DB191B785A1E33267318DB191878F2
:10D45000CD491300DB009B1ADB00CB181B5C1C06BC
:10D460008022AB18DB191B78591EB318DB191B7807
:10D47000581CC54A0B00DB005B1ADB00D3181B5C91
:10D480001B04E4188022AB18DB191B78591EB31853
:10D49000DB191B78981CBC4A0B00DB005B1ADB0015
:10D4A000D3181B5C1B02E4188022AB18DB191B7815
:10D4B000591EB318DB191B78D81CB34A0B00DB00CC
:10D4C0005B1ADB00D3181B5CE3189824381903603F
:10D4D0008022AB18DB191B78591EB318DB191B7897
:10D4E000181DA94A0B00DB005B1ADB00D3181B5C7C
:10D4F0001C068022AB18DB191B78591EB318DB19E8
:10D500001B78581DA04A0B00DB005B1ADB00D31808
:10D510001B5C1B04E4188022AB18DB191B78591E16
:10D52000B318DB191B78981D974A0B00DB005B1AB8
:10D53000DB00D3181B5C1B02E4188022AB18DB193C
:10D540001B78591EB318DB191B78D81D8E4A0B00A7
:10D55000DB005B1ADB00D3181B5CE318942038183F
:10D560000360352380215B18DB191B78002B00D06A
:10D57000C7E16B18DB191B785A1E7318DB19187872
:10D5800081491300DB009B1ADB00CB181B5C1C06D7
:10D590008022AB18DB191B78591EB318DB191B78D6
:10D5A000581C794A0B00DB005B1ADB00D3181B5CAC
:10D5B0001B04E4188022AB18DB191B78591EB31822
:10D5C000DB191B78981C704A0B00DB005B1ADB0030
:10D5D000D3181B5C1B02E4188022AB18DB191B78E4
:10D5E000591EB318DB191B78D81C674A0B00DB00E7
:10D5F0005B1ADB00D3181B5CE3189824381903600E
:10D600008022AB18DB191B78591EB318DB191B7865
:10D61000181D5D4A0B00DB005B1ADB00D3181B5C96
:10D620001C068022AB18DB191B78591EB318DB19B6
:10D630001B78581D544A0B00DB005B1ADB00D31823
:10D640001B5C1B04E4188022AB18DB191B78591EE5
:10D65000B318DB191B78981D4B4A0B00DB005B1AD3
:10D66000DB00D3181B5C1B02E4188022AB18DB190B
:10D670001B78591EB318DB191B78D81D424A0B00C2
:10D68000DB005B1ADB00D3181B5CE31894217818CD
:10D6900003602E0080257319DB191B78591E332473
:10D6A0006319DB191B7809331800374A0B00DB00BC
:10D6B0005B1ADB00D3181B5C002B4FD07319DB19EE
:10D6C0001B78591E6319DB191B780A3318002E4A80
:10D6D0000B00DB005B1ADB00D3181B5C002B3DD07A
:10D6E0007319DB191B78591E6319DB191B78083372
:10D6F0001800254A0B00DB005B1ADB00D3181D5C09
:10D700008022B318DB191B78591EA318DB191B786C
:10D71000180009301C4A0B00DB005B1ADB00D31831
:10D720001C5C8022B318DB191B78591E33239B180D
:10D73000DB191B780A331800134A0B00DB005B1A55
:10D74000DB00D3181B5C9422BA1812689821791850
:10D750000968009323002800FCF768FE2126802535
:10D760007319DB191B78591E33246319DB191B78D5
:10D770000B331800044A0B00DB005B1ADB00D318E4
:10D780001B5C002B52D001E0B80A00207319DB1992
:10D790001B78591E6319DB191B780C331800F74AE4
:10D7A0000B00DB005B1ADB00D3181B5C002B3DD0A9
:10D7B0007319DB191B78591E6319DB191B780833A1
:10D7C0001800EE4A0B00DB005B1ADB00D3181D5C6F
:10D7D0008022B318DB191B78591EA318DB191B789C
:10D7E00018000B30E54A0B00DB005B1ADB00D31896
:10D7F0001C5C8022B318DB191B78591E33239B183D
:10D80000DB191B780C331800DC4A0B00DB005B1AB9
:10D81000DB00D3181B5C9422BA181268982179187F
:10D820000968009323002800FCF700FE21268025CC
:10D830007319DB191B78591E33246319DB191B7804
:10D840000D331800CD4A0B00DB005B1ADB00D31848
:10D850001B5C002B01D102F078FF7319DB191B78D8
:10D86000591E6319DB191B780E331800C34A0B00CD
:10D87000DB005B1ADB00D3181B5C002B01D102F02C
:10D8800064FF7319DB191B78591E6319DB191B78A8
:10D8900008331800B94A0B00DB005B1ADB00D31811
:10D8A0001D5C8022B318DB191B78591EA318DB19E5
:10D8B0001B7818000D30B14A0B00DB005B1ADB004F
:10D8C000D3181C5C8022B318DB191B78591E332334
:10D8D0009B18DB191B780E331800A84A0B00DB00DD
:10D8E0005B1ADB00D3181B5C9422BA1812689821CB
:10D8F00079180968009323002800FCF797FD02F0CF
:10D9000024FF212580242B19DB191B785A1E33266E
:10D910003319DB191B780833190098481300DB0012
:10D920009B1ADB00C3185B5C1900E42005F09EF82D
:10D930002B19DB191B785A1E3319DB1919788F48FC
:10D940001300DB009B1ADB00C3185B5C1B0299B25F
:10D950002B19DB191B785A1E3319DB191B78581C3D
:10D96000864C1300DB009B1ADB00E3181B5CCB1812
:10D970009BB21900E52005F079F880242B19DB19FA
:10D980001B785A1E3319DB191B78991C7B4813002E
:10D99000DB009B1ADB00C3185B5C1B0299B22B19DE
:10D9A000DB191B785A1E3319DB191B78D81C734CF2
:10D9B0001300DB009B1ADB00E3181B5CCB189BB247
:10D9C0001900E62005F052F880242B19DB191B788A
:10D9D0005A1E3319DB191B78191D68481300DB0028
:10D9E0009B1ADB00C3185B5C1B0299B22B19DB1975
:10D9F0001B785A1E3319DB191B78581D5F4C130016
:10DA0000DB009B1ADB00E3181B5CCB189BB21900F0
:10DA1000E72005F02BF880242B19DB191B785A1E00
:10DA20003319DB191B78991D54481300DB009B1A2E
:10DA3000DB00C3185B5C1B0299B22B19DB191B7846
:10DA40005A1E3319DB191B78D81D4C4C1300DB0010
:10DA50009B1ADB00E3181B5CCB189BB21900E82073
:10DA600005F004F880242B19DB191B785A1E331992
:10DA7000DB191B780933190040481300DB009B1A9F
:10DA8000DB00C3185B5C1B0299B22B19DB191B78F6
:10DA90005A1E3319DB191B780A331800374C130050
:10DAA000DB009B1ADB00E3181B5CCB189BB2190050
:10DAB000E92004F0DBFF1F2380241B19DB191B78EE
:10DAC000132B27D12B19DB191B785A1E3319DB199D
:10DAD0001B780B33190029481300DB009B1ADB006D
:10DAE000C3185B5C1B0299B22B19DB191B785A1EF9
:10DAF0003319DB191B780C331800204C1300DB00A2
:10DB00009B1ADB00E3181B5CCB189BB21900EA20C0
:10DB100004F0ACFF1F2380269B19DB191B78152B03
:10DB200029D12124A319DB191B785A1E3325AB19DF
:10DB3000DB191B780D33190010481300DB009B1A0A
:10DB4000DB00C3185B5C1B0299B2A319DB191B78BD
:10DB50005A1EAB19DB191B780E331800074C130043
:10DB6000DB009B1ADB00E3181B5CCB189BB219008F
:10DB7000EB2004F07BFFFDF771FCC046B80A0020E3
:10DB8000212580216B18DB191B785A1E3326731848
:10DB9000DB191878E6491300DB009B1ADB00CB1871
:10DBA0001B5C1C068022AB18DB191B78591EB318AE
:10DBB000DB191B78581CDE4A0B00DB005B1ADB000C
:10DBC000D3181B5C1B04E4188022AB18DB191B78EC
:10DBD000591EB318DB191B78981CD54A0B00DB00C3
:10DBE0005B1ADB00D3181B5C1B02E4188022AB1805
:10DBF000DB191B78591EB318DB191B78D81CCC4ACB
:10DC00000B00DB005B1ADB00D3181B5CE3189821C8
:10DC1000781803608022A818C3191B78591EB01801
:10DC2000C3191B78181DC24A0B00DB005B1ADB000E
:10DC3000D3181B5C1C068022A818C3191B78591E18
:10DC4000B018C3191B78581DB94A0B00DB005B1ACA
:10DC5000DB00D3181B5C1B04E4188022A818C3192E
:10DC60001B78591EB018C3191B78981DB04A0B00B9
:10DC7000DB005B1ADB00D3181B5C1B02E41880225C
:10DC8000A818C3191B78591EB018C3191B78D81DC2
:10DC9000A74A0B00DB005B1ADB00D3181B5CE31800
:10DCA0009421781803602C008022A818C3191B78CF
:10DCB000591E3500B018C3191B78093318009C4A47
:10DCC0000B00DB005B1ADB00D3181B5C9846994BFA
:10DCD0001B789C468022A018C3191B78591EA818CF
:10DCE000C3191B780B331800914A0B00DB005B1A39
:10DCF000DB00D3181E5C8022A018C3191B78591EA4
:10DD0000AD18EB191B780A331800894A0B00DB00A9
:10DD10005B1ADB00D3181D5C80202218D3191B78F6
:10DD2000591E33221418E3191B7818000830804A52
:10DD30000B00DB005B1ADB00D3181C5C2123802066
:10DD40001A18D3191B78591E33221218D3191B78AD
:10DD50000C331800764A0B00DB005B1ADB00D3188B
:10DD60001B5C5A1E9341DBB203939423FA18136889
:10DD700002939823FB181B68019300942B00320038
:10DD800061464046FDF7E0F902F0F7FC21258024CA
:10DD90002B19DB191B785A1E33263319DB19187817
:10DDA00063491300DB009B1ADB00CB181B5C002BC4
:10DDB00000D03AE12B19DB191B78591E3319DB19F6
:10DDC0001B78981C5A4A0B00DB005B1ADB00D31847
:10DDD0001B5C1C068022AB18DB191B78591EB3187C
:10DDE000DB191B78D81C524A0B00DB005B1ADB00E6
:10DDF000D3181B5C1B04E4188022AB18DB191B78BA
:10DE0000591EB318DB191B78181D494A0B00DB009B
:10DE10005B1ADB00D3181B5C1B02E4188022AB18D2
:10DE2000DB191B78591EB318DB191B78581D404AA3
:10DE30000B00DB005B1ADB00D3181B5CE318A82186
:10DE400079180B608022AB18DB191B78591EB318A8
:10DE5000DB191B78581C364A0B00DB005B1ADB0011
:10DE6000D3181B5C082B00D965E39A00324BD318FA
:10DE70001B689F46A823FB181B681B78DBB22F4A40
:10DE80001370362380229B18DB191B7801221F2177
:10DE90001800FCF711FE55E3A823FB181B681B783C
:10DEA0005BB2DBB2254A1370362380229B18DB1944
:10DEB0001B7801221F211800FCF7FEFD42E3A82178
:10DEC0007B181B681B889BB2DBB21C4A13707B1843
:10DED0001B681B889BB21B0A9BB2DBB2174A5370AC
:10DEE000362380229B18DB191B7802221F21180081
:10DEF000FCF7E2FD26E3A8217B181B681B881BB2F8
:10DF0000DBB20E4A13707B181B681B881BB21B12F6
:10DF10001BB2DBB2094A5370362380229B18DB19EF
:10DF20001B7802221F211800FCF7C6FD0AE3C04639
:10DF3000B80A0020041500201CF50208D00B0020B0
:10DF4000A8217B181B681B68DBB2DB4A13707B18A7
:10DF50001B681B681B0ADBB2D74A53707B181B680F
:10DF60001B681B0CDBB2D44A93707B181B681B68C0
:10DF70001B0EDBB2D04AD370362380229B18DB19EC
:10DF80001B7804221F211800FCF796FDDAE2A82175
:10DF90007B181B681B68DBB2C74A13707B181B68B1
:10DFA0001B681B12DBB2C44A53707B181B681B68CA
:10DFB0001B14DBB2C04A93707B181B681B681B16CE
:10DFC000DBB2BD4AD370362380229B18DB191B7845
:10DFD00004221F211800FCF76FFDB3E2A8217B1873
:10DFE0001B681B78DBB2B44A13707B181B680133C3
:10DFF0001B78DBB2B04A53707B181B6802331B7866
:10E00000DBB2AD4A93707B181B6803331B78DBB21D
:10E01000A94AD370362380229B18DB191B7808226B
:10E020001F211800FCF748FD8CE221248026A3194B
:10E03000DB191B785A1E3325AB19DB1918789F4959
:10E040001300DB009B1ADB00CB181B5C022B00D0FB
:10E050003CE1A319DB191B78581EA319DB191B78A7
:10E060005A1E974B9B5C591E944A0300DB001B1AF7
:10E07000DB00D21800235354A319DB191B785A1E56
:10E08000AB19DB191B78591C1300DB009B1ADB0052
:10E090005A188A4BD3183525AA19D4191800F5F740
:10E0A00081FD03002370AB19DB191B78002B0AD10B
:10E0B00036239B19DB191B7801221F211800FCF75E
:10E0C000FBFC02F044FB352080240319DB191B788C
:10E0D0005A1E7C4913005B009B189B005B58A822CA
:10E0E000BA1813600319DB191B785A1E75491300FF
:10E0F0005B009B189B00CB1804331B786E4A13708F
:10E100006D4B1B78082B00D918E29A006E4BD31880
:10E110001B689F46A823FB181B681B78DBB2664A66
:10E120005370362380229B18DB191B7802221F2193
:10E130001800FCF7C1FC05E2A823FB181B681B783C
:10E140005BB2DBB25C4A5370362380229B18DB192A
:10E150001B7802221F211800FCF7AEFCF2E1A82177
:10E160007B181B681B889BB2DBB2534A53707B1829
:10E170001B681B889BB21B0A9BB2DBB24E4A937092
:10E18000362380229B18DB191B7803221F211800DD
:10E19000FCF792FCD6E1A8217B181B681B881BB2F8
:10E1A000DBB2454A53707B181B681B881BB21B12DD
:10E1B0001BB2DBB2404A9370362380229B18DB19D6
:10E1C0001B7803221F211800FCF776FCBAE1A82176
:10E1D0007B181B681B68DBB2374A53707B181B68BF
:10E1E0001B681B0ADBB2344A93707B181B681B68E0
:10E1F0001B0CDBB2304AD3707B181B681B681B0EEC
:10E20000DBB22D4A1371362380229B18DB191B7851
:10E2100005221F211800FCF74FFC93E1A8217B1871
:10E220001B681B68DBB2244A53707B181B681B6891
:10E230001B12DBB2204A93707B181B681B681B14EF
:10E24000DBB21D4AD3707B181B681B681B16DBB240
:10E25000194A1371362380229B18DB191B7805227B
:10E260001F211800FCF728FC6CE1A8217B181B6813
:10E270001B78DBB2104A53707B181B6801331B7884
:10E28000DBB20D4A93707B181B6802331B78DBB23C
:10E29000094AD3707B181B6803331B78DBB2064A2C
:10E2A0001371362380229B18DB191B7809221F214A
:10E2B0001800FCF701FC45E1D00B0020B80A002053
:10E2C000A80A0020882D002040F50208212480267D
:10E2D000A319DB191B785A1E3325AB19DB191878E3
:10E2E000EA491300DB009B1ADB00CB181B5C022BF6
:10E2F00001D802F02CFAA319DB191B785A1E34003E
:10E30000AB19DB191878E1491300DB009B1ADB001D
:10E31000CB181B5C043BDE4A9B009B58DAB20F23F0
:10E320001340DBB2DB4A1370DA4B1B78002B0AD1A7
:10E3300036231B19DB191B7801221F211800FCF75B
:10E34000BBFB02F004FA212380215B18DB191B7848
:10E350005A1E33235B18DB191878CC491300DB00F5
:10E360009B1ADB00CB181B5C043BC94A9B009B58E3
:10E370001B0CC94A94466344A822BA181360C54BC3
:10E380001B78082B00D9DCE09A00C44BD3181B681B
:10E390009F46A823FB181B681B78DBB2BD4A53704D
:10E3A000362380229B18DB191B7802221F211800BC
:10E3B000FCF782FBC6E0A823FB181B681B785BB246
:10E3C000DBB2B44A5370362380229B18DB191B78CA
:10E3D00002221F211800FCF76FFBB3E0A8217B1875
:10E3E0001B681B889BB2DBB2AA4A53707B181B6860
:10E3F0001B889BB21B0A9BB2DBB2A64A93703623E2
:10E4000080229B18DB191B7803221F211800FCF7C0
:10E4100053FB97E0A8217B181B681B881BB2DBB25B
:10E420009C4A53707B181B681B881BB21B121BB2C3
:10E43000DBB2984A9370362380229B18DB191B7835
:10E4400003221F211800FCF737FB7BE0A8217B1873
:10E450001B681B68DBB28F4A53707B181B681B68F4
:10E460001B0ADBB28B4A93707B181B681B681B0C62
:10E47000DBB2884AD3707B181B681B681B0EDBB2AB
:10E48000844A1371362380229B18DB191B780522DE
:10E490001F211800FCF710FB54E0A8217B181B6813
:10E4A0001B68DBB27B4A53707B181B681B681B120E
:10E4B000DBB2784A93707B181B681B681B14DBB2B5
:10E4C000744AD3707B181B681B681B16DBB2714A39
:10E4D0001371362380229B18DB191B7805221F211C
:10E4E0001800FCF7E9FA2DE0A8217B181B681B78BF
:10E4F000DBB2684A53707B181B6801331B78DBB2B0
:10E50000644A93707B181B6802331B78DBB2614A44
:10E51000D3707B181B6803331B78DBB25D4A137121
:10E52000362380229B18DB191B7809221F21180033
:10E53000FCF7C2FA06E0C04602F009F9C04602F054
:10E5400006F9C04602F003F9554B1A685B68032AC6
:10E5500001D1002B08D0524B1A685B68022A00D008
:10E56000CCE1002B00D0C9E121248026A319DB19BE
:10E570001B785A1E3325AB19DB1918784349130051
:10E58000DB009B1ADB00CB181B5C464A1370A319F7
:10E59000DB191B785A1EAB19DB1918783B4913009D
:10E5A000DB009B1ADB00CB181B5C082B00D9A3E116
:10E5B0009A003D4BD3181B689F463C4A10231370AA
:10E5C0009BE1212380229B18DB191B78591E3323E2
:10E5D0009B18DB191B78581C2C4A0B00DB005B1ABC
:10E5E000DB00D3181B5CBB670023FB672C4BB96FA8
:10E5F000FA6F19605A6080E1212380229B18DB1991
:10E600001B78591E33239B18DB191B78581C1F4A93
:10E610000B00DB005B1ADB00D3181B5C5BB23B67B3
:10E62000DB177B671E4B396F7A6F19605A6064E1A4
:10E6300021258022AB18DB191B78591E3326B3180D
:10E64000DB191B78581C114A0B00DB005B1ADB003E
:10E65000D3181B5C1C008022AB18DB191B78591ED9
:10E66000B318DB191B78981C084A0B00DB005B1AF7
:10E67000DB00D3181B5C1B02E318BB66DB17FB66D1
:10E68000074BB96EFA6E19605A6036E1B80A00207D
:10E690005C0E0020D00B00200000012064F5020871
:10E6A000E80E00207D00002088F5020825150020D6
:10E6B00021258022AB18DB191B78591E3326B3188D
:10E6C000DB191B78581CDD4A0B00DB005B1ADB00F2
:10E6D000D3181B5C1C008022AB18DB191B78591E59
:10E6E000B318DB191B78981CD44A0B00DB005B1AAB
:10E6F000DB00D3181B5C1B02E3183B66DB177B6651
:10E70000CF4B396E7A6E19605A60F6E0212580226F
:10E71000AB18DB191B78591E3326B318DB191B788D
:10E72000581CC64A0B00DB005B1ADB00D3181B5CCD
:10E730001C008022AB18DB191B78591EB318DB199B
:10E740001B78981CBD4A0B00DB005B1ADB00D3185A
:10E750001B5C1B02E4188022AB18DB191B78591EC6
:10E76000B318DB191B78D81CB44A0B00DB005B1A0A
:10E77000DB00D3181B5C1B04E4188022AB18DB19E8
:10E780001B78591EB318DB191B78181DAB4A0B00F8
:10E79000DB005B1ADB00D3181B5C1B06E318BB65B0
:10E7A0000023FB65A64BB96DFA6D19605A60A4E0B1
:10E7B00021258022AB18DB191B78591E3326B3188C
:10E7C000DB191B78581C9D4A0B00DB005B1ADB0031
:10E7D000D3181B5C1C008022AB18DB191B78591E58
:10E7E000B318DB191B78981C944A0B00DB005B1AEA
:10E7F000DB00D3181B5C1B02E4188022AB18DB196A
:10E800001B78591EB318DB191B78D81C8B4A0B00D8
:10E81000DB005B1ADB00D3181B5C1B04E4188022AE
:10E82000AB18DB191B78591EB318DB191B78181DA0
:10E83000824A0B00DB005B1ADB00D3181B5C1B0653
:10E84000E3183B65DB177B657D4B396D7A6D19608D
:10E850005A6052E021258022AB18DB191B78591E23
:10E860003326B318DB191B78581C744A0B00DB00E5
:10E870005B1ADB00D3181B5C1C008022AB18DB1971
:10E880001B78591EB318DB191B78981C6B4A0B00B8
:10E89000DB005B1ADB00D3181B5C1B02E418802230
:10E8A000AB18DB191B78591EB318DB191B78D81C61
:10E8B000624A0B00DB005B1ADB00D3181B5C1B04F5
:10E8C000E4188022AB18DB191B78591EB318DB192A
:10E8D0001B78181D594A0B00DB005B1ADB00D318AC
:10E8E0001B5C1B06E318BB640023FB64544BB96C30
:10E8F000FA6C19605A6000E0C0469BE1504B1A6800
:10E900005B681100194300D094E14E4B1B78082B33
:10E9100000D98EE19A004C4BD3181B689F462123E7
:10E9200080215B18DB191B785A1E33235B18DB1917
:10E93000187842491300DB009B1ADB00CB181B5CE4
:10E940003B6400237B643E4B396C7A6C19605A60DF
:10E9500070E1212380215B18DB191B785A1E3323B9
:10E960005B18DB19187835491300DB009B1ADB00B4
:10E97000CB181B5C5BB2BB63DB17FB63304BB96B23
:10E98000FA6B19605A6055E1212580216B18DB195B
:10E990001B785A1E33267318DB1918782749130081
:10E9A000DB009B1ADB00CB181B5C1C008022AB1821
:10E9B000DB191B78591EB318DB191B78581C1F4A2A
:10E9C0000B00DB005B1ADB00D3181B5C1B02E31897
:10E9D0003B63DB177B631A4B396B7A6B19605A60A8
:10E9E00028E1212580216B18DB191B785A1E33265C
:10E9F0007318DB19187811491300DB009B1ADB0030
:10EA0000CB181B5C1C008022AB18DB191B78591E2D
:10EA1000B318DB191B78581C084A0B00DB005B1A83
:10EA2000DB00D3181B5C1B02E318BB62DB17FB6225
:10EA3000034BB96AFA6A19605A60FBE0B80A002011
:10EA4000E80E0020F00E0020ACF502082125802100
:10EA50006B18DB191B785A1E33267318DB191878CC
:10EA6000E0491300DB009B1ADB00CB181B5C1C0089
:10EA70008022AB18DB191B78591EB318DB191B78E1
:10EA8000581CD84A0B00DB005B1ADB00D3181B5C58
:10EA90001B02E4188022AB18DB191B78591EB3182F
:10EAA000DB191B78981CCF4A0B00DB005B1ADB00DC
:10EAB000D3181B5C1B04E4188022AB18DB191B78ED
:10EAC000591EB318DB191B78D81CC64A0B00DB0093
:10EAD0005B1ADB00D3181B5C1B06E3183B620023A8
:10EAE0007B62C14B396A7A6A19605A60A2E02125BB
:10EAF00080216B18DB191B785A1E33267318DB191B
:10EB00001878B8491300DB009B1ADB00CB181B5C9C
:10EB10001C008022AB18DB191B78591EB318DB19B7
:10EB20001B78581CAF4A0B00DB005B1ADB00D318C4
:10EB30001B5C1B02E4188022AB18DB191B78591EE2
:10EB4000B318DB191B78981CA64A0B00DB005B1A74
:10EB5000DB00D3181B5C1B04E4188022AB18DB1904
:10EB60001B78591EB318DB191B78D81C9D4A0B0063
:10EB7000DB005B1ADB00D3181B5C1B06E318BB61D0
:10EB8000DB17FB61984BB969FA6919605A6051E06B
:10EB9000212580216B18DB191B785A1E3326731828
:10EBA000DB1918788F491300DB009B1ADB00CB18A8
:10EBB0001B5C1C008022AB18DB191B78591EB31894
:10EBC000DB191B78581C874A0B00DB005B1ADB0043
:10EBD000D3181B5C1B02E4188022AB18DB191B78CE
:10EBE000591EB318DB191B78981C7E4A0B00DB00FA
:10EBF0005B1ADB00D3181B5C1B04E4188022AB18E3
:10EC0000DB191B78591EB318DB191B78D81C754A01
:10EC10000B00DB005B1ADB00D3181B5C1B06E31840
:10EC20003B6100237B61704B39697A6919605A60D6
:10EC300000E0C0466D4B1B78102B01D101F089FD1F
:10EC40006A4A0023137001F084FD684A00231370A0
:10EC500021248026A319DB191B785A1E3325AB19F2
:10EC6000DB1918785F491300DB009B1ADB00CB1817
:10EC70001B5C002B01D100F0D7FCA319DB191B781A
:10EC80005A1EAB19DB19187856491300DB009B1A82
:10EC9000DB00CB181B5C1E2B01D900F0C1FCA319B3
:10ECA000DB191B785A1EAB19DB1918784D49130074
:10ECB000DB009B1ADB00CB181B5C013B4C4A9B0022
:10ECC0009B581B0C4B4A94466344A822BA18136005
:10ECD000A319DB191B78591EAB19DB191B78581CBB
:10ECE000404A0B00DB005B1ADB00D3181B5C082BCF
:10ECF00001D900F010FC9A003F4BD3181B689F46C7
:10ED0000212480216318DB191B785A1E33235B18DA
:10ED1000DB19187833491300DB009B1ADB00CB1892
:10ED20001B5C013B324A9B009A580F2313403DD194
:10ED3000012016F037FD0300A8203D182B603B187A
:10ED40001B68002B2FD03B181B68E022120694464C
:10ED500063441D0426008022A318DB191B78591E6A
:10ED600033239B18DB191B78581C1E4A0B00DB0051
:10ED70005B1ADB00D3181B5C1C0080217318DB19A5
:10ED80001B785A1E33235B18DB19187815491300BA
:10ED9000DB009B1ADB00CB181B5C013B2919144AD2
:10EDA0009B00995002E0114A122313700F4B1B78FD
:10EDB000122B00D1B1E3212380229B18DB191B7891
:10EDC000591E33239B18DB191B78981CA823FB18AA
:10EDD0001C68044A0B00DB005B1ADB00D3181B5CC9
:10EDE00023709AE3B80A0020E80E002025150020C1
:10EDF0005C0E002000000120D0F5020821248021B3
:10EE00006318DB191B785A1E33235B18DB1918783B
:10EE1000E5491300DB009B1ADB00CB181B5C013BB0
:10EE2000E24A9B009A580F2313403DD1012016F06F
:10EE3000B9FC0300A8203D182B603B181B68002B71
:10EE40002FD03B181B68E0221206944663441D0431
:10EE500026008022A318DB191B78591E33239B1828
:10EE6000DB191B78581CD04A0B00DB005B1ADB0057
:10EE7000D3181B5C1C0080217318DB191B785A1EE9
:10EE800033235B18DB191878C7491300DB009B1A82
:10EE9000DB00CB181B5C013B2919C44A9B0099502D
:10EEA00002E0C34A12231370C14B1B78122B00D10E
:10EEB00035E3212380229B18DB191B78591E33234D
:10EEC0009B18DB191B78981CB74A0B00DB005B1AF8
:10EED000DB00D3181B5CA822BA1812685BB213704F
:10EEE0001DE3212480216318DB191B785A1E33236C
:10EEF0005B18DB191878AC491300DB009B1ADB00A8
:10EF0000CB181B5C013BA94A9B009A580F23134066
:10EF10003DD1022016F046FC0300A8203D182B60CE
:10EF20003B181B68002B2FD03B181B68E0221206F1
:10EF3000944663441D0426008022A318DB191B7825
:10EF4000591E33239B18DB191B78581C964A0B005B
:10EF5000DB005B1ADB00D3181B5C1C0080217318DC
:10EF6000DB191B785A1E33235B18DB1918788E497E
:10EF70001300DB009B1ADB00CB181B5C013B29193B
:10EF80008A4A9B00995002E0894A12231370884BE9
:10EF90001B78122B00D1C4E221258022AB18DB198B
:10EFA0001B78591E3326B318DB191B78981C7E4A30
:10EFB0000B00DB005B1ADB00D3181B5C1C008022FB
:10EFC000AB18DB191B78591EB318DB191B78D81C3A
:10EFD000754A0B00DB005B1ADB00D3181B5C1B02BD
:10EFE0009BB2A822BA181268E3189BB2138098E269
:10EFF000212480216318DB191B785A1E33235B18E8
:10F00000DB19187868491300DB009B1ADB00CB186A
:10F010001B5C013B654A9B009A580F2313403DD16E
:10F02000022016F0BFFB0300A8203D182B603B1800
:10F030001B68002B2FD03B181B68E0221206944659
:10F0400063441D0426008022A318DB191B78591E77
:10F0500033239B18DB191B78581C534A0B00DB0029
:10F060005B1ADB00D3181B5C1C0080217318DB19B2
:10F070001B785A1E33235B18DB1918784A49130092
:10F08000DB009B1ADB00CB181B5C013B2919474AAC
:10F090009B00995002E0464A12231370444B1B78A0
:10F0A000122B00D13FE221258022AB18DB191B78FF
:10F0B000591E3326B318DB191B78981C3A4A0B00EB
:10F0C000DB005B1ADB00D3181B5C1C008022AB1832
:10F0D000DB191B78591EB318DB191B78D81C324A70
:10F0E0000B00DB005B1ADB00D3181B5C1B029BB21E
:10F0F000E3189BB2A822BA1812681BB2138012E25E
:10F10000212480216318DB191B785A1E33235B18D6
:10F11000DB19187824491300DB009B1ADB00CB189D
:10F120001B5C013B214A9B009A580F23134044D19A
:10F13000042016F037FB0300A8203D182B603B1875
:10F140001B68002B36D03B181B68E0221206944641
:10F1500063441D0426008022A318DB191B78591E66
:10F1600033239B18DB191B78581C0F4A0B00DB005C
:10F170005B1ADB00D3181B5C1C0080217318DB19A1
:10F180001B785A1E33235B18DB19187806491300C5
:10F19000DB009B1ADB00CB181B5C013B2919034ADF
:10F1A0009B00995009E0C046B80A00205C0E002080
:10F1B00025150020DF4A12231370DE4B1B78122B1B
:10F1C00000D1B2E121258022AB18DB191B78591E32
:10F1D0003326B318DB191B78981CD74A0B00DB00C9
:10F1E0005B1ADB00D3181B5C1C008022AB18DB19F8
:10F1F0001B78591EB318DB191B78D81CCE4A0B009C
:10F20000DB005B1ADB00D3181B5C1B02E4188022B6
:10F21000AB18DB191B78591EB318DB191B78181DA6
:10F22000C54A0B00DB005B1ADB00D3181B5C1B0418
:10F23000E4188022AB18DB191B78591EB318DB19B0
:10F240001B78581DBC4A0B00DB005B1ADB00D3188F
:10F250001B5C1B06A822BA181268E318136064E14D
:10F26000212480216318DB191B785A1E33235B1875
:10F27000DB191878B0491300DB009B1ADB00CB18B0
:10F280001B5C013BAD4A9B009A580F2313403DD1B4
:10F29000042016F087FA0300A8203D182B603B18C5
:10F2A0001B68002B2FD03B181B68E02212069446E7
:10F2B00063441D0426008022A318DB191B78591E05
:10F2C00033239B18DB191B78581C9B4A0B00DB006F
:10F2D0005B1ADB00D3181B5C1C0080217318DB1940
:10F2E0001B785A1E33235B18DB19187892491300D8
:10F2F000DB009B1ADB00CB181B5C013B29198F4AF2
:10F300009B00995002E08B4A12231370894B1B78A3
:10F31000122B00D10BE121258022AB18DB191B78C1
:10F32000591E3326B318DB191B78981C824A0B0030
:10F33000DB005B1ADB00D3181B5C1C008022AB18BF
:10F34000DB191B78591EB318DB191B78D81C7A4AB5
:10F350000B00DB005B1ADB00D3181B5C1B02E418FC
:10F360008022AB18DB191B78591EB318DB191B78E8
:10F37000181D714A0B00DB005B1ADB00D3181B5C05
:10F380001B04E4188022AB18DB191B78591EB31834
:10F39000DB191B78581D684A0B00DB005B1ADB0089
:10F3A000D3181B5C1B06A822BA181268E318136056
:10F3B000BDE0212480216318DB191B785A1E3323FA
:10F3C0005B18DB1918785C491300DB009B1ADB0023
:10F3D000CB181B5C013B594A9B009A580F231340E2
:10F3E0003DD1042016F0DEF90300A8203D182B6063
:10F3F0003B181B68002B2FD03B181B68E02212061D
:10F40000944663441D0426008022A318DB191B7850
:10F41000591E33239B18DB191B78581C464A0B00D6
:10F42000DB005B1ADB00D3181B5C1C008021731807
:10F43000DB191B785A1E33235B18DB1918783E49F9
:10F440001300DB009B1ADB00CB181B5C013B291966
:10F450003A4A9B00995002E0364A12231370354B0A
:10F460001B78122B6ED021258022AB18DB191B785C
:10F47000591E3326B318DB191B78981C2E4A0B0033
:10F48000DB005B1ADB00D3181B5C1C008022AB186E
:10F49000DB191B78591EB318DB191B78D81C264AB8
:10F4A0000B00DB005B1ADB00D3181B5C1B02E418AB
:10F4B0008022AB18DB191B78591EB318DB191B7897
:10F4C000181D1D4A0B00DB005B1ADB00D3181B5C08
:10F4D0001B04E4188022AB18DB191B78591EB318E3
:10F4E000DB191B78581D144A0B00DB005B1ADB008C
:10F4F000D3181B5C1B06E318BB600023FB60104B9A
:10F50000B968FA6819605A600D4BA822BA181268D7
:10F510001B68136016E0C04615E0C04613E0C04605
:10F5200011E0C0460FE0C0460DE0C0460BE0C0460B
:10F5300009E0C04625150020B80A00205C0E002016
:10F54000E80E0020C046212680217318DB191B78A5
:10F550005A1E33256B18DB191878D7491300DB00C6
:10F560009B1ADB00CB181B5C013BD44A9B009A58CA
:10F570000F231A4014008022B318DB191B78591E80
:10F58000AB18DB191B78581CCB4A0B00DB005B1A4D
:10F59000DB00D3181B5C9C4200D148E28021731829
:10F5A000DB191B785A1E2C006B18DB191878C2491E
:10F5B0001300DB009B1ADB00CB181B5C013BBF4A2E
:10F5C0009B009D588022B318DB191B78591EA31885
:10F5D000DB191B78581CB84A0B00DB005B1ADB00F8
:10F5E000D3181B5CB64A944663441C0080217318F0
:10F5F000DB191B785A1E33235B18DB191878AE49C8
:10F600001300DB009B1ADB00CB181B5C013B2100C5
:10F610002940AA4A9B009950AA4A1423137006E273
:10F62000A84A1323137002E221258022AB18DB19AC
:10F630001B78591E3326B318DB191B78981C9E4A79
:10F640000B00DB005B1ADB00D3181B5C1C0680225E
:10F65000AB18DB191B78591EB318DB191B78D81CA3
:10F66000954A0B00DB005B1ADB00D3181B5C1B0404
:10F67000E4188022AB18DB191B78591EB318DB196C
:10F680001B78181D8C4A0B00DB005B1ADB00D318BB
:10F690001B5C1B02E4188022AB18DB191B78591E77
:10F6A000B318DB191B78581D834A0B00DB005B1A6B
:10F6B000DB00D3181B5CE318A821781803607B18C3
:10F6C0001A6880239B059A4200D2ADE17B181A6824
:10F6D0007D4B9A4200D9A7E18022AB18DB191B7839
:10F6E000591EB318DB191B78581C734A0B00DB003A
:10F6F0005B1ADB00D3181B5C082B00D992E19A003F
:10F70000724BD3181B689F46212380229B18DB195C
:10F710001B78591E33239B18DB191B78981DA823CF
:10F72000FB181C68644A0B00DB005B1ADB00D31873
:10F730001B5C237077E1212380229B18DB191B7847
:10F74000591E33239B18DB191B78981D5A4A0B004E
:10F75000DB005B1ADB00D3181B5CA822BA18126806
:10F760005BB213705FE121258022AB18DB191B7897
:10F77000591E3326B318DB191B78981D4E4A0B000F
:10F78000DB005B1ADB00D3181B5C1C008022AB186B
:10F79000DB191B78591EB318DB191B78D81D464A94
:10F7A0000B00DB005B1ADB00D3181B5C1B029BB257
:10F7B000A822BA181268E3189BB2138033E12125FE
:10F7C0008022AB18DB191B78591E3326B318DB19BE
:10F7D0001B78981D384A0B00DB005B1ADB00D3183E
:10F7E0001B5C1C008022AB18DB191B78591EB31858
:10F7F000DB191B78D81D304A0B00DB005B1ADB00DD
:10F80000D3181B5C1B029BB2E3189BB2A822BA1848
:10F8100012681BB2138006E121258022AB18DB1988
:10F820001B78591E3326B318DB191B78981D224A02
:10F830000B00DB005B1ADB00D3181B5C1C00802272
:10F84000AB18DB191B78591EB318DB191B78D81DB0
:10F85000194A0B00DB005B1ADB00D3181B5C1B0290
:10F86000E4188022AB18DB191B78591EB318DB197A
:10F870001B7808331800104A0B00DB005B1ADB0012
:10F88000D3181B5C1B04E4188022AB18DB191B780F
:10F89000591EB318DB191B7809331800064A0B00F0
:10F8A000DB005B1ADB00D3181B5C1B06A822BA180E
:10F8B0001268E3181360B6E0B80A00205C0E00205E
:10F8C000F0FF000025150020FFFF0120F4F50208DD
:10F8D00021258022AB18DB191B78591E3326B3185B
:10F8E000DB191B78981DE64A0B00DB005B1ADB0076
:10F8F000D3181B5C1C008022AB18DB191B78591E27
:10F90000B318DB191B78D81DDD4A0B00DB005B1A2E
:10F91000DB00D3181B5C1B02E4188022AB18DB1938
:10F920001B78591EB318DB191B7808331800D44A0A
:10F930000B00DB005B1ADB00D3181B5C1B04E41814
:10F940008022AB18DB191B78591EB318DB191B7802
:10F9500009331800CA4A0B00DB005B1ADB00D3181E
:10F960001B5C1B06A822BA181268E31813605AE041
:10F9700021258022AB18DB191B78591E3326B318BA
:10F98000DB191B78981DBE4A0B00DB005B1ADB00FD
:10F99000D3181B5C1C008022AB18DB191B78591E86
:10F9A000B318DB191B78D81DB54A0B00DB005B1AB6
:10F9B000DB00D3181B5C1B02E4188022AB18DB1998
:10F9C0001B78591EB318DB191B7808331800AC4A92
:10F9D0000B00DB005B1ADB00D3181B5C1B04E41874
:10F9E0008022AB18DB191B78591EB318DB191B7862
:10F9F00009331800A24A0B00DB005B1ADB00D318A6
:10FA00001B5C1B06E3183B6000237B609D4B396841
:10FA10007A6819605A609B4BA822BA1812681B6852
:10FA2000136000E0C04602E0974A15231370974B1D
:10FA30001A7860231340DBB2602B08D0934B1A78FE
:10FA400060231340DBB2202B01D000F084FE8E4BEC
:10FA50001B788F4A1370362380229B18DB191B7882
:10FA6000012221211800FBF727F800F074FE212362
:10FA700080215B18DB191B785A1E33235B18DB19B6
:10FA800018787F491300DB009B1ADB00CB181B5C46
:10FA90007D4A137000F071FE21248026A319DB1922
:10FAA0001B785A1E3325AB19DB19187874491300DB
:10FAB000DB009B1ADB00CB18185CA319DB191B7841
:10FAC0005A1E3400AB19DB191B78591C1300DB00DC
:10FAD0009B1ADB005A186A4BD1181F231B19DB191C
:10FAE0001B789BB2013B9AB20A2300930A2305F0CC
:10FAF00025FE00F042FE21248026A319DB191B7885
:10FB00005A1E3325AB19DB1918785D491300DB0049
:10FB10009B1ADB00CB181B5C5E4A1380A319DB1910
:10FB20001B78591EAB19DB191B78581C544A0B0063
:10FB3000DB005B1ADB00D3181B5C574A1380564B63
:10FB40001B88002B0ED1534B1B88DBB2180004F02E
:10FB5000C5F8504B1B88D8B2504A514B190004F0DD
:10FB600009F911E04C4B1B88012B0DD1494B1B8827
:10FB7000DBB2180004F0B2F8464B1B88D8B2474AF3
:10FB8000484B190004F0F6F8474A484B110018009A
:10FB900004F09AF9464A0123137000F0EEFD454A3D
:10FBA0000123137000F0E9FD434A0123137021255E
:10FBB0008022AB18DB191B78591E3326B318DB19CA
:10FBC0001B78D81C2E4A0B00DB005B1ADB00D31815
:10FBD0001B5C1CB28022AB18DB191B78591EB318B2
:10FBE000DB191B78181D264A0B00DB005B1ADB00B3
:10FBF000D3181B5C1B021BB223431BB21C228021A7
:10FC00005218D21913806B18DB191B785A1E7318FF
:10FC1000DB1918781A491300DB009B1ADB00CB189C
:10FC20001B5C082B01D900F0F8FC9A00234BD31879
:10FC30001B689F46212380241B19DB191B78591E42
:10FC400033231B19DB191B78581C0D4A0B00DB00F2
:10FC50005B1ADB00D3181B5C002B09D137231B195F
:10FC6000DA1900231370084A1023137000F0D6FC31
:10FC7000372380229B18DA19FF23137000F0CEFC83
:10FC8000B80A0020E80E00202515002024150020C9
:10FC9000D00B0020E4230020E6230020E8230020EE
:10FCA0004CF4020850F40208F4230020F023002052
:10FCB000000A0020010A0020781D002018F6020822
:10FCC00021248026A319DB191B78591E3325AB1973
:10FCD000DB191B78581CF14A0B00DB005B1ADB00B8
:10FCE000D3181B5C002B28D137239B19DA1900236A
:10FCF0001370A319DB191B78591EAB19DB191B787C
:10FD0000981CE64A0B00DB005B1ADB00D3181B5C77
:10FD1000E34A1370A319DB191B78591EAB19DB19C1
:10FD20001B78581DDD4A0B00DB005B1ADB00D31883
:10FD30001A5CDC4B1A6000F071FC372380229B18A0
:10FD4000DA19FF23137000F069FC21248026A3191F
:10FD5000DB191B78591E3325AB19DB191B78581C8E
:10FD6000CE4A0B00DB005B1ADB00D3181B5C002BB8
:10FD70004AD137239B19DA1900231370A319DB1911
:10FD80001B78591EAB19DB191B78981CC34A0B0052
:10FD9000DB005B1ADB00D3181B5CC14A1370A3198C
:10FDA000DB191B78591EAB19DB191B78581DBB4A90
:10FDB0000B00DB005B1ADB00D3181A5CB94B1A602E
:10FDC000A319DB191B78591EAB19DB191B78981D79
:10FDD000B24A0B00DB005B1ADB00D3181A5CB24B93
:10FDE0001A60A319DB191B78591EAB19DB191B7894
:10FDF000D81DAA4A0B00DB005B1ADB00D3181A5C83
:10FE0000AA4B1A6000F00AFC372380229B18DA19EB
:10FE1000FF23137000F002FC21248026A319DB19B4
:10FE20001B78591E3325AB19DB191B78581C9B4ACC
:10FE30000B00DB005B1ADB00D3181B5C002B27D107
:10FE400037239B19DA1900231370A319DB191B78C8
:10FE5000591EAB19DB191B78981C904A0B00DB006C
:10FE60005B1ADB00D3181B5C8D4A1370A319DB19D6
:10FE70001B78591EAB19DB191B78581D874A0B00DC
:10FE8000DB005B1ADB00D3181A5C864B1A60C5E3F3
:10FE9000372380229B18DA19FF231370BEE3212534
:10FEA00080242B19DB191B78591E33263319DB19D3
:10FEB0001B78581C794A0B00DB005B1ADB00D31857
:10FEC0001B5C002B00D087E037231B19DA190023B5
:10FED00013702B19DB191B78591E3319DB191B788A
:10FEE000981C6E4A0B00DB005B1ADB00D3181B5C0E
:10FEF0006B4A13702B19DB191B78591E3319DB1948
:10FF00001B78581D654A0B00DB005B1ADB00D31819
:10FF10001B5C1C008022AB18DB191B78591EB31820
:10FF2000DB191B78981D5D4A0B00DB005B1ADB00B8
:10FF3000D3181B5C1B025B4A234313608022AB185F
:10FF4000DB191B78591EB318DB191B78D81D534ACF
:10FF50000B00DB005B1ADB00D3181B5C1C0080224B
:10FF6000AB18DB191B78591EB318DB191B78083343
:10FF700018004A4A0B00DB005B1ADB00D3181B5C3D
:10FF80001B02494A234313608022AB18DB191B78FC
:10FF9000591EB318DB191B78093318003F4A0B00B0
:10FFA000DB005B1ADB00D3181B5C1C008022AB1843
:10FFB000DB191B78591EB318DB191B780A3318009C
:10FFC000364A0B00DB005B1ADB00D3181B5C1B02FC
:10FFD000364A2343136021E3372380229B18DA1922
:10FFE000FF2313701AE321248026A319DB191B7841
:10FFF000591E3325AB19DB191B78581C274A0B00F7
:020000040801F1
:10000000DB005B1ADB00D3181B5C002B3ED13723CF
:100010009B19DA19002313703200A319DB191B781E
:10002000591E2E00B318DB191B78981C1B4A0B00B5
:10003000DB005B1ADB00D3181B5C194A1370250028
:100040008022A318DB191B78591EB318DB191B7803
:10005000581D124A0B00DB005B1ADB00D3181B5C37
:100060001C008022AB18DB191B78591EB318DB1952
:100070001B78981D094A0B00DB005B1ADB00D318C4
:100080001B5C1B02074A23431360C7E2372380220D
:100090009B18DA19FF231370C0E2C046B80A00208B
:1000A000791D00207C1D0020801D0020841D002063
:1000B000212580242B19DB191B78591E332633196F
:1000C000DB191B78581CC34A0B00DB005B1ADB00F2
:1000D000D3181B5C002B5FD137231B19DA190023BF
:1000E00013702B19DB191B78591E3319DB191B7878
:1000F000981CB84A0B00DB005B1ADB00D3181B5CB2
:10010000B54A13702B19DB191B78591E3319DB19EB
:100110001B78581DAF4A0B00DB005B1ADB00D318BD
:100120001B5C1C008022AB18DB191B78591EB3180E
:10013000DB191B78981DA74A0B00DB005B1ADB005C
:10014000D3181B5C1B021C438022AB18DB191B78E5
:10015000591EB318DB191B78D81D9E4A0B00DB0013
:100160005B1ADB00D3181B5C1B041C438022AB18FA
:10017000DB191B78591EB318DB191B7808331800DC
:10018000944A0B00DB005B1ADB00D3181B5C1B06D8
:10019000924A2343136041E2372380229B18DA19E5
:1001A000FF2313703AE2212580242B19DB191B78D9
:1001B000591E33263319DB191B78581C854A0B004E
:1001C000DB005B1ADB00D3181B5C002B00D0F9E0CE
:1001D00037231B19DA19002313702B19DB191B782D
:1001E000591E3319DB191B78981C7A4A0B00DB0067
:1001F0005B1ADB00D3181B5C774A13702B19DB19D1
:100200001B78591E3319DB191B78581D714A0B00D6
:10021000DB005B1ADB00D3181B5C1C008022AB18D0
:10022000DB191B78591EB318DB191B78981D694A16
:100230000B00DB005B1ADB00D3181B5C1B021C43AA
:100240008022AB18DB191B78591EB318DB191B78F9
:10025000D81D604A0B00DB005B1ADB00D3181B5C67
:100260001B041C438022AB18DB191B78591EB318E2
:10027000DB191B7808331800564A0B00DB005B1AA9
:10028000DB00D3181B5C1B06544A234313608022F7
:10029000AB18DB191B78591EB318DB191B7809330F
:1002A00018004C4A0B00DB005B1ADB00D3181B5C08
:1002B0001C008022AB18DB191B78591EB318DB1900
:1002C0001B780A331800434A0B00DB005B1ADB0083
:1002D000D3181B5C1B021C438022AB18DB191B7854
:1002E000591EB318DB191B780B331800394A0B0061
:1002F000DB005B1ADB00D3181B5C1B041C43802251
:10030000AB18DB191B78591EB318DB191B780C339B
:100310001800304A0B00DB005B1ADB00D3181B5CB3
:100320001B062F4A234313608022AB18DB191B786E
:10033000591EB318DB191B780D331800254A0B0022
:10034000DB005B1ADB00D3181B5C1C008022AB189F
:10035000DB191B78591EB318DB191B780E331800F4
:100360001C4A0B00DB005B1ADB00D3181B5C1B0272
:100370001C438022AB18DB191B78591EB318DB19FC
:100380001B780F331800134A0B00DB005B1ADB00ED
:10039000D3181B5C1B041C438022AB18DB191B7891
:1003A000591EB318DB191B7810331800094A0B00CB
:1003B000DB005B1ADB00D3181B5C1B06094A2343D6
:1003C00013602BE1372380229B18DA19FF23137067
:1003D00024E1C046B80A0020791D00207C1D0020C1
:1003E000801D0020841D0020212580242B19DB196D
:1003F0001B78591E33263319DB191B78581CD94A30
:100400000B00DB005B1ADB00D3181B5C002B00D059
:10041000FCE037231B19DA19002313702B19DB19A1
:100420001B78591E3319DB191B78981CCD4A0B0019
:10043000DB005B1ADB00D3181B5CCB4A13702B1953
:10044000DB191B78591E3319DB191B78581DC54A57
:100450000B00DB005B1ADB00D3181B5C1C00802246
:10046000AB18DB191B78591EB318DB191B78981DC4
:10047000BC4A0B00DB005B1ADB00D3181B5C1B02C1
:100480001C438022AB18DB191B78591EB318DB19EB
:100490001B78D81DB34A0B00DB005B1ADB00D318B6
:1004A0001B5C1B041C438022AB18DB191B78591EF4
:1004B000B318DB191B7808331800AA4A0B00DB00BD
:1004C0005B1ADB00D3181B5C1B0622001A43A74BE8
:1004D0001A608022AB18DB191B78591EB318DB1980
:1004E0001B78093318009F4A0B00DB005B1ADB0006
:1004F000D3181B5C1C008022AB18DB191B78591E1B
:10050000B318DB191B780A331800964A0B00DB007E
:100510005B1ADB00D3181B5C1B021C438022AB1848
:10052000DB191B78591EB318DB191B780B33180025
:100530008C4A0B00DB005B1ADB00D3181B5C1B042E
:100540001C438022AB18DB191B78591EB318DB192A
:100550001B780C331800834A0B00DB005B1ADB00AE
:10056000D3181B5C1B0622001A43804B5A60802262
:10057000AB18DB191B78591EB318DB191B780D3328
:100580001800784A0B00DB005B1ADB00D3181B5CF9
:100590001C008022AB18DB191B78591EB318DB191D
:1005A0001B780E3318006F4A0B00DB005B1ADB0070
:1005B000D3181B5C1B021C438022AB18DB191B7871
:1005C000591EB318DB191B780F331800654A0B004E
:1005D000DB005B1ADB00D3181B5C1B041C4380226E
:1005E000AB18DB191B78591EB318DB191B781033B5
:1005F00018005C4A0B00DB005B1ADB00D3181B5CA5
:100600001B0622001A43594B9A6007E037238022C9
:100610009B18DA19FF23137000E0C046ADE02123D8
:1006200080241B19DB191B785A1E33231B19DB1975
:1006300018784C491300DB009B1ADB00CB181B5CBD
:100640004B4A13704A4B1B78180000F067F90300FF
:100650001A0037210B19DB191B78934200D17CE07B
:100660000B19DA19FF23137077E0212380241B195B
:10067000DB191B785A1E33231B19DB1918783949EB
:100680001300DB009B1ADB00CB181B5C394A13708C
:10069000384B1B78180000F09DF903001A00372131
:1006A0000B19DB191B78934259D00B19DA19FF2368
:1006B000137054E0372680203318DD1920231B18CF
:1006C000DB191C7836221318DB191B789C46212174
:1006D00002000B18DB1919782E208318DB191888F3
:1006E00033239B18DB191B7800932300624600F02C
:1006F0009DF803002B708022B318DB191B78012BA7
:100700003AD1B318DD19202316009B19DB191C7888
:1007100036229319DB191A7821218B19DB191978E4
:100720002E208319DB19188833239B19DB191B78BA
:100730000093230000F058FD03002B701CE0C0461E
:100740001BE0C04619E0C04617E0C04615E0C046B1
:1007500013E0C04611E0C0460FE0C0460DE0C046C1
:100760000BE0C046B80A0020791D00207C1D002047
:10077000E2230020E3230020C046372480256319AC
:10078000DB191B78012B0CD136235B19DB191B7885
:10079000002200211800FAF78FF96319DA190023F3
:1007A0001370212180254B19DB191B78013B1A009E
:1007B000D200D21AD3001A00194BD0180C004B19D2
:1007C000DB191B785A1E174B9B5C1A00002116F090
:1007D000EAFB6319DB191B78591E124A0023535494
:1007E0006319DB191A78104B9B5C022B13D0631929
:1007F000DB191A780C4B9B5C032B0CD06319DB19AB
:100800001A78094B9B5C042B05D06319DB19197806
:10081000054A002353540AF0D3FDFBF735FCC046CC
:10082000B80A0020A80A0020B00A0020B0B584B0A1
:1008300000AF05000C0010001900BB1D2A1C1A8017
:100840007B1D221C1A703B1D021C1A70FB1C0A1C0B
:100850001A700F217B1801221A707B181B78180060
:10086000BD4604B0B0BD90B595B000AF14243B199F
:1008700018003C231A00002116F095FB3B1D1800C0
:1008800010231A00002116F08EFB80239B00180015
:100890000FF0F4FE3B1903221A603B19802252022A
:1008A0005A603B1980225200DA6021007B18002236
:1008B0001A617B1840225A617B1802221A627B1847
:1008C00003225A627B1800229A627B181022DA6295
:1008D0007B18802292021A637B18802292045A634A
:1008E0007B18802292059A637B1818000FF012FF84
:1008F0003B1D07221A603B1D02225A603B1D00224D
:100900009A603B1D0022DA603B1D0221180010F0A6
:1009100061FAC046BD4615B090BD000080B586B0F6
:1009200000AF0200FB1D1A70FB1D1B78180004F0BD
:10093000BBFF03007B617B691B68234A934209D09C
:100940007B691B68214A934204D07B691B68204A5B
:10095000934234D1C0467B691B68DA6980235B020D
:100960001A4080235B029A42F5D0C0467B691B681F
:10097000DA698023DB031A408023DB039A42F5D136
:100980000C217B18802292031A607B187869196801
:100990005A6814F025FC7B691B689A687B691B68A0
:1009A0008021C9030A439A607B69180014F080FC17
:1009B0008023DB01012118000FF000FE00E0FF237F
:1009C0001800BD4606B080BD00380140004400401C
:1009D0000048004080B582B000AF0200FB1D1A70D5
:1009E000124B134A9A61FB1D1B78042B15D89A00F1
:1009F000104BD3181B689F4601200FF0ABFD0CE095
:100A000008200FF0A7FD08E020200FF0A3FD04E070
:100A100002200FF09FFD00E0C0460FF021FE0FF016
:100A200005FE00231800BD4602B080BD00700040E6
:100A30003F00010008FA020880B582B000AF020052
:100A4000FB1D1A701E4B1A6980235B001A4080231D
:100A50005B009A422ED11A4B1A4A9A61FB1D1B78F1
:100A6000042B15D89A00184BD3181B689F460120F9
:100A70000FF090FD0CE008200FF08CFD08E0202026
:100A80000FF088FD04E002200FF084FD00E0C04676
:100A90000E4B0122082118000FF01FFDFA239B00C6
:100AA00018000DF0DFFB094B0022082118000FF0A1
:100AB00014FD00E000231800BD4602B080BDC04612
:100AC00000700040000101001CFA02080004005000
:100AD000F0B585B000AF0B26BB1900221A700E23AB
:100AE000FB1808221A800823FB1800221A800FF036
:100AF00007FA7623FF331A0080231B021100180027
:100B00000FF036FBBE19FA239B0018000FF03EFAD7
:100B1000030033700B26BB191B78002B03D0554BF9
:100B20005B68DBB2A2E0544B5A69534B02218A4303
:100B30005A61524B1B78002B00D195E0504B1B782B
:100B40001B029AB24D4B1B78190008203B18521813
:100B50001A803B181B889BB23B6000237B6049498D
:100B60003A687B6801200FF07DF90B23FE18FA2309
:100B70009B0018000FF00AFA030033700B23FB18D8
:100B80001B78002B03D03B4B5B68DBB26EE03A4B2B
:100B90005A69394B01218A435A610D23FB180122FE
:100BA0001A705AE00C23FB1800221A704AE00D203C
:100BB0003B181B785A1E344B16214A43D35A002B3C
:100BC0003AD00E23FB181B882E4A9E183B181B7820
:100BD0005A1E0C23FB1818782B4913009B009B18F6
:100BE0005B009B181B185B005B5A1C0000231D0058
:100BF00022002B00310001200FF034F90B23FE18E6
:100C0000FA239B0018000FF0C1F9030033700B2387
:100C1000FB181B78002B03D0164B5B68DBB225E07A
:100C2000154B5A69144B01218A435A610E22BB1895
:100C3000BA18128808321A800C217B181A787B188F
:100C400001321A700C23FB181B780A2BAFD90D2127
:100C50007B181A787B1801321A70094B1B780D2209
:100C6000BA1812789A429DD90FF06EF91800BD4655
:100C700005B0F0BD20A7012000200240041500208F
:100C80007C00002000A80708FC100020B0B588B048
:100C900000AF18243B1900221A703B0000221A6092
:100CA000043311220021180016F07DF90FF028F905
:100CB000BB235A0080231B02110018000FF058FAC2
:100CC00025003C19FA239B0018000FF05FF9030080
:100CD00023707B191B78002B03D0654B5B68DBB25C
:100CE000C1E0644B5A69634B02218A435A61624BEB
:100CF000FB611B23FB1800221A70AAE01B203B1883
:100D00001A785E4913009B009B189B005B5C002BCC
:100D100000D198E03B00FE221A703B181A781300AD
:100D20009B009B189B00554A99183B0001331422E5
:100D3000180016F060FA1A23FB1800221A702BE034
:100D4000F9691A23FB181B78DB003A00D3181A68DC
:100D50005B6801200FF086F818257C19FA239B00A8
:100D600018000FF013F9030023707B191B78002B78
:100D700003D03F4B5B68DBB275E03E4B5A693D4B9D
:100D800001218A435A61FB690833FB611A217B18F0
:100D90001A787B1801321A701A23FB181B78042B5F
:100DA000CED91923FB1800221A7036E0F8691B23EC
:100DB000FB181A78314913009B009B189B00CB1835
:100DC0000C331B681922BA18127892009B181A6803
:100DD0005B68010001200FF045F818257C19FA2303
:100DE0009B0018000FF0D2F8030023707B191B78CA
:100DF000002B03D01E4B5B68DBB234E01D4B5A69FD
:100E00001C4B01218A435A61FB690833FB6119219C
:100E10007B181A787B1801321A701923FB181C787A
:100E20001B23FB181A78154913009B009B189B0085
:100E3000CB180C331B681800EFF770F9030001336F
:100E40009B089C42B2D31B217B181A787B18013275
:100E50001A700B4B1B781B22BA1812789A4200D2D8
:100E60004CE70FF071F81800BD4608B0B0BDC046A1
:100E700020A701200020024000B00708B81500207C
:100E8000A50A002080B500AF8F239A00084B0021EF
:100E9000180016F088F8074B01221A70064B002242
:100EA0001A70FFF715FE03001800BD4680BDC0464E
:100EB000FC1000207C00002004150020F0B589B053
:100EC00004AF05000C0010001900FB1D2A1C1A704D
:100ED000BB1D221C1A707B1D021C1A703B1D0A1CB4
:100EE0001A700F257B1900221A700E26BB190022DA
:100EF0001A704A4B1A787C19BB1D1B781900100018
:100F0000F3F784FE030023703B1D1B78002B0ED0EB
:100F1000424B1B78BA1D12789A4208D17B193A1DB0
:100F200012781A70BB193D4A12781A701BE03B1DEB
:100F30001B78002B17D1BB1D1B78013B384AD35CB3
:100F4000012B05D10E23FB18344A12781A700AE0DF
:100F5000BB1D1B78013B324AD35C5A1E0E23FB1883
:100F600030498A5C1A702D4B1B78FA1D12789A4210
:100F70002FD109F0ABFF0300BB603B1D1B78002B9A
:100F800008D1294B1968BB1D1A78BB68180015F0E9
:100F90007DFF08E0254B1968BB1D1A783B1D1B78A7
:100FA000B86815F073FF224B1A68BB68110018006F
:100FB00016F001F8BB681800EFF7B0F803009AB21A
:100FC000B9687B1D1878322304F00EFC64200DF004
:100FD00049F97B1D1B78180000F02CF80F257B19B0
:100FE0001B78180000F026F80C4B19780B4B1C7876
:100FF0007B191A787B1D18780023039301235B4229
:10100000029301235B420193022300932300FAF72A
:101010009BF8C046BD4605B0F0BDC0460415002093
:10102000381300208C1D00206C000020740000206C
:101030007000002080B584B000AF0200FB1D1A7064
:10104000FB1D1B78180004F02FFC0300FB60FB68FD
:10105000180012F007FAFB688022D2001A61FB68C0
:10106000802252019A60FB68180012F0A5F9FB6813
:101070001B681A68FB681B6820210A431A60C04677
:10108000BD4604B080BD000080B584B002AF03F05F
:10109000BDFF03F0F9FF04F035F804F063F804F045
:1010A00091F801F0B3FD03F06FFE09F091FC01230C
:1010B0007B6061E07B68DBB2180004F0F5FB0200A6
:1010C000384B9A4206D17B685A1E374B92003749FB
:1010D000D1504EE07B68DBB2180004F0E5FB020063
:1010E000334B9A4206D17B685A1E2F4B92003149EE
:1010F000D1503EE07B68DBB2180004F0D5FB020063
:101100002D4B9A4206D17B685A1E274B92002B49E1
:10111000D1502EE07B68DBB2180004F0C5FB020062
:10112000274B9A4206D17B685A1E1F4B92002549D5
:10113000D1501EE07B68DBB2180004F0B5FB020062
:10114000214B9A4206D17B685A1E174B92001F49C9
:10115000D1500EE07B68DBB2180004F0A5FB020062
:101160001B4B9A4205D17B685A1E0F4B92001949BE
:10117000D1507B6801337B607B68052B9ADD164B71
:101180001B68002B09D1154A15491648124B0193CB
:101190000323009300230BF064F8C046BD4602B061
:1011A00080BDC046E4250020D40E00200C00024083
:1011B00078260020200002400C2700203400024046
:1011C000A027002048000240342800205C00024094
:1011D000C8280020700002407C290020C4090000BB
:1011E00030FA0208B9150108B0B588B000AF0500A3
:1011F0000C0010001900BB1D2A1C1A807B1D221C2C
:101200001A703B1D021C1A70FB1C0A1C1A701F234B
:10121000FB1800221A701823FB1800221A601423EE
:10122000FB1800221A601023FB1800221A600C23FE
:10123000FB1800221A60BB1D1B88984A9446634421
:10124000082B00D91DE19A00954BD3181B689F46C7
:101250007B1D1B785A1E30243B19197891481300C6
:10126000DB009B1ADB00C3185B5C1A008E4B1A80F4
:101270007B1D1B785A1E3B191B78591C1300DB0081
:101280009B1ADB005A18874BD218874B1B88190012
:10129000100000F0E9F9FAE07B1D1B785A1E30259A
:1012A0007B1919787F481300DB009B1ADB00C318F9
:1012B0005A5C18243B191A707B1D1B785A1E7B1927
:1012C0001B78591C77481300DB009B1ADB00C318FE
:1012D0005A5C3B195A707B1D1B785A1E7B191B7870
:1012E000991C70481300DB009B1ADB00C3185A5C82
:1012F0003B199A707B1D1B785A1E7B191B78D91CD1
:1013000068481300DB009B1ADB00C3185A5C3B19CA
:10131000DA703B19180000F025FAB8E07B1D1B7845
:101320005A1E30257B1919785E481300DB009B1A82
:10133000DB00C3185A5C14243B191A707B1D1B7800
:101340005A1E7B191B78591C56481300DB009B1A48
:10135000DB00C3185A5C3B195A707B1D1B785A1E60
:101360007B191B78991C4F481300DB009B1ADB008C
:10137000C3185A5C3B199A707B1D1B785A1E7B1947
:101380001B78D91C47481300DB009B1ADB00C318ED
:101390005A5C3B19DA703B19180000F06BFA76E0E2
:1013A0007B1D1B785A1E30257B1919783D48130088
:1013B000DB009B1ADB00C3185A5C10243B191A701F
:1013C0007B1D1B785A1E7B191B78591C354813004E
:1013D000DB009B1ADB00C3185A5C3B195A707B1D5B
:1013E0001B785A1E7B191B78991C2E481300DB00B2
:1013F0009B1ADB00C3185A5C3B199A707B1D1B7843
:101400005A1E7B191B78D91C26481300DB009B1A37
:10141000DB00C3185A5C3B19DA703B19180000F066
:10142000E5F934E07B1D1B785A1E3023FB18197830
:101430001C481300DB009B1ADB00C3185A5C1B4BD3
:101440001A701D23FB181B78180000F04FF91EE0DE
:101450007B1D1B785A1E3023FB1819781148130086
:10146000DB009B1ADB00C3185A5C114B1A701E2359
:10147000FB181B78180000F057F908E000F020F97D
:1014800005E01F23FB1801221A7000E0C0461F234D
:10149000FB181B781800BD4608B0B0BD56FAFFFF18
:1014A00048FA0208B80A0020802D002028020020F7
:1014B0002902002080B582B000AF78607B681B688D
:1014C000124A934201D101231CE07B681B68104A39
:1014D000934201D1022315E07B681B680D4A9342B9
:1014E00001D103230EE07B681B680B4A934201D1B4
:1014F000042307E07B681B68084A934201D1052357
:1015000000E000231800BD4602B080BD004C004042
:10151000004400400048004000500040003C0140B2
:1015200080B500AF114B180009F01AFC104B1800E1
:1015300009F016FC0F4B180009F012FC0E4B1800B6
:1015400009F00EFC0D4B180009F00AFC0C4B1800BA
:1015500009F006FC0B4B180009F002FC0A4B1800BE
:1015600009F0FEFBC046BD4680BDC046B0F602088D
:101570001CF7020894F7020804F802087CF8020835
:101580000CF9020880F90208F8F9020880B584B065
:1015900000AF02003960FB1D1A700F217B1800227A
:1015A0001A707B1867221A70C0467B181B781800C7
:1015B000BD4604B080BD000080B584B000AF786047
:1015C000244A254B1100180009F00EFA0A200CF0ED
:1015D00049FE0E23FB1800221A802EE01F4B012229
:1015E000082118000EF079FF0A200CF03BFE1B4B7F
:1015F0000022082118000EF070FF0A200CF032FEC5
:101600000E23FB181A88164B1B681349895C154A70
:10161000D154134B1B685A1C114B1A60104B1A689B
:1016200080239B009A4202D10D4B00221A600E21AA
:101630007B181A887B1801321A80064B1B880E22F1
:10164000BA1812889A42C9D3024B00221A8009F0B4
:10165000B7FEB5E7802D002080290020000400504F
:10166000842D0020802B002080B584B000AF7860EE
:101670000A00BB1C1A800F23FB1800221A707B681B
:10168000002B12D0BB1C1B88002B0ED0BB1C1A8851
:101690007B681100180008F01FFABB1C1A887B68D1
:1016A0000021180015F07FFC03E00F23FB18FF2238
:1016B0001A700F23FB181B781800BD4604B080BDBC
:1016C00080B582B000AFFB1D00221A70064B0121CD
:1016D0001800FFF7C9FF0A200CF0C4FDFB1D1B78A2
:1016E0001800BD4602B080BD6CFA020880B584B017
:1016F00000AF0200FB1D1A700F217B1800221A7028
:10170000FB1D1B78002B02D17B18FF221A70054BA2
:10171000FA1D12781A700F23FB181B781800BD46AB
:1017200004B080BD2802002080B584B000AF020064
:10173000FB1D1A700F217B1800221A70FB1D1B78ED
:10174000002B02D17B18FF221A70054BFA1D12786C
:101750001A700F23FB181B781800BD4604B080BD1B
:101760002902002090B589B000AF78601F243B1992
:1017700000221A700823FB18180010231A000021F9
:1017800015F011FC7B68002B02D13B19FF221A7067
:101790000023BB610CE0BB697A68D3181B78190081
:1017A0000823FB18BA699200D150BB690133BB61B1
:1017B000BB69032BEFDD08217B181A687B185B6877
:1017C0001B021A437B189B681B041A437B18DB68B7
:1017D0001B061A43044B1A601F23FB181B781800C2
:1017E000BD4609B090BDC0461802002090B589B032
:1017F00000AF78601F243B1900221A700823FB18E1
:10180000180010231A00002115F0CDFB7B68002B77
:1018100002D13B19FF221A700023BB610CE0BB69A7
:101820007A68D3181B7819000823FB18BA6992004C
:10183000D150BB690133BB61BB69032BEFDD0821CC
:101840007B181A687B185B681B021A437B189B681D
:101850001B041A437B18DB681B061A43044B1A60EF
:101860001F23FB181B781800BD4609B090BDC04669
:101870001C02002090B589B000AF78601F243B198E
:1018800000221A700823FB18180010231A000021E8
:1018900015F089FB7B68002B02D13B19FF221A70DF
:1018A0000023BB610CE0BB697A68D3181B78190070
:1018B0000823FB18BA699200D150BB690133BB61A0
:1018C000BB69032BEFDD08217B181A687B185B6866
:1018D0001B021A437B189B681B041A437B18DB68A6
:1018E0001B061A43064B1A60054B1A68054B1A6013
:1018F0001F23FB181B781800BD4609B090BDC046D9
:10190000200200202402002090B587B000AF1724E9
:101910003B1900221A70474A474B10001900062352
:101920001A0015F068FC434A0621444B5018043352
:101930000622190015F05FFC414B1B68DAB210213A
:101940007B181A703E4B1B681B0ADAB27B185A7060
:101950003B4B1B681B0CDAB27B189A70384B1B6828
:101960001B0EDAB27B18DA70324B7A181268DA6022
:10197000344B1B68DAB20C217B181A70314B1B6890
:101980001B0ADAB27B185A702E4B1B681B0CDAB29A
:101990007B189A702B4B1B681B0EDAB27B18DA701F
:1019A000244B7A1812681A61274B1B68DAB23B1D68
:1019B0001A70254B1B681B0ADAB23B1D5A70224B6A
:1019C0001B681B0CDAB23B1D9A701F4B1B681B0E69
:1019D000DAB23B1DDA70174B3A1D12685A611B4B85
:1019E0001B68DAB208217B181A70184B1B681B0A97
:1019F000DAB27B185A70154B1B681B0CDAB27B18D5
:101A00009A70124B1B681B0EDAB27B18DA70094B06
:101A10007A1812689A610E4B1A78064B1A770D4B9A
:101A20001A78044B5A773B191B781800BD4607B04B
:101A300090BDC0465C29002010020020E036002046
:101A400018020020200200201C0200202402002096
:101A50002802002029020020B0B586B000AFF8604F
:101A6000B9607A6017243B1900221A7000233B6189
:101A70001023FA187B680121180009F02FFA0200E0
:101A8000154B1A60144B1B683A6992B225003C1939
:101A900011001800FFF7E8FD030023707B191B7885
:101AA000002B08D10D4B19680B4B1A68FB68180006
:101AB00015F0ECF90BE01723FB181B78FF2B06D170
:101AC000074B1A68FB681100180015F08CFB002307
:101AD0001800BD4606B0B0BD942D0020CC010020FA
:101AE000D001002090B587B000AFF860B9607A608F
:101AF00017243B1900221A70FFF7E2FD3B191B78EF
:101B0000002B06D1054B1A68FB681100180015F070
:101B1000BDF900231800BD4607B090BDD4010020D8
:101B2000F0B5C64600B596B000AF78623962FA618A
:101B30006B4698462F2318215B18DB1900221A7078
:101B40000F233B640023FB623B6C5A1EFA631A00AE
:101B5000BA600022FA60B868F9680200520F0E00FD
:101B6000F6007E617E6916437E610200D2003A6112
:101B70001A003A6000227A60386879680200520FD1
:101B80000E00F50015430200D4000733DB08DB002C
:101B90006A46D31A9D466B460033BB631023182157
:101BA0005B18DB1900221A6000233B6500237B636E
:101BB00000233B6314235B18DA19FB690121180029
:101BC00009F08CF90200494B1A600023FB640EE017
:101BD000464B1A68FB6CD3181B785BB2D9B2BA6B50
:101BE000FB6CD3180A1C1A70FB6C0133FB64FB6A94
:101BF000FA6C9A42ECDBFB6A013B3B64FB6A013BFB
:101C00007B650323BB6443E0BA6B7B6DD3181B7801
:101C10002E2B05D100233B657B6D013B7B6534E0BA
:101C2000BA6B7B6DD3181B78303B7B63386DF0F754
:101C300075FE02000B0000202D491AF019F8020071
:101C40000B0010001900F0F72DFE03003B6310207D
:101C500018240319DA19BB6CD3181A787B6BDBB222
:101C6000396BC9B24B43DBB2D318D9B20319DA19B5
:101C7000BB6CD3180A1C1A703B6D01333B657B6D3E
:101C8000013B7B657B6D002BBEDABB6C013BBB640B
:101C9000BB6C002BF6DA102318241B19DB19180073
:101CA000FFF760FD2F231B19DB191B78002B07D1D1
:101CB000104B1A687B6A1100180015F0E7F80DE068
:101CC0002F2318229B18DB191B78FF2B06D10A4BF8
:101CD0001A687B6A1100180015F085FA0023C546C2
:101CE0001800BD4616B080BCB846F0BD982D002047
:101CF00000002440D8010020DC010020F0B5C646D9
:101D000000B596B000AF78623962FA616B469846CA
:101D10002F2318215B18DB1900221A700F233B6454
:101D20000023FB623B6C5A1EFA631A00BA60002261
:101D3000FA60B868F9680200520F0E00F6007E6182
:101D40007E6916437E610200D2003A611A003A6051
:101D500000227A60386879680200520F0E00F500A0
:101D600015430200D4000733DB08DB006A46D31AB0
:101D70009D466B460033BB63102318215B18DB19AB
:101D800000221A6000233B6500237B6300233B6332
:101D900014235B18DA19FB690121180009F09EF879
:101DA0000200494B1A600023FB640EE0464B1A68A0
:101DB000FB6CD3181B785BB2D9B2BA6BFB6CD3182F
:101DC0000A1C1A70FB6C0133FB64FB6AFA6C9A42C2
:101DD000ECDBFB6A013B3B64FB6A013B7B65032355
:101DE000BB6443E0BA6B7B6DD3181B782E2B05D1F7
:101DF00000233B657B6D013B7B6534E0BA6B7B6DFB
:101E0000D3181B78303B7B63386DF0F787FD0200F9
:101E10000B0000202D4919F02BFF02000B001000D1
:101E20001900F0F73FFD03003B631020182403194D
:101E3000DA19BB6CD3181A787B6BDBB2396BC9B279
:101E40004B43DBB2D318D9B20319DA19BB6CD318E0
:101E50000A1C1A703B6D01333B657B6D013B7B6552
:101E60007B6D002BBEDABB6C013BBB64BB6C002BF3
:101E7000F6DA102318241B19DB191800FFF7B6FC3B
:101E80002F231B19DB191B78002B07D1104B1A6865
:101E90007B6A1100180014F0F9FF0DE02F231822BF
:101EA0009B18DB191B78FF2B06D10A4B1A687B6A3B
:101EB0001100180015F097F90023C5461800BD461B
:101EC00016B080BCB846F0BD9C2D00200000244018
:101ED000E0010020E4010020F0B5C64600B596B050
:101EE00000AF78623962FA616B4698462F23182159
:101EF0005B18DB1900221A700F233B640023FB627E
:101F00003B6C5A1EFA631A00BA600022FA60B86885
:101F1000F9680200520F0E00F6007E617E691643DA
:101F20007E610200D2003A611A003A6000227A60B3
:101F3000386879680200520F0E00F5001543020060
:101F4000D4000733DB08DB006A46D31A9D466B4694
:101F50000033BB63102318215B18DB1900221A60C1
:101F600000233B6500237B6300233B6314235B1842
:101F7000DA19FB690121180008F0B0FF0200494B93
:101F80001A600023FB640EE0464B1A68FB6CD31802
:101F90001B785BB2D9B2BA6BFB6CD3180A1C1A70EF
:101FA000FB6C0133FB64FB6AFA6C9A42ECDBFB6A64
:101FB000013B3B64FB6A013B7B650323BB6443E05D
:101FC000BA6B7B6DD3181B782E2B05D100233B6594
:101FD0007B6D013B7B6534E0BA6B7B6DD3181B785E
:101FE000303B7B63386DF0F799FC02000B0000205A
:101FF0002D4919F03DFE02000B0010001900F0F70A
:1020000051FC03003B63102018240319DA19BB6C40
:10201000D3181A787B6BDBB2396BC9B24B43DBB296
:10202000D318D9B20319DA19BB6CD3180A1C1A7069
:102030003B6D01333B657B6D013B7B657B6D002B0D
:10204000BEDABB6C013BBB64BB6C002BF6DA102321
:1020500018241B19DB191800FFF70CFC2F231B1980
:10206000DB191B78002B07D1104B1A687B6A110013
:10207000180014F00BFF0DE02F2318229B18DB191A
:102080001B78FF2B06D10A4B1A687B6A11001800D7
:1020900015F0A9F80023C5461800BD4616B080BC4F
:1020A000B846F0BDA02D002000002440E80100202B
:1020B000EC010020F0B5DE4657464E464546E0B5F9
:1020C000B7B01CAFF865B9657A6517255026AB190E
:1020D000DB1900221A70AB19DC19FFF715FC03009D
:1020E0002370AB19DB191B78002B00D093E04F4B0A
:1020F0001B683B654E4B1B78FB644D4B5B78BB64A8
:102100004B4B9B787B644A4BDB783B64484B1B7999
:10211000FB63474B5B79BB63454B9B797B63444BCC
:10212000DB793B63424B1B7AFB62414B5B7ABB62C0
:102130003F4B9B7A7B623E4BDB7A3B623C4B1B7B8B
:10214000FB613B4B5B7BBB61394B9B7B7B61384BC2
:10215000DB7B3B61364B1B7CFB60354B5B7CBB60A8
:10216000334B9B7C7B60324BDB7C9B46304B1B7D37
:102170009A462F4B5B7D99462D4B9B7D98462C4B69
:10218000DB7D9C462A4B1B7E1E00294B5B7E1D007F
:10219000274B9B7E1C00264BDB7E1900244B1B7FAC
:1021A0001A00234B5B7FF86D1B931A9219911894B8
:1021B0001795169664461594444614944C46139409
:1021C000544612945C4611947C681094BC680F9439
:1021D000FC680E943C690D947C690C94BC690B946A
:1021E000FC690A943C6A09947C6A0894BC6A079466
:1021F000FC6A06943C6B05947C6B0494BC6B039462
:10220000FC6B02943C6C01947C6C0094BB6CFA6C8B
:10221000396D14F03BFE00231800BD461BB0F0BC26
:10222000BB46B246A946A046F0BDC046F00100201C
:102230005C290020B0B586B000AFF860B9607A6064
:1022400017243B1900221A7000233B6116257B19C5
:1022500000221A701023FA187B680121180008F078
:102260003DFE0200184B1A60174B1B68180013F054
:1022700092FA020029007B181A7025003C197B187D
:102280001B781800FFF732FA030023707B191B78C4
:10229000002B08D10D4B19680B4B1A68FB6818000E
:1022A00014F0F4FD0BE01723FB181B78FF2B06D16D
:1022B000074B1A68FB681100180014F094FF002304
:1022C0001800BD4606B0B0BDA42D0020F4010020CA
:1022D000F8010020B0B586B000AFF860B9607A6050
:1022E00017243B1900221A7000233B6116257B1925
:1022F00000221A701023FA187B680121180008F0D8
:10230000EDFD0200184B1A60174B1B68180013F004
:1023100042FA020029007B181A7025003C197B182C
:102320001B781800FFF700FA030023707B191B7855
:10233000002B08D10D4B19680B4B1A68FB6818006D
:1023400014F0A4FD0BE01723FB181B78FF2B06D11C
:10235000074B1A68FB681100180014F044FF0023B3
:102360001800BD4606B0B0BDA82D0020FC0100201D
:102370000002002080B582B000AF1A4B9A6B194B57
:1023800001210A439A63174B9B6B012213407B6028
:102390007B68144B9A6B134B02210A439A63114BCF
:1023A0009B6B022213403B603B6800220021092006
:1023B0000CF07AFF09200CF08CFF002200210A208B
:1023C0000CF072FF0A200CF084FF002200210B2089
:1023D0000CF06AFF0B200CF07CFFC046BD4602B03B
:1023E00080BDC0460010024080B582B000AFFB1D2A
:1023F00000221A70324B5B78002B0ED1314B1A68D9
:10240000314B1100180000F069F8031E05D0FB1DC8
:10241000FF221A70FB1D1B784DE0294B9B78002B87
:102420000ED1284B5A68294B1100180000F056F8BD
:10243000031E05D0FB1DFF221A70FB1D1B783AE01E
:102440001F4BDB78002B0ED11E4B9A68204B1100DE
:10245000180000F043F8031E05D0FB1DFF221A7080
:10246000FB1D1B7827E0164B1B79002B0ED1154B5B
:10247000DA68184B1100180000F030F8031E05D080
:10248000FB1DFF221A70FB1D1B7814E00C4B5B79BF
:10249000002B0ED10B4B1A690F4B1100180000F0E6
:1024A0001DF8031E05D0FB1DFF221A70FB1D1B78B3
:1024B00001E0FB1D1B781800BD4602B080BDC04680
:1024C000B00A0020FC2D0020A02700207826002044
:1024D0000C27002034280020C828002090B585B0A3
:1024E00000AF786039600F243B1900221A707B68B6
:1024F0001800FEF7DFFF03005A1E13005B009B1855
:102500009B010F4A99187B68C022180012F0EEFF59
:10251000031E05D03B19FF221A703B191B780AE0F5
:102520003B681B681A683B681B6804218A431A6071
:102530000F23FB181B781800BD4605B090BDC046A0
:1025400028180020F0B587B000AFF860B960BB1D57
:102550001A8017257B1900221A701626BC19FB68F1
:102560001800FEF7A7FF030023701523FC18BB68B3
:102570001800FEF79FFF03002370BB191B785A1E3B
:10258000294B9200D3583B611523FB181B78002B75
:1025900027D1FB681800FEF78DFF0300013B234A9B
:1025A0000021D15480239A00214B0021180014F0FF
:1025B000FAFCBB1D1A881E49FB68180012F096FF32
:1025C000031E05D07B19FF221A707B191B7826E0A9
:1025D0003B691B681A683B691B6804218A431A60BF
:1025E0001AE0BB681B6828331900BB1D1A88FB68FA
:1025F000180012F07BFF031E06D017217B18FF2264
:102600001A707B181B780AE03B691B681A683B69E3
:102610001B6804218A431A601723FB181B781800D3
:10262000BD4607B0F0BDC046FC2D0020CC230020E5
:10263000000C002090B587B000AF0200FB1D1A709F
:1026400017243B1900221A70FB1D1B78180003F099
:102650002BF903003B61FB1D1B785A1E174B9200A0
:10266000D358FB603B69180011F090F8031E05D0A9
:102670003B19FF221A703B191B781AE0FB681B6894
:1026800000225A60FB1D1B780D4AD35C022B0DD132
:10269000FB1D1B785A1E0B4B92000021D150FB1DD5
:1026A0001B785A1E084B92000021D1501723FB18AB
:1026B0001B781800BD4607B090BDC046FC2D002019
:1026C000B00A0020FC1B0020101C002090B585B033
:1026D00000AF0200FB1D1A700F243B1900221A7074
:1026E000FB1D1B781800FFF7A5FF031E05D03B1943
:1026F000FF221A703B191B780DE0FB1D1B78180098
:1027000003F0D2F80300BB60BB68180002F08AFD3A
:102710000F23FB181B781800BD4605B090BD0000C4
:1027200090B585B000AF0200FB1D1A700F243B1955
:1027300000221A70FB1D1B781800FFF77BFF031E99
:1027400005D03B19FF221A703B191B7840E0FB1D96
:102750001B78180003F0A8F80300BB60BB681800E2
:1027600002F060FDFB1D1B785A1E1B4B9200D358D4
:102770009B6A1800FEF79EFE03001A00174B00210B
:102780009954FB1D1B785A1E154B92000021D15005
:10279000FB1D1B78013B134A0021D154FB1D1B7804
:1027A000180003F081F8FB1D1B785A1E0A4B92009B
:1027B000D3581900FFF792FE031E06D00F217B1895
:1027C000FF221A707B181B7802E00F23FB181B787E
:1027D0001800BD4605B090BDFC2D0020B00A0020B9
:1027E000E81B0020CC23002080B500AF0D4B0E4A23
:1027F0001A600C4B1022DA600A4B00225A71094B06
:1028000000221A71074B00225A61064B00229A617E
:10281000044B03221A62034B18000CF077FDC046EC
:10282000BD4680BD142E00200030024080B584B02B
:1028300000AF7860084B9A6B074B802149010A432F
:102840009A63054B9A6B80235B011340FB60FB6826
:10285000C046BD4604B080BD0010024080B586B0C1
:1028600000AF78600A00BB1C1A800823FB18002206
:102870001A607B68002B00D192E0BB1C1B88002BE8
:1028800000D18DE0BB1C1B88032B33D81623FB180B
:1028900000221A7000233B611BE01622BB181B7834
:1028A000BA18591C11701A007B689B1819780823F4
:1028B000FA183B69D3180A1C1A70BB1CBA1C128880
:1028C000013A1A80BB1C1B88002B06D03B690133E0
:1028D0003B613B69032BE0DD00E0C0460823F918AB
:1028E000324B012218000CF0BEFD02001723FB182A
:1028F0001A7051E0BB1C1B889B089BB21A007968B8
:102900002A4B18000CF0AFFD02001723FB181A70B9
:10291000BB1C1B88032213409BB2002B3CD0BB1C6A
:102920001B88DAB21623FB1803218A431A70BB1CDA
:10293000BA1C128803210A401A800023FB601BE0A6
:102940001622BB181B78BA18591C11701A007B6824
:102950009B1819780823FA18FB68D3180A1C1A70F8
:10296000BB1CBA1C1288013A1A80BB1C1B88002BA6
:1029700006D0FB680133FB60FB68032BE0DD00E061
:10298000C0460823F918094B012218000CF024FD59
:1029900002001723FB181A701723FB181B7800E09E
:1029A00000231800BD4606B080BDC046142E00208E
:1029B00080B500AFBFF34F8FC046044B044ADA60C6
:1029C000BFF34F8FC046C046FDE7C04600ED00E0B4
:1029D0000400FA0590B583B000AFFB1D00221A7009
:1029E0003B1D00221A800DF08BFA3C1D002003F0E5
:1029F0009FF9030023803B1D1B88022B07D03B1D42
:102A00001B880A2B03D03B1D1B880C2B05D100F023
:102A100066F80DF099FAFFF7CBFF0DF095FAFB1D64
:102A20001B781800BD4603B090BD90B585B000AFCF
:102A300002003960BB1D1A800F243B1900221A7056
:102A40003A68BB1D1B881100180004F0FFFE031E2E
:102A500005D03B190A221A703B191B7802E00F239C
:102A6000FB181B781800BD4605B090BDB0B584B00A
:102A700000AF0200BB1D1A803B1D0A1C1A800F23E9
:102A8000FB1800221A700C257B1900221A800DF009
:102A900037FA7C193B1D1A88BB1D1B8811001800D2
:102AA00004F004FF030023807B191A8880235B0055
:102AB0009A4202D104F01EFF08E00C23FB181B8889
:102AC000002B03D00DF040FA0A2304E00DF03CFA8D
:102AD0000F23FB181B781800BD4604B0B0BD80B5AD
:102AE00082B000AFFB1D00221A700DF009FA002021
:102AF00004F058FD031E07D00DF026FAFB1D0A2234
:102B00001A70FB1D1B7803E00DF01EFAFB1D1B78ED
:102B10001800BD4602B080BD80B500AF074B1B68F2
:102B2000074A934206D0FFF7DAFF031E02D1034B98
:102B3000034A1A60C046BD4680BDC046F07F0020F3
:102B4000ADDEEFBE80B586B000AF214B5A6B204B97
:102B500004210A435A631E4B5B6B042213407B61C2
:102B60007B691B4B5A6B1A4B01210A435A63184B62
:102B70005B6B012213403B613B69154B5A6B144B55
:102B800008210A435A63124B5B6B08221340FB6017
:102B9000FB680F4B5A6B0E4B02210A435A630C4BD6
:102BA0005B6B02221340BB60BB68094B5A6B084B3E
:102BB00020210A435A63064B5B6B202213407B6043
:102BC0007B6800F007F8C046BD4606B080BDC04631
:102BD0000010024080B586B000AF3B1D08221A608D
:102BE0003B1D01225A603B1D00229A603B1D0222C0
:102BF000DA603B1D044A190010000DF0E5FAC046EA
:102C0000BD4606B080BDC0460004005090B589B0F6
:102C100000AF0C243B19180014231A00002114F0F3
:102C2000C2F92D4B5A6B2C4B20210A435A632A4B75
:102C30005B6B20221340BB60BB68274B5A6B264B53
:102C400001210A435A63244B5B6B012213407B60D2
:102C50007B68214B5A6B204B02210A435A631E4B5F
:102C60005B6B022213403B603B68A023DB05012223
:102C7000102118000DF031FC184B01220121180021
:102C80000DF02BFC3B1910221A603B1901225A60EF
:102C90003B1900229A603B190022DA603A19A023FE
:102CA000DB05110018000DF08FFA21007B180122BE
:102CB0001A607B1801225A607B1800229A607B18E8
:102CC0000022DA607B18054A190010000DF07CFA2A
:102CD000C046BD4609B090BD00100240000400503F
:102CE000F0B593B002AF534B5A6B524B01210A43DC
:102CF0005A63504B5B6B012213403B613B694D4B68
:102D00005A6B4C4B02210A435A634A4B5B6B0222BB
:102D10001340FB60FB68474B5A6B464B04210A4348
:102D20005A63444B5B6B04221340BB60BB68414B4E
:102D30005A6B404B08210A435A633E4B5B6B082297
:102D400013407B607B682423F8181A257A192823FE
:102D5000F9181823FB1800930300012000F06EF807
:102D60001C23F8181623FA182023F9181426BB1967
:102D700000930300052000F061F82C217B1801224C
:102D80005A607B1800229A607B191B881A007B18F6
:102D90001A60BB6A1A000C007B18190010000DF0B5
:102DA00013FA21007B1800225A607B1802229A60D5
:102DB000BB191B881A007B181A60FB691A007B1864
:102DC000190010000DF000FABB6A18007B191B886F
:102DD000002219000DF081FB052002F0F3F8FB69D9
:102DE0001A00BB191B88190010000DF059FB031EB7
:102DF00017D1BB6A18007B191B88012219000DF03E
:102E00006CFB052002F0DEF8FB691A00BB191B8879
:102E1000190010000DF044FB0300012B01D1012328
:102E200004E0054B012252421A6000231800BD46FF
:102E300011B0F0BD00100240F07F002080B586B0D8
:102E400000AFB9607A603B600F217B18021C1A70DA
:102E50001723FB1800221A707B181B78180002F049
:102E600023FD03003B613A69354B9A4260D03A69D1
:102E7000344B9A420ED1BB68A022D2051A607B68FF
:102E800004221A803B68A022D2051A603B6A0822FD
:102E90001A804DE03A692C4B9A420ED1BB682B4AFE
:102EA0001A607B688022D2001A803B68274A1A6029
:102EB0003B6A802212011A803AE03A69244B9A4216
:102EC0000ED1BB68A022D2051A607B6801221A804D
:102ED0003B68A022D2051A603B6A02221A8027E0D2
:102EE0003A691C4B9A420CD1BB681B4A1A607B683A
:102EF00008221A803B68184A1A603B6A04221A802A
:102F000016E03A69154B9A420ED1BB680F4A1A6017
:102F10007B68802252001A803B680C4A1A603B6A28
:102F2000802292001A8003E01723FB18FF221A70F8
:102F30001723FB181B781800BD4606B080BDC0469D
:102F4000E4250020782600200C27002000040050F3
:102F5000A027002034280020000C0050C8280020A2
:102F600080B500AF1D4B1E4A1A601C4B8022120612
:102F70005A601A4B00229A60184B0022DA60174BF5
:102F8000802212061A61154B04225A61134B00224B
:102F90001A76124B00225A76104B01229A760F4B6A
:102FA0002022002199540D4B00225A620B4B002223
:102FB0009A620A4B2C2200219954084B00221A6372
:102FC000064B18000BF0F4FA031E01D000F060F875
:102FD000044B01221A70C046BD4680BDF82E002069
:102FE00000240140DA2E002090B58BB000AF78604D
:102FF00014243B19180014231A00002113F0D3FFE6
:10300000214B1A6C204B802149030A431A641E4B42
:103010001A6C80235B0313403B613B691A4B5A6B6C
:10302000194B01210A435A63174B5B6B0122134072
:10303000FB60FB68154B1B78012B10D13B190C2250
:103040001A603B1903225A603B1900229A603A1910
:10305000A023DB05110018000DF0B6F810E01421D4
:103060007B1803221A607B1803225A607B18002207
:103070009A607A18A023DB05110018000DF0A4F85F
:10308000C046BD460BB090BD00100240D82E0020B7
:1030900080B500AF64200BF0E5F8C046BD4680BDAA
:1030A00080B582B000AF786039607B681B681F4ACA
:1030B000934209D11E4A3B6811001800EDF724F82D
:1030C000031E01D11B4B2CE07B681B68174A9342FF
:1030D00009D1194A3B6811001800EDF715F8031ED5
:1030E00001D1164B1DE07B681B68154A934209D13C
:1030F0000F4A3B6811001800EDF706F8031E01D1D6
:1031000001230EE07B681B680D4A934209D10A4AED
:103110003B6811001800ECF7F7FF031E01D1094BC3
:10312000FFE71800BD4602B080BDC0460044004025
:10313000C4FC020804000008C8FC02080800000CD7
:10314000004C00400200000480B582B000AF0200D5
:103150003960FB1D1A70FB1D1B78022B0BD1204A16
:103160003B6811001800ECF7CFFF031E03D11D4B85
:1031700000221A702EE0FB1D1B78022B0BD11A4A7D
:103180003B6811001800ECF7BFFF031E03D1154B7D
:1031900001221A701EE0FB1D1B78032B0BD1104A75
:1031A0003B6811001800ECF7AFFF031E03D10D4B75
:1031B00002221A700EE0FB1D1B78032B0AD10A4A6B
:1031C0003B6811001800ECF79FFF031E02D1054B6E
:1031D00003221A70034B1B781800BD4602B080BD55
:1031E000C4FC0208DB2E0020C8FC020890B587B0A2
:1031F00002AF0F23FB1800221A700E23FB180022C7
:103200001A700D23FB1801221A7096E20D203B184C
:103210001A78CD4913005B009B18CB1801331B783B
:10322000002B00D183E2C94B1B7801225340DBB253
:10323000002B07D03B181A78C34913005B009B187A
:1032400000225A543C1DBA1C0823F9180D23FB1800
:1032500018783B0000932300FFF7F0FDBB681800CF
:10326000BB1C1B88002219000DF037F90A2001F061
:1032700085FE7B681A003B001B88190010000DF0CA
:103280000FF9031E16D1BB681800BB1C1B88012256
:1032900019000DF022F90A2001F070FE7B681A0077
:1032A0003B001B880F217C18190010000DF0F8F866
:1032B00003002370BB681800BB1C1B880022190088
:1032C0000DF00BF90D23FB181A789F4913005B00D2
:1032D0009B18CB1801331B78042B44D057DC032BED
:1032E0002DD054DC012B02D0022B14D04FE00F2341
:1032F000FB181B78012B04D10E23FB1804221A7033
:1033000047E00F23FB181B78002B42D10E23FB183C
:1033100003221A703DE00F23FB181B78012B04D108
:103320000E23FB1804221A7035E00F23FB181B78BC
:10333000002B30D10E23FB1803221A702BE00F2331
:10334000FB181B78012B04D10E23FB1802221A70E4
:1033500023E00F23FB181B78002B1ED10E23FB1834
:1033600001221A7019E00F23FB181B78012B04D1DE
:103370000E23FB1801221A7011E00F23FB181B7893
:10338000002B0CD10E23FB1802221A7007E0C04656
:1033900006E0C04604E0C04602E0C04600E0C04689
:1033A0000E22BB181B78042B03D0BB181B78022BF2
:1033B00019D10D217B181A78654B9200D358654AB4
:1033C000934209D87B181B78614A99008A58511C8E
:1033D0005F4A9B00995006E00D23FB181A785C4B5E
:1033E00092000021D1500E22BB181B78032B03D072
:1033F000BB181B78012B40D10D217B181A78564B36
:103400009200D358534A934209D87B181B78524AEA
:1034100099008A58511C504A9B00995006E00D2390
:10342000FB181A784C4B92000021D1504B4B1B7863
:10343000022B11D10D217B181B78494AD25C494BD4
:103440005B799A4208D87B181B78454AD25C0132D6
:10345000D1B2434AD15410E00D217B181B78404A69
:10346000D25C404B5B799A4207D93C4B00221A70E0
:103470007B181B783A4A0021D1540D217B181A7809
:10348000334B9200D358374A1288934200D286E0D9
:103490007B181A782E4B9200D358324A12889342E6
:1034A00008D17B181B782A4A99008A58511C284A4F
:1034B0009B0099500D217B181A78274B9200D35806
:1034C000284A1288934205D97B181A78224B920019
:1034D0000021D1500D217B181A781D4B9200D35832
:1034E000204A528893423FD97B181A78184B920091
:1034F000D258FA235B009A4236D2184B1B78002B25
:1035000003D1164B01221A7048E0144B1B78022B92
:1035100044D10D217B181B78114AD25C114B1B79C9
:103520009A423BD97B181B780D4AD25C0D4B5B79D4
:103530009A4233D2094B03221A707B181B78084A2F
:103540000021D1542AE0C046C42E0020882E00203D
:10355000942E0020FEFF0000AC2E0020682F0020DB
:103560008C2E0020081500200D217B181A78784B2E
:103570009200D258FA235B009A4210D37B181A7833
:10358000734B9200D358734A934208D8724B1B78FE
:10359000002B04D0704B00221A7000E0C0460D21B1
:1035A0007B181A786D4B9200D3586D4A128893425B
:1035B0005DD37B181A78694B9200D358684A1288F9
:1035C000934211D108007B181A78664913005B00FA
:1035D0009B1807225A543B181B78604A99008A5856
:1035E000511C5E4A9B0099500D217B181A78584B4C
:1035F0009200D3585A4A1288934205D97B181A78F8
:10360000534B92000021D1500D217B181A78534B57
:103610009200D358524A5288934228D97B181A787C
:103620004E4B9200D258FA235B009A421FD24A4B6B
:103630001B78012B0BD17B181A784A4913005B00C9
:103640009B1805225A54444B02221A700FE0424B39
:103650001B78032B0BD10D23FB181A78414913005B
:103660005B009B1806225A543B4B00221A700D2314
:10367000FB181A783B4913005B009B185B5C072B17
:1036800005D04FDC052B11D0062B2DD04AE00D24A0
:103690003B191B78180000F043FD3B191A7831499B
:1036A00013005B009B1800225A5440E02E4B1B78FD
:1036B00001225340DBB2002B36D00D203B181A7884
:1036C000284913005B009B18CB1802331B781A00A3
:1036D0000123134028D0244B01221A703B181B7879
:1036E000180000F027FD1FE01F4B1B7801225340FC
:1036F000DBB2002B1AD00D203B181A7819491300A1
:103700005B009B18CB1802331B781A00022313406E
:103710000CD0154B01221A703B181B78180000F0D2
:1037200013FD03E0C04602E0C04600E0C0460D21A4
:103730007B181A787B1801321A700D23FB181B783E
:10374000052B00D862E5C046C046BD4605B090BD19
:10375000942E0020FEFF0000682F0020AC2E0020D9
:1037600008150020C42E0020882E0020F0B58FB050
:1037700002AF0200FB1D1A70BB1D0A1C1A702F231A
:10378000FB1800221A702E23FB1800221A708C4B93
:103790001B78002B0FD0BB1D1A788A4B9200D35890
:1037A000180007F09FFABB1D1A78874B9200D35878
:1037B000180007F097FABB1D1B78844A0421D154E6
:1037C0007F4B1B78002B08D0BB1D1B78180002F024
:1037D0006BF8030018000FF045FE1023FC180E25AF
:1037E0007A191423F918BB1D18780C26BB190093FD
:1037F0002300FFF723FB7B191B881A0018243B19B1
:103800001A603B1901225A603B1900229A603B1949
:103810000022DA607B691A003B19190010000CF0D5
:10382000D3FCBB191B881A003B191A603B190022F4
:103830005A603B1902229A603B691A003B19190031
:1038400010000CF0C1FCBB1D1A78614913005B002D
:103850009B18CB180133FA1D12781A70BB1D1B7808
:103860003A339BB29B009BB20A243A19110018000C
:10387000FFF7DBF803001A002C217B181A807B1855
:103880001B88002B57D13B191B881B0A9AB22E218B
:103890007B181A707B181B781B09DBB2BA1D1278D3
:1038A0009A4209D17B181B780F221A40FB1D1B7806
:1038B0009A4201D100237FE0BB1D1B781B031AB283
:1038C000FB1D1B781B021BB213431BB29AB20A21C9
:1038D0007B181A80BB1D1B783A339BB29B009AB2AF
:1038E0007B181B8819001000FFF7C0F8BB1D1B7860
:1038F0003A339BB29B009BB201339BB2002118006C
:10390000FFF7B4F8BB1D1B783A339BB29B009BB208
:1039100002339BB200211800FFF7A8F8BB1D1B78EB
:103920003A339BB29B009BB203339BB20021180039
:10393000FFF79CF83DE0BB1D1B781B031AB2FB1D73
:103940001B781B021BB213431BB29AB20A217B18CD
:103950001A80BB1D1B783A339BB29B009AB27B182E
:103960001B8819001000FFF781F8BB1D1B783A3344
:103970009BB29B009BB201339BB200211800FFF762
:1039800075F8BB1D1B783A339BB29B009BB2023388
:103990009BB200211800FFF769F8BB1D1B783A3372
:1039A0009BB29B009BB203339BB200211800FFF730
:1039B0005DF82F23FB181B781800BD460DB0F0BD35
:1039C000A30A0020A81C0020C41C0020B00A00206C
:1039D000C42E002080B586B000AF0200FB1D1A7017
:1039E0001723FB1800221A70FB1D1A785549130083
:1039F0005B009B18CB18013300221A70FB1D1A784C
:103A0000504913005B009B1800225A54FB1D1A7882
:103A10004C4913005B009B18CB18023300221A702C
:103A2000FB1D1B783A339BB29B009BB20E22BA1847
:103A300011001800FEF7F9FF03001A0014217B188B
:103A40001A807B181B88002B2DD1FB1D1B783A3365
:103A50009BB29B009BB200211800FFF707F8FB1DEB
:103A60001B783A339BB29B009BB201339BB200217F
:103A70001800FEF7FBFFFB1D1B783A339BB29B003F
:103A80009BB202339BB200211800FEF7EFFFFB1D33
:103A90001B783A339BB29B009BB203339BB200214D
:103AA0001800FEF7E3FFFB1D1B78180001F0FCFE79
:103AB00003003B613B691B68234A93422BD03B695F
:103AC0001B68224A934202D101F0A0FA23E03B692D
:103AD0001B681F4A934202D101F0D6FA1BE03B69F2
:103AE0001B681C4A934202D101F00CFB13E03B69B6
:103AF0001B68194A934202D101F034FB0BE03B6989
:103B00001B68164A934202D101F05CFB03E01723C5
:103B1000FB18FF221A70FB1D1B78114A0021D1549B
:103B2000FB1D1B785A1E0F4B9200D2583B691100A7
:103B30001800FEF7D3FC1723FB181B781800BD46AE
:103B400006B080BDC42E0020003801400044004073
:103B500000480040004C004000500040003C014044
:103B6000B00A0020FC2D0020B0B584B000AF0400E6
:103B700008001100FB1D221C1A70BB1D021C1A70CC
:103B80007B1D0A1C1A700F23FB1800221A70FB1DE4
:103B90001A78514913005B009B18CB1801331B782E
:103BA000002B01D10B2392E07B1D1B78012B07D04A
:103BB0007B1D1B78002B19D1BB1D1B78052B15D144
:103BC000FB1D1A78444913005B009B18CB18023385
:103BD0001B78FA1D127801210B43D8B23E4913001D
:103BE0005B009B18CB180233021C1A707B1D1B78DC
:103BF000012B07D07B1D1B78002B19D1BB1D1B7817
:103C0000062B15D1FB1D1A78334913005B009B1856
:103C1000CB1802331B78FA1D127802210B43D8B25D
:103C20002D4913005B009B18CB180233021C1A703D
:103C3000FB1D1B783A339BB29B009BB208243A19B8
:103C400011001800FEF7F1FE03001A000C217B188A
:103C50001A807B181B88002B34D13B191B881B0A48
:103C60009AB20B257B191A703B191B88D9B2FB1D20
:103C70001A78194813005B009B18C31802331B788D
:103C8000994221D07B191B781B0219B2FB1D1A78AF
:103C9000114813005B009B18C31802331B781BB23A
:103CA0000B431BB29AB23B191A80FB1D1B783A33A7
:103CB0009BB29B009AB23B191B8819001000FEF7BB
:103CC000D5FE01E00B2302E00F23FB181B78180040
:103CD000BD4604B0B0BDC046C42E002080B584B03F
:103CE00000AF0200FB1D1A700F23FB1800221A7090
:103CF000FB1D1B78022B03D0FB1D1B78012B22D14F
:103D0000FB1D1B78022B03D1164B01221A7002E017
:103D1000144B01225A70FB1D1B78180001F0C4FDE2
:103D2000030018000FF09EFBFB1D1B780E4A0621B6
:103D3000D1540E4B1B78002B0CD1FFF711F90C4B13
:103D400000221A7006E00F217B1819221A707B18C6
:103D50001B7802E00F23FB181B781800BD4604B047
:103D600080BDC046D82E0020B00A0020DA2E0020E8
:103D7000F42E002090B587B000AFB9607A600F21B3
:103D80007B18021C1A701723FB1800221A707B186C
:103D90001B78022B04D07B181B78012B00D07BE012
:103DA000404B1B78012B55D10F243B191B78180071
:103DB00001F07AFD0200BB6819001000FFF770F9EE
:103DC00003009AB2384B1A80BA683B191B7811006D
:103DD0001800FFF7B9F903001A00344B1A70324B80
:103DE0001B881A00324B1A60314B01225A60304B4B
:103DF00006229A602E4A2F4B110018000AF0AAFEE4
:103E00002C4B18000AF07CFD2A4B642118000AF0A4
:103E100001FE284B18000AF091FE0100234B1B788D
:103E20001A0089B2244B5200D152224B18000AF0DA
:103E3000B5FD1D4B1B881A001D4B1A601C4B02223E
:103E40005A601B4B06229A60194A1A4B110018003F
:103E50000AF080FE154B1B781A00174B5200D35AFC
:103E60001800EEF75BFD154A154BEDF795FE0200C5
:103E70000B00100019000022124BEDF749FA020066
:103E80000B0010001900EEF7E3FD021C7B681A60BE
:103E90001723FB181B7800E019231800BD4607B054
:103EA00090BDC046DA2E0020DC2E0020DB2E002044
:103EB0005C2F0020F82E0020E02E0020666666664B
:103EC00066660A4000FEAF40B0B582B000AF7860D1
:103ED0003960634B1B78002B04D1FFF741F8614B2D
:103EE00000221A70604B614A1A605F4B01225A60CF
:103EF0005D4B02229A605C4A5D4B110018000AF08B
:103F000029FE5B4B18000AF0FBFC594B642118009A
:103F10000AF080FD564B18000AF010FE03009AB21A
:103F2000544B1A80534B1B881800EEF7F7FC524A8B
:103F3000524BEDF731FE02000B0010001900002279
:103F40004F4BEDF7E5F902000B00100019004D4A48
:103F50004D4BEEF7E9F802000B00100019004B4A38
:103F60004B4BEDF7D5F902000B00100019000022B1
:103F7000484BECF769FE02000B0010001900EEF749
:103F800067FD021C7B681A60394B18000AF006FDB9
:103F9000354B364A1A60344B02225A60324B0222A9
:103FA0009A60314A324B110018000AF0D3FD2E4BB3
:103FB000394A1A602C4B01225A602B4B06229A6018
:103FC000294A2B4B110018000AF0C4FD284B180099
:103FD0000AF096FC264B642118000AF01BFD244BC6
:103FE00018000AF0ABFD03009AB22C4B1A802C4B40
:103FF0001B881800EEF792FC1F4A204BEDF7CCFD12
:1040000002000B0014001D00244B1B881800EEF763
:1040100085FC02000B0020002900EDF779F9020071
:104020000B0010001900EEF713FD021C3B681A602C
:104030000F4B18000AF0B2FC0B4B174A1A600A4BE0
:1040400002225A60084B02229A60074A084B11006C
:1040500018000AF07FFDC046BD4602B0B0BDC046A4
:10406000DA2E0020F42E00205C2F0020001000B07B
:10407000F82E0020E82E00206666666666660A4016
:1040800000FEAF408FC2F5285C8FF63F33333333E9
:104090003333114000003940002000B4EA2E0020E4
:1040A000AA75FF1FB0B586B000AFB9607A600F2463
:1040B0003B19021C1A7017257B1900221A70002365
:1040C0003B611023FA18B9683B191B781800FFF7F9
:1040D00051FE031E18D13B690E49181CECF776FC03
:1040E000031C181CEEF76CFC0B4A0C4BEDF710F997
:1040F00002000B0010001900EEF7AAFC021C7B68FE
:104100001A607B191B7800E019231800BD4606B021
:10411000B0BDC0460000C8426666666666660A4074
:1041200080B582B000AF0200FB1D1A70C046BD46CC
:1041300002B080BD80B582B000AF0200FB1D1A70D6
:10414000C046BD4602B080BD80B582B000AF02005F
:10415000FB1D1A70C046BD4602B080BD80B500AFE1
:10416000BFF34F8FC046044B044ADA60BFF34F8F52
:10417000C046C046FDE7C04600ED00E00400FA0579
:1041800080B500AF0AF052F806F0DEFDC046BD462D
:1041900080BD000080B584B002AF0B4B7B600B4B41
:1041A00018787968FF230093FF23112201F0C6FAE3
:1041B000064B1878064B1968FF230093FF230F2244
:1041C00001F0BCFAFFF7CAFFE8FC0208A00A0020D1
:1041D0000402002080B584B000AF78600A00BB1CE8
:1041E0001A80144BBA1C12881A80134B1B780133A7
:1041F000DAB2114B1A707B681800FDF75BF9030007
:104200001A000E4B9B5C022B10D00023FB600C4B62
:104210001B680C22BA181100180009F0B9FBFB68E2
:10422000002B03D0074B802252051A60C046BD46C2
:1042300004B080BDBC2F0020BE2F0020B00A00209B
:10424000A01C002004ED00E080B582B000AF002388
:104250007B607B68002B03D0034B802252051A60E1
:10426000C046BD4602B080BD04ED00E080B58AB016
:1042700000AF00237B62264B18000FF01BFB244B82
:104280001B681B6880221340802B36D1204B88226C
:104290009B58202B31D1EFF310837B607B683B620E
:1042A0000123BB60BB6883F31088C046184B1B68B2
:1042B0001A68174B1B6880218A431A603B6AFB60AF
:1042C000FB6883F31088C046EFF310833B613B69C2
:1042D000FB6101237B617B6983F31088C0460C4B33
:1042E0001B681A680A4B1B6840210A431A60FB6965
:1042F000BB61BB6983F31088C0467B6A002B03D087
:10430000044B802252051A60C046BD460AB080BDEB
:104310007826002004ED00E080B5A2B000AF0023B5
:104320008422BA1813608C4B18000FF0C3FA8A4B22
:104330001B681B6880221340802B39D1864B882252
:104340009B58202B34D1EFF31083FB64FB6C80204F
:104350003A18136001233B653B6D83F31088C04618
:104360007D4B1B681A687C4B1B6880218A431A604E
:104370003B181B687B657B6D83F31088C046EFF3A9
:104380001083BB65BB6DFB670123FB65FB6D83F38E
:104390001088C046704B1B681A686F4B1B68402121
:1043A0000A431A60FB6F3B663B6E83F31088C0467E
:1043B0006A4B18000FF07EFA684B1B681B6880225E
:1043C0001340802B36D1654B88229B58202B31D14E
:1043D000EFF310837B637B6BBB670123BB63BB6B1A
:1043E00083F31088C0465D4B1B681A685B4B1B68E3
:1043F00080218A431A60BB6FFB63FB6B83F31088D9
:10440000C046EFF310833B643B6C7B6701237B6406
:104410007B6C83F31088C046504B1B681A684F4B67
:104420001B6840210A431A607B6FBB64BB6C83F33B
:104430001088C0464A4B18000FF03CFA484B1B68E6
:104440001B6880221340802B36D1454B88229B5815
:10445000202B31D1EFF31083FB61FB693B67012314
:104460003B623B6A83F31088C0463D4B1B681A6869
:104470003B4B1B6880218A431A603B6F7B627B6ADF
:1044800083F31088C046EFF31083BB62BB6AFB6600
:104490000123FB62FB6A83F31088C046304B1B6824
:1044A0001A682F4B1B6840210A431A60FB6E3B635E
:1044B0003B6B83F31088C0462A4B18000FF0FAF9C3
:1044C000284B1B681B6880221340802B36D1254B5C
:1044D00088229B58202B31D1EFF310837B607B68BF
:1044E000BB660123BB60BB6883F31088C0461D4BCD
:1044F0001B681A681B4B1B6880218A431A60BB6EBD
:10450000FB60FB6883F31088C046EFF310833B61C8
:104510003B697B6601237B617B6983F31088C0461E
:10452000104B1B681A680F4B1B6840210A431A6026
:104530007B6EBB61BB6983F31088C0468423FB1884
:104540001B68002B03D0084B802252051A60C0461E
:10455000BD4622B080BDC0460C270020A027002009
:1045600034280020C828002004ED00E080B500AF0A
:10457000C046BD4680BD000080B500AF104B1B6833
:1045800010221340102B07D10E4B1800FCF792FF9E
:1045900003001800F5F7B0FC094B1A6880235B0094
:1045A0001A4080235B009A4207D1074B1800FCF7A2
:1045B00081FF03001800F5F79FFCC046BD4680BD93
:1045C00000000240782600200C27002080B500AFB4
:1045D0001A4B1A6880235B011A4080235B019A42C0
:1045E00007D1174B1800FCF765FF03001800F5F71B
:1045F00083FC124B1A6880235B021A4080235B0203
:104600009A4207D10F4B1800FCF754FF0300180023
:10461000F5F772FC094B1A6880235B031A4080236C
:104620005B039A4207D1084B1800FCF743FF0300D5
:104630001800F5F761FCC046BD4680BD0000024091
:10464000A027002034280020C828002080B584B08E
:1046500000AF78600023FB607B681800FCF72AFF3E
:1046600003001A00064B9200D3580C22BA1811000E
:10467000180007F07CFAC046BD4604B080BDC046B5
:10468000C41C0020B0B584B000AF78607B6888227D
:10469000202199500F257C197B681800FCF70AFF30
:1046A0000300237029007B181B78254AD35C022B5A
:1046B00013D17B181B785A1E224B9200D3581B68CB
:1046C000283319007B6880229B581B685B689AB26C
:1046D0007B68180010F00AFF2EE00F243B191B78AE
:1046E000013B194A0021D1543B191B78013B174A61
:1046F0000021D1543B191B785A1E13005B009B18F4
:104700009B01134A9B18C0220021180012F04BFC99
:104710003B191B785A1E13005B009B189B010C4A27
:1047200099187B68C022180010F0E0FE3B191B7836
:10473000013B084A0121D154C046BD4604B0B0BD7A
:10474000B00A0020E81B0020D4230020CC23002046
:1047500028180020241C002080B582B000AF7860AB
:10476000C046BD4602B080BD80B582B000AF786063
:10477000104B01221A707B681B680F4A934203D1C9
:104780007B68180010F0C5FD7B681B680B4A9342DC
:1047900003D17B68180010F0BCFD7B681B68084AD9
:1047A000934203D17B68180010F0B3FDC046BD46AC
:1047B00002B080BD7C1C0020003801400044004055
:1047C0000048004080B586B002AF786039600B4B7E
:1047D000FB600B4B1878F968FF230093FF2310222E
:1047E00000F0ACFF064B1878064B1968FF230093C6
:1047F000FF230F2200F0A2FFFFF7B0FCFCFC020831
:10480000A00A00200402002080B584B002AF0B4B48
:104810007B600B4B18787968FF230093FF231422E9
:1048200000F08CFF064B1878064B1968FF230093A5
:10483000FF230F2200F082FFFFF790FC10FD02081B
:10484000A00A00200402002080B500AF2F4B304AA0
:104850001A602E4B00229A602C4B7F22DA602B4B81
:10486000FF221A61294B00225A61284B00229A61CB
:10487000264B0022DA61254B8022D2051A62234B97
:1048800000225A62214B882212025A601F4B1800E4
:1048900000F01EFA1D4B002118000DF0B1FA0300C4
:1048A000012B02D1194B40229A60184B18000CF0D2
:1048B00077FE031E01D0FF2325E0144B01211800D1
:1048C0000DF09EFA0300134A934202D000F028F83C
:1048D00011E0114B1A6E80231B05134002D00F4BC1
:1048E00000221A700C4B1A6E8023DB04134002D096
:1048F0000A4B01221A70084B1A6E074B80210904DB
:104900000A431A6600231800BD4680BD14300020FB
:1049100000280040F2320000001002401030002059
:10492000B0B58EB000AF0C257B195A4A13CA13C319
:104930003B00594A03CA03C312781A707B19093322
:10494000180010F022FF02003523FB181A707B19A3
:1049500000229A717B190433180010F016FF020030
:104960003423FB181A707B190022DA703623FB18E7
:1049700000221A7019E036243B191A78474B92002E
:10498000D2580C23FB1811001800EBF7BDFB031ED7
:1049900005D13723FB183A19127801321A703621E3
:1049A0007B181A787B1801321A703623FB181B7893
:1049B0000B2BE0D93B000633180010F0E6FE020096
:1049C0003323FB181A700C243B1900225A713B0048
:1049D0000333180010F0D9FE02003223FB181A70BE
:1049E0003B1900229A703B00180010F0CEFE020026
:1049F0003123FB181A702C217B183522BA18127833
:104A0000DA707B183722BA1812785A707B18342261
:104A1000BA1812789A707B1801221A707918204BF4
:104A2000002218000CF0FEFF031E01D0FF232CE033
:104A300018217B183122BA1812781A707B1832228A
:104A4000BA1812785A707B183322BA1812789A70F2
:104A50007B180022DA70134B18225A737B1800223D
:104A6000DA607B1800221A6179180D4B00221800B9
:104A70000CF0D4FE031E01D0FF2306E00A4A084BC7
:104A8000012118000DF09FF900231800BD460EB05B
:104A9000B0BDC04630FD02083CFD02081C000020ED
:104AA0001430002008150020F2320000B0B588B0A4
:104AB00000AF05000C0010001900FB1D2A1C1A7025
:104AC000BB1D221C1A703B1D021C1A80FB1C0A1CF9
:104AD0001A703B1D1B88DBB23033DAB21C217B1805
:104AE000DA707B18FA1D12785A707B18BA1D12788A
:104AF0009A707B18FA1C12781A7008243B19382116
:104B00007A1812781A703B193422BA1812785A702F
:104B10003A193023FB181B7893703B1900221A6155
:104B20003C23FB181B78012B1BD17B181B780C2B0B
:104B300017D8404B0122002118000DF044F93B1911
:104B40000022DA703C4B0C225A733A4B18000CF0DE
:104B5000C9FD384B40229A60364B18000CF020FDFE
:104B600036E03C23FB181B78022B1DD13823FB18A1
:104B70001B780C2B18D82F4B0122002118000DF0A8
:104B800022F90823FB180122DA702B4B0C225A73EE
:104B9000284B18000CF0A6FD264B40229A60254BAE
:104BA00018000CF0FDFC13E0224B0022002118003D
:104BB0000DF009F9204B18225A731E4B18000CF007
:104BC00091FD1C4B00229A601A4B18000CF0E8FC77
:104BD0000823F918174B002218000CF01FFE031EC3
:104BE00001D0FF2321E01C23F918124B00221800EA
:104BF0000CF018FF031E01D0FF2316E00E4B5B7B69
:104C00001B021AB20C4B1B791BB213431BB29AB294
:104C10008D235B0011001800FDF728FF074A054BA4
:104C2000012118000DF0CFF800231800BD4608B090
:104C3000B0BDC0461430002008150020F23200003C
:104C400090B587B000AF39001F4B002218000CF060
:104C50008DFE142439191C4B002218000CF074FF2F
:104C60003B00DB78DB09DBB20133DAB2174BDA74D5
:104C70003B005B685B089AB2144BDA813B009A7880
:104C8000124B1A743B005A78104B5A743B001A7836
:104C90000E4B9A743B199A780C4B5A753B195A78FB
:104CA0000A4B9A753B191A78084B1A753B19DB7831
:104CB000FA22D200944663449AB2044B1A83C04647
:104CC000BD4607B090BDC046143000200815002036
:104CD00090B597B000AF78600C243B1918004C23B6
:104CE0001A00002112F05FF97B681B68134A934297
:104CF00020D13B19802292021A603B198022920037
:104D00001A643B1918000CF00FFA0D4BDA6D0C4BBE
:104D1000802109020A43DA65094BDA6B084B8021CE
:104D2000C9000A43DA63064BDA6B8023DB001340C9
:104D3000BB60BB68C046BD4617B090BD00280040B0
:104D40000010024080B582B000AF78607B681B68BD
:104D5000094A93420BD1094BDA6D084B08490A40C6
:104D6000DA65064BDA6B054B06490A40DA63C04642
:104D7000BD4602B080BDC046002800400010024081
:104D8000FF7FFFFFFFFBFFFF80B500AF194B1A4A03
:104D90001A60184B822252005A60164B00229A6009
:104DA000144BE022D200DA60124B00221A61114B40
:104DB00000225A610F4B802292009A610D4B102203
:104DC000DA610C4B00221A620A4B00225A62094B2C
:104DD00000229A62074B0722DA62064B00221A630E
:104DE000044B08225A63034B18000DF025F8C04607
:104DF000BD4680BD903000200030014090B58BB0A2
:104E000000AF786014243B19180014231A00002105
:104E100012F0C9F87B681B681B4A934230D11B4BC8
:104E20001A6C1A4B802149010A431A64174B1A6CF9
:104E300080235B0113403B613B69144B5A6B134B5E
:104E400001210A435A63114B5B6B01221340FB6043
:104E5000FB6821007B18E0221A607B1802225A604E
:104E60007B1800229A607B180022DA607B180022EF
:104E70001A617A18A023DB05110018000BF0A4F9C1
:104E8000C046BD460BB090BD00300140001002404E
:104E900080B582B000AF174B1A6C164B8021890287
:104EA0000A431A64134B1A6C80239B0213407B60E5
:104EB0007B68114B114A1A600F4B2F225A600E4B20
:104EC00000229A600C4B0E4ADA600B4B00221A61EA
:104ED000094B00225A61084B00229A61064B1800C8
:104EE0000EF018F9044B18000EF074F9C046BD46D8
:104EF00002B080BD00100240443100200044014057
:104F0000FFFF000080B582B000AF174B1A6C164B44
:104F10008021C9020A431A64134B1A6C8023DB02F6
:104F200013407B607B68114B114A1A600F4B114A8A
:104F30005A600E4B00229A600C4B0F4ADA600B4B02
:104F400000221A61094B00225A61084B00229A6123
:104F5000064B18000EF0DEF8044B18000EF03AF97C
:104F6000C046BD4602B080BD001002409031002016
:104F7000004801407FBB0000FFFF000080B584B007
:104F800000AF0200BB1D1A800023FB6006F028FA68
:104F9000BB1D1B88002B0DD0094B1B685B6AFB6097
:104FA000C046074B1B685A6AFB68D21ABB1D1B8898
:104FB0009A42F6D906F026FAC046BD4604B080BD36
:104FC0004431002080B584B000AF0200BB1D1A80C0
:104FD0000023FB6006F004FABB1D1B88002B0DD0DC
:104FE000094B1B685B6AFB60C046074B1B685A6A2B
:104FF000FB68D21ABB1D1B889A42F6D906F002FA4A
:10500000C046BD4604B080BD9031002080B500AFE1
:105010001B4B1C4A1A601A4BE12212035A60184BB0
:1050200000229A60164B0022DA60154B00221A61AA
:10503000134B0C225A61124B00229A61104B002232
:10504000DA610F4B00221A620D4B00225A620C4BA0
:1050500000229A620A4B18000EF0AEF9084B0021AC
:10506000180010F0C1F9064B0021180010F0FCF9EF
:10507000034B180010F07EF9C046BD4680BDC04607
:10508000782600200044004080B500AF1B4B1C4A2E
:105090001A601A4BE12212035A60184B00229A60E0
:1050A000164B0022DA60154B00221A61134B0C22BA
:1050B0005A61124B00229A61104B0022DA610F4BA9
:1050C00000221A620D4B00225A620C4B00229A6297
:1050D0000A4B18000EF070F9084B0021180010F070
:1050E00083F9064B0021180010F0BEF9034B18009D
:1050F00010F040F9C046BD4680BDC0460C270020D8
:105100000048004080B500AF144B154A1A60134B9D
:10511000E12212035A60114B00229A600F4B0022C9
:10512000DA600E4B00221A610C4B0C225A610B4BB9
:1051300000229A61094B0022DA61084B00221A62B0
:10514000064B00225A62054B00229A62034B18005C
:105150000EF032F9C046BD4680BDC046A0270020F3
:10516000004C004080B500AF144B154A1A60134B39
:10517000E12212035A60114B00229A600F4B002269
:10518000DA600E4B00221A610C4B0C225A610B4B59
:1051900000229A61094B0022DA61084B00221A6250
:1051A000064B00225A62054B00229A62034B1800FC
:1051B0000EF002F9C046BD4680BDC046342800202E
:1051C0000050004080B500AF144B154A1A60134BD5
:1051D000E12212035A60114B00229A600F4B002209
:1051E000DA600E4B00221A610C4B0C225A610B4BF9
:1051F00000229A61094B0022DA61084B00221A62F0
:10520000064B00225A62054B00229A62034B18009B
:105210000EF0D2F8C046BD4680BDC046C82800206A
:10522000003C0140B0B5A4B000AF78607C243B19CD
:10523000180014231A00002111F0B5FE30257B1947
:1052400018004C231A00002111F0ADFE7B681B688A
:10525000EA4A934200D161E27B681B68E84A9342C4
:1052600073D17B1902221A607B1908229A607B197C
:1052700018000BF059FFE34BDA6BE24B80218902F7
:105280000A43DA63DF4BDA6B80239B021340FB6235
:10529000FB6ADC4B5A6BDB4B01210A435A63D94B47
:1052A0005B6B01221340BB62BB6A21007B180C229E
:1052B0001A607B1802225A607B1800229A607B18C1
:1052C0000022DA607B1801221A617A18A023DB051C
:1052D000110018000AF078FFCB4BCC4A1A60CA4B79
:1052E00034225A60C84B00229A60C74B0022DA6011
:1052F000C54B80221A61C44B00225A61C24B002266
:105300009A61C14B2022DA61BF4B00221A627B688E
:105310001800FCF7CFF803005A1EBD4B9200BA49A3
:10532000D150B94B18000AF02BFA7B688021B64A9D
:105330005A50B54B7A689A62002200211C2009F06D
:10534000B3FF1C2009F0C5FFE8E17B681B68B14A88
:10535000934274D130217B1804221A607B182022DA
:10536000DA607B1818000BF0DFFEA64BDA6BA54B5A
:105370008021C9020A43DA63A24BDA6B8023DB0285
:1053800013407B627B6A9F4B5A6B9E4B02210A4300
:105390005A639C4B5B6B022213403B623B6A7C214D
:1053A0007B18C02212011A607B1802225A607B18F7
:1053B00000229A607B180022DA607B1804221A61AE
:1053C0007B18954A190010000AF0FEFE934B944A90
:1053D0001A60924B36225A60904B00229A608F4B93
:1053E0000022DA608D4B80221A618C4B00225A61B8
:1053F0008A4B00229A61894B2022DA61874B002276
:105400001A627B681800FCF755F803005A1E804B9F
:1054100092008249D150814B18000AF0B1F97B68A3
:1054200080217E4A5A507D4B7A689A62002201217F
:105430001D2009F039FF1D2009F04BFF6EE17B684C
:105440001B68784A934269D16E4BDA6B6D4B8021B1
:1054500009030A43DA636B4BDA6B80231B031340A7
:10546000FB61FB69674B5A6B664B01210A435A6328
:10547000644B5B6B01221340BB61BB697C217B18D1
:1054800003221A607B1802225A607B1800229A605D
:105490007B180022DA607B1804221A617A18A02394
:1054A000DB05110018000AF08FFE5F4B5F4A1A609F
:1054B0005D4B38225A605C4B00229A605A4B0022A6
:1054C000DA60594B80221A61574B00225A61564BC1
:1054D00000229A61544B2022DA61534B00221A6257
:1054E0007B681800FBF7E6FF03005A1E484B92004A
:1054F0004D49D1504C4B18000AF042F97B6880218D
:10550000494A5A50484B7A689A62002201211D206C
:1055100009F0CAFE1D2009F0DCFEFFE07B681B6875
:10552000434A934200D08BE0364BDA6B354B8021F7
:1055300049000A43DA63334BDA6B80235B00134084
:105540007B617B692F4B5A6B2E4B08210A435A63B0
:105550002C4B5B6B082213403B613B697C217B1821
:105560000C221A607B1802225A607B1800229A6073
:105570007B180022DA607B1803221A617B182D4AFF
:10558000190010000AF020FE2B4B2C4A1A602A4BFF
:105590004A225A60284B00229A60274B0022DA6088
:1055A000254B80221A61244B00225A61224B002293
:1055B0009A61214B2022DA611F4B00221A627B681C
:1055C0001800FBF777FF03005A1E114B92001A498F
:1055D000D150194B18000AF0D3F87B688021164A85
:1055E0005A50154B7A689A62002200211D2009F05A
:1055F0005BFE1D2009F06DFE90E0C04600380140C2
:1056000000440040001002409C3200201C00024078
:10561000FC2D00200048004000040050FC32002017
:1056200030000240004C00405C3300204400024047
:1056300000500040000C0050BC33002058000240D5
:105640007B681B68374A934268D1374BDA6B364B1D
:10565000802189000A43DA63334BDA6B80239B0095
:105660001340FB60FB68304B5A6B2F4B01210A4300
:105670005A632D4B5B6B01221340BB60BB687C21DE
:105680007B18C02292001A607B1802225A607B1895
:1056900000229A607B180022DA607B1808221A61C7
:1056A0007B18224A190010000AF08EFD204B214A77
:1056B0001A601F4B4C225A601D4B00229A601C4BF3
:1056C0000022DA601A4B80221A61194B00225A61BB
:1056D000174B00229A61164B2022DA61144B0022EC
:1056E0001A627B681800FBF7E5FE03005A1E124B96
:1056F00092000F49D1500E4B18000AF041F87B6818
:1057000080210B4A5A500A4B7A689A620022002183
:105710001D2009F0C9FD1D2009F0DBFDC046BD4676
:1057200024B0B0BD003C0140001002400004005015
:105730001C3400206C000240FC2D0020B0B586B067
:1057400000AFB96011007B600F243B19021C1A7076
:105750000C23FB180A1C1A801723FB1801221A704D
:105760003B191B78180000F09FF8031E32D03B193C
:105770001A781C4B9200D3587A681100180005F073
:1057800067FA031E26D113E00F23FB181B781800BD
:1057900000F08AF805001723FC18B86A0C23FB18E0
:1057A0001A88B968030028000DF0A4FE03002370D6
:1057B0001722BB181B78002B03D0BB181B78032BB8
:1057C000E2D10F23FB181A78064B9200D358180029
:1057D00005F088FA1723FB181B781800BD4606B0A1
:1057E000B0BDC046C41C0020F0B587B000AFB960A2
:1057F00011007B600F243B19021C1A700C257B19C9
:105800000A1C1A801726BB1901221A703B191B7833
:10581000180000F049F8031E19D03B191A78114BF3
:105820009200D3587A681100180005F011FA031E8F
:105830000DD13B191B78180000F036F8BC197B1904
:105840001A88BB6819000DF0F9FE030023700520CB
:1058500008F008FD1723FB181B781800BD4607B099
:10586000F0BDC046C41C002090B585B000AF02005A
:105870003960FB1D1A700F243B1900221A70FB1DA2
:105880001B78180000F010F80300BB60BB683A6892
:105890005A60BB6818000DF08FFD3B191B7818008B
:1058A000BD4605B090BD000080B582B000AF0200DB
:1058B000FB1D1A70FB1D1B78052B0ED89A00094B97
:1058C000D3181B689F46084B08E0084B06E0084BBE
:1058D00004E0084B02E0084B00E000231800BD463E
:1058E00002B080BD50FD0208A027002078260020CD
:1058F0000C27002034280020C828002080B582B062
:1059000000AF78600A00FB1C1A707B68002B76D011
:10591000FB1C1B78012B37D17B681800FBF7CAFDF5
:105920000300013B802212021A411100364B1B7802
:105930005A1E364B5200D35A1AB20BB2134319B245
:10594000314B1B785A1E89B2304B5200D1527B68C2
:1059500008229A627B68802212029A637B68180090
:105960000DF02AFD7B681800FBF7A4FD03005A1E0A
:1059700013005B009B189B01254A99187B68C02285
:1059800018000FF0B3FD3AE0FB1C1B78002B36D15A
:105990007B681800FBF78EFD0300013B802212029A
:1059A0001A411300D943184B1B785A1E174B52004B
:1059B000D35A1BB20AB2134019B2134B1B785A1EAA
:1059C00089B2124B5200D1527B6808229A627B68DE
:1059D00000229A637B6818000DF0EEFC7B681800CB
:1059E000FBF768FD03005A1E13005B009B189B0128
:1059F000074A99187B68C02218000FF077FDC0464F
:105A0000BD4602B080BDC04604150020D014002061
:105A10002818002080B582B000AFFB1D00221A704C
:105A2000BB1D01221A7035E0204B1B78BA1D12787D
:105A30009A4211D0BB1D1B78002213211800F5F7E4
:105A40003BF83220FFF7BEFA194B1B78002B1CD015
:105A5000FB1D02221A7018E07B1D01221A7010E053
:105A6000124B1B78591E114B1B785A1E114B4900C3
:105A7000C95A104B5200D1527B1D1A787B1D01323E
:105A80001A707B1D1B78052BEAD9BB1D1A78BB1D2C
:105A900001321A70084B1B78BA1D12789A42C3D98A
:105AA000FB1D1B781800BD4602B080BD0415002008
:105AB00025150020D01400207C00002080B586B081
:105AC00000AF0200FB1D1A700F23FB1800221A7092
:105AD0001623FB1800221A8001233B6118E03B6962
:105AE000DBB21800FFF7E0FE03009A6B80231B0275
:105AF0009A420AD11622BB181B88BA18591C118069
:105B00001A003B69D9B20C4B99543B6901333B6194
:105B10003B69052BE3DD1623FB181A88FB1D1B7858
:105B200014211800F4F7C8FF0F23FB181B78180086
:105B3000BD4606B080BDC046D00B002080B582B007
:105B400000AFBB1D00221A70FB1D01221A7029E054
:105B5000194B1B785A1E194B5200D35A1900FB1DC2
:105B60001B78013B802212021A4113000B400AD11C
:105B7000FB1D1B781800FFF797FE0300002118009B
:105B8000FFF7BCFE09E0FB1D1B781800FFF78CFE39
:105B9000030001211800FFF7B1FEFB1D1A78FB1D61
:105BA00001321A70FB1D1B78052BD1D9BB1D1B7848
:105BB0001800BD4602B080BD04150020D01400209E
:105BC0001748854600F045F816481749174A00233C
:105BD00002E0D458C4500433C4188C42F9D3144A98
:105BE000144C002301E013600432A242FBD312489C
:105BF0001249026800608A4205D000F02AF811F0CC
:105C0000BFFA0FF05DFD0E480E4901600E480D49C8
:105C100001600E4801688D4640680047FEE70000BD
:105C2000004002200000002090090020D404030856
:105C3000900900204CAA0120F03F0220EFBEADDE0B
:105C40004010024001000000000001400000FF1F62
:105C5000FEE780B500AFC046BD4680BD80B582B0CE
:105C600000AF78607B689B6801221A437B689A606A
:105C7000C046BD4602B080BD80B582B000AF78603E
:105C800039607B689B68182293431A003B681A436B
:105C90007B689A60C046BD4602B080BD80B582B0C8
:105CA00000AF786039607B683A685A61C046BD468B
:105CB00002B080BD80B582B000AF786039607B688B
:105CC0003A681A60C046BD4602B080BD80B584B057
:105CD00000AF78600A00BB1C1A807B68FB60FB6821
:105CE000BA1C12881A80C046BD4604B080BD80B57B
:105CF00082B000AF78607B681B689BB21800BD461D
:105D000002B080BD80B584B000AF7860074B996B5E
:105D1000064B7A680A439A63044B9B6B7A6813407C
:105D2000FB60FB68C046BD4604B080BD0010024069
:105D3000B0B590B000AF0200FB1D1A701A23FB181B
:105D400005221A700023FB630023BB6300237B63DF
:105D500000233B630023FB620023BB6200237B62C2
:105D600000233B620023FB61002200233A617B6138
:105D70001B23FB1800221A700E23FB1800221A8026
:105D800003F098FB031E02D00E2301F0FDFB03F08D
:105D900063FAC44B01221A70C34B1A68C0239B04D8
:105DA00013400ED0C04B1A68C0239B041A408023B6
:105DB0005B049A420BD1BD4B1A6880239B031340AE
:105DC00005D1BB4B1B689B02BA4A134005E0B84B98
:105DD0001B689B025B08B84A1340F722D2021900E5
:105DE0001000EAF73DFA0B00DB0AFB636BE0FB6B8C
:105DF0008022520294466344DC02AB4B1A68C023F3
:105E00009B0413400ED0A84B1A68C0239B041A4071
:105E100080235B049A420BD1A44B1A6880239B0316
:105E2000134005D1A24B1B689B02A24A134005E018
:105E30009F4B1B689B025B089F4A13401900F72386
:105E4000D802EAF787F903001900974B1A68C023B4
:105E50009B0413400ED0944B1A68C0239B041A4035
:105E600080235B049A420BD1904B1A6880239B03DA
:105E7000134005D18E4B1B689B028E4A134005E0F0
:105E80008B4B1B689B025B088B4A13404B43E31808
:105E9000BB6300237B630EE0BA6B7B6BD218874B2E
:105EA0001A60BA6B7B6BD3181A685B683A617B61C6
:105EB0007B6B08337B637A6B80231B019A42EBD3A5
:105EC000FB6B0133FB63784B1A68C0239B041340C0
:105ED0000ED0754B1A68C0239B041A4080235B04C4
:105EE0009A420BD1714B1A6880239B03134005D152
:105EF0006F4B1B689B026F4A134005E06C4B1B689D
:105F00009B025B086C4A1340F722D2021900100072
:105F1000EAF7A6F90B00DB0A0833FA6B9A4200D2C3
:105F200065E7604B00221A705F4B1A68C0239B0420
:105F300013400ED05C4B1A68C0239B041A40802388
:105F40005B049A420BD1594B1A6880239B03134080
:105F500005D1574B1B689B02564A134005E0544B32
:105F60001B689B025B08544A1340F722D2021900B7
:105F70001000EAF775F90B00DB0AFB6377E0FB6BB7
:105F80008022520294466344DC02474B1A68C023C5
:105F90009B0413400ED0444B1A68C0239B041A4044
:105FA00080235B049A420BD1404B1A6880239B03E9
:105FB000134005D13E4B1B689B023E4A134005E04F
:105FC0003B4B1B689B025B083B4A13401900F723BD
:105FD000D802EAF7BFF803001900334B1A68C02350
:105FE0009B0413400ED0304B1A68C0239B041A4008
:105FF00080235B049A420BD12C4B1A6880239B03AD
:10600000134005D12A4B1B689B022A4A134005E026
:10601000274B1B689B025B08274A13404B43E3183E
:10602000BB631A257C19BB6B180003F0C5F803008D
:1060300023707B191B78022B03D07B191B78012B53
:1060400003D1FB6A0133FB620EE01A23FB181B78B5
:10605000032B09D1BB6A002B01D1FB6B3B62FB6BAD
:106060007B62BB6A0133BB62FB6B0133FB630E4B8C
:106070001A68C0239B0413400ED00B4B1A68C02330
:106080009B041A4080235B049A4219D1074B1A687B
:1060900080239B03134013D1054B1B689B02054AC9
:1060A000134013E0843400200075FF1F20200240BD
:1060B000E075FF1F00FC0F0000FE07008034002089
:1060C000BE4B1B689B025B08BD4A1340F722D202FD
:1060D00019001000EAF7C4F80B00DB0A0833FA6B6A
:1060E0009A4200D24BE7FB6A002B00D01AE1BB6A50
:1060F000002B00D110E1B34B1A68C0239B0413405E
:106100000ED0B04B1A68C0239B041A4080235B0456
:106110009A420BD1AC4B1A6880239B03134005D1E4
:10612000A64B1B689B02A94A134005E0A34B1B68C2
:106130009B025B08A24A1340F722D202190010000A
:10614000EAF78EF80B00DB0A3A6AD31A0733072204
:1061500013401C009B4B1A68C0239B0413400ED0B5
:10616000984B1A68C0239B041A4080235B049A4210
:106170000BD1954B1A6880239B03134005D18F4B9D
:106180001B689B02914A134005E08C4B1B689B02E5
:106190005B088B4A1340F722D20219001000EAF77D
:1061A0005FF80B00DB0AE318802252029446634436
:1061B000DC02844B1A68C0239B0413400ED0814B31
:1061C0001A68C0239B041A4080235B049A420BD1B7
:1061D0007D4B1A6880239B03134005D1774B1B68C6
:1061E0009B027A4A134005E0744B1B689B025B08D4
:1061F000734A13401900F723D802E9F7ABFF0300F5
:106200001900704B1A68C0239B0413400ED06D4BCD
:106210001A68C0239B041A4080235B049A420BD166
:10622000694B1A6880239B03134005D1634B1B689D
:106230009B02664A134005E0604B1B689B025B08AB
:106240005F4A13404B43E318180002F0B5FF030008
:10625000042B67D15B4B1A68C0239B0413400ED0FC
:10626000584B1A68C0239B041A4080235B049A424F
:106270000BD1554B1A6880239B03134005D14F4B1C
:106280001B689B02514A134005E04C4B1B689B0264
:106290005B084B4A1340F722D20219001000E9F7BD
:1062A000DFFF0B00DB0A7A6AD31A0133072213409F
:1062B0001C00444B1A68C0239B0413400ED0414B72
:1062C0001A68C0239B041A4080235B049A420BD1B6
:1062D0003D4B1A6880239B03134005D1374B1B6845
:1062E0009B023A4A134005E0344B1B689B025B0853
:1062F000334A1340F722D20219001000E9F7B0FF29
:106300000B00DB0AE3180121180002F0A3FD031EB5
:1063100008D0022301F038F9002001F043F903000E
:1063200001F032F9274B1A68C0239B0413400ED0AA
:10633000244B1A68C0239B041A4080235B049A42B2
:106340000BD1214B1A6880239B03134005D11B4BB3
:106350001B689B021D4A134005E0184B1B689B02FB
:106360005B08174A1340F722D20219001000E9F720
:1063700077FF0B00DB0AFB635AE2FB6B80225202C1
:1063800094466344DC020F4B1A68C0239B041340FD
:106390000ED00C4B1A68C0239B041A4080235B0468
:1063A0009A4215D1084B1A6880239B0313400FD1E2
:1063B000024B1B689B02054A13400FE0E075FF1F6C
:1063C00000FE07000075FF1F2020024000FC0F00A8
:1063D000CD4B1B689B025B08CC4A13401900F72386
:1063E000D802E9F7B7FE03001900C94B1A68C023A9
:1063F0009B0413400ED0C64B1A68C0239B041A405E
:1064000080235B049A420BD1C24B1A6880239B0302
:10641000134005D1BC4B1B689B02BF4A134005E0EB
:10642000B94B1B689B025B08B84A13404B43E31807
:10643000BB631A257C19BB6B180002F0BDFE03007C
:1064400023707B191B78012B00D0EEE1B04B1A684A
:10645000C0239B0413400ED0AD4B1A68C0239B048D
:106460001A4080235B049A420BD1AA4B1A688023FE
:106470009B03134005D1A44B1B689B02A64A134003
:1064800005E0A14B1B689B025B08A04A1340F72262
:10649000D20219001000E9F7E3FE0B00DB0AFA6BE9
:1064A0009A4200D1E6E09A4B1A68C0239B0413403D
:1064B0000ED0974B1A68C0239B041A4080235B04BC
:1064C0009A420BD1934B1A6880239B03134005D14A
:1064D0008D4B1B689B02904A134005E08A4B1B685A
:1064E0009B025B08894A1340F722D2021900100070
:1064F000E9F7B6FE0B00DB0A0433FA6B9A4200D1CF
:10650000B8E0834B1A68C0239B0413400ED0804B25
:106510001A68C0239B041A4080235B049A420BD163
:106520007C4B1A6880239B03134005D1764B1B6874
:106530009B02794A134005E0734B1B689B025B0882
:10654000724A1340F722D20219001000E9F788FEC0
:106550000B00DB0AFA6BD31A0733072213401C0027
:106560006B4B1A68C0239B0413400ED0684B1A680B
:10657000C0239B041A4080235B049A420BD1654BD5
:106580001A6880239B03134005D15F4B1B689B0255
:10659000614A134005E05C4B1B689B025B085B4A49
:1065A0001340F722D20219001000E9F759FE0B0040
:1065B000DB0AE3188022520294466344DC02544B07
:1065C0001A68C0239B0413400ED0514B1A68C02395
:1065D0009B041A4080235B049A420BD14D4B1A68EE
:1065E00080239B03134005D1474B1B689B024A4AFB
:1065F000134005E0444B1B689B025B08434A134071
:106600001900F723D802E9F7A5FD03001900404B54
:106610001A68C0239B0413400ED03D4B1A68C02358
:106620009B041A4080235B049A420BD1394B1A68B1
:1066300080239B03134005D1334B1B689B02364AD2
:10664000134005E0304B1B689B025B082F4A134048
:106650004B43E318180002F0AFFD0300032B04D1F5
:106660001B23FB1800221A70C5E01B23FB18012214
:106670001A70C0E0264B1A68C0239B0413400ED04A
:10668000234B1A68C0239B041A4080235B049A4260
:106690000BD1204B1A6880239B03134005D11A4B62
:1066A0001B689B021C4A134005E0174B1B689B02AA
:1066B0005B08164A1340F722D20219001000E9F7CE
:1066C000CFFD0B00DB0AFA6BD31A0133072213400C
:1066D0001C000F4B1A68C0239B0413400ED00C4BB8
:1066E0001A68C0239B041A4080235B049A4215D188
:1066F000084B1A6880239B0313400FD1024B1B6881
:106700009B02054A13400FE0E075FF1F00FE0700E3
:106710000075FF1F2020024000FC0F00C54B1B68C6
:106720009B025B08C44A1340F722D20219001000F2
:10673000E9F796FD0B00DB0AE3188022520294462B
:106740006344DC02BD4B1A68C0239B0413400ED087
:10675000BA4B1A68C0239B041A4080235B049A42F8
:106760000BD1B74B1A6880239B03134005D1B14B63
:106770001B689B02B34A134005E0AE4B1B689B02AB
:106780005B08AD4A13401900F723D802E9F7E2FC91
:1067900003001900A94B1A68C0239B0413400ED0B4
:1067A000A64B1A68C0239B041A4080235B049A42BC
:1067B0000BD1A34B1A6880239B03134005D19D4B3B
:1067C0001B689B029F4A134005E09A4B1B689B0283
:1067D0005B08994A13404B43E318180002F0ECFCA5
:1067E000031E04D11B23FB1800221A7003E01B2395
:1067F000FB1801221A701B23FB181B78002B14D1E5
:10680000FB6BDAB2904B1A7001220021002001F0DC
:10681000D5FD03001A0080235B009A4202D00C23AE
:1068200000F0B2FE0123FB6130E0FB6B0133FB6340
:10683000824B1A68C0239B0413400ED07F4B1A680A
:10684000C0239B041A4080235B049A420BD17C4BEB
:106850001A6880239B03134005D1764B1B689B026B
:10686000784A134005E0734B1B689B025B08724A31
:106870001340F722D20219001000E9F7F1FC0B00D7
:10688000DB0A0833FA6B9A4200D276E500233B63B9
:106890006A4B1A68C0239B0413400ED0674B1A68DA
:1068A000C0239B041A4080235B049A420BD1644BA3
:1068B0001A6880239B03134005D15E4B1B689B0223
:1068C000604A134005E05B4B1B689B025B085A4A19
:1068D0001340F722D20219001000E9F7C1FC0B00A7
:1068E000DB0AFB635EE2FB6B802252029446634448
:1068F000DC02524B1A68C0239B0413400ED04F4B4E
:106900001A68C0239B041A4080235B049A420BD16F
:106910004B4B1A6880239B03134005D1454B1B68E2
:106920009B02484A134005E0424B1B689B025B08F0
:10693000414A13401900F723D802E9F70BFC030082
:1069400019003E4B1A68C0239B0413400ED03B4BEA
:106950001A68C0239B041A4080235B049A420BD11F
:10696000374B1A6880239B03134005D1314B1B68BA
:106970009B02344A134005E02E4B1B689B025B08C8
:106980002D4A13404B43E318BB631A257C19BB6B9C
:10699000180002F011FC030023707B191B78022BF6
:1069A00000D0F5E1254B1A68C0239B0413400ED09C
:1069B000224B1A68C0239B041A4080235B049A422E
:1069C0000BD11F4B1A6880239B03134005D1194B31
:1069D0001B689B021B4A134005E0164B1B689B0279
:1069E0005B08154A1340F722D20219001000E9F79C
:1069F00037FC0B00DB0AFA6B9A4200D1F2E00F4B36
:106A00001A68C0239B0413400ED00C4B1A68C02395
:106A10009B041A4080235B049A4217D1084B1A68E2
:106A200080239B03134011D1024B1B689B02054A34
:106A3000134011E0E075FF1F00FE07000075FF1F07
:106A40002020024000FC0F007E340020CA4B1B684F
:106A50009B025B08C94A1340F722D20219001000BA
:106A6000E9F7FEFB0B00DB0A0433FA6B9A4200D114
:106A7000B8E0C34B1A68C0239B0413400ED0C04B30
:106A80001A68C0239B041A4080235B049A420BD1EE
:106A9000BC4B1A6880239B03134005D1B64B1B687F
:106AA0009B02B94A134005E0B34B1B689B025B088D
:106AB000B24A1340F722D20219001000E9F7D0FBC6
:106AC0000B00DB0AFA6BD31A0733072213401C00B2
:106AD000AB4B1A68C0239B0413400ED0A84B1A6816
:106AE000C0239B041A4080235B049A420BD1A54B20
:106AF0001A6880239B03134005D19F4B1B689B02A0
:106B0000A14A134005E09C4B1B689B025B089B4A13
:106B10001340F722D20219001000E9F7A1FB0B0085
:106B2000DB0AE3188022520294466344DC02944B51
:106B30001A68C0239B0413400ED0914B1A68C023DF
:106B40009B041A4080235B049A420BD18D4B1A6838
:106B500080239B03134005D1874B1B689B028A4A05
:106B6000134005E0844B1B689B025B08834A13407B
:106B70001900F723D802E9F7EDFA03001900804B5A
:106B80001A68C0239B0413400ED07D4B1A68C023A3
:106B90009B041A4080235B049A420BD1794B1A68FC
:106BA00080239B03134005D1734B1B689B02764ADD
:106BB000134005E0704B1B689B025B086F4A134053
:106BC0004B43E318180002F0F7FA0300032B04D13B
:106BD0001B23FB1800221A70BBE01B23FB180122A9
:106BE0001A70B6E0664B1A68C0239B0413400ED09F
:106BF000634B1A68C0239B041A4080235B049A42AB
:106C00000BD1604B1A6880239B03134005D15A4B6C
:106C10001B689B025C4A134005E0574B1B689B02B4
:106C20005B08564A1340F722D20219001000E9F718
:106C300017FB0B00DB0AFA6BD31A01330722134050
:106C40001C004F4B1A68C0239B0413400ED04C4BC2
:106C50001A68C0239B041A4080235B049A420BD11C
:106C6000484B1A6880239B03134005D1424B1B6895
:106C70009B02454A134005E03F4B1B689B025B08A3
:106C80003E4A1340F722D20219001000E9F7E8FA51
:106C90000B00DB0AE3188022520294466344DC02B4
:106CA000374B1A68C0239B0413400ED0344B1A682C
:106CB000C0239B041A4080235B049A420BD1314BC2
:106CC0001A6880239B03134005D12B4B1B689B0242
:106CD0002D4A134005E0284B1B689B025B08274A9E
:106CE00013401900F723D802E9F734FA030019001A
:106CF000234B1A68C0239B0413400ED0204B1A6804
:106D0000C0239B041A4080235B049A420BD11D4B85
:106D10001A6880239B03134005D1174B1B689B0205
:106D2000194A134005E0144B1B689B025B08134A89
:106D300013404B43E318180002F03EFA031E04D13F
:106D40001B23FB1800221A7003E01B23FB180122EF
:106D50001A701B23FB181B78002B20D13B6B002BD8
:106D600007D1FB6BDAB2094B1A703B6B01333B6303
:106D700015E00A2300F008FCE075FF1F00FE070085
:106D80000075FF1F2020024000FC0F007E34002011
:106D90001A23FB181B78032B01D1FB6B7B62FB6B67
:106DA0000133FB63CD4B1A68C0239B0413400ED004
:106DB000CA4B1A68C0239B041A4080235B049A4282
:106DC0000BD1C74B1A6880239B03134005D1C54BD9
:106DD0001B689B02C44A134005E0C24B1B689B0220
:106DE0005B08C24A1340F722D20219001000E9F7EB
:106DF00037FA0B00DB0A0833FA6B9A4200D272E5CD
:106E00003B6B002B00D06BE07B6ADCB2B34B1A68A3
:106E1000C0239B0413400ED0B04B1A68C0239B04C0
:106E20001A4080235B049A420BD1AD4B1A68802331
:106E30009B03134005D1AB4B1B689B02AA4A13402E
:106E400005E0A84B1B689B025B08A84A1340F72289
:106E5000D20219001000E9F703FA0B00DB0ADBB2DB
:106E6000E31ADBB20133DBB207221340DCB29B4BE7
:106E70001A68C0239B0413400ED0984B1A68C02395
:106E80009B041A4080235B049A420BD1944B1A68EE
:106E900080239B03134005D1924B1B689B02924AAF
:106EA000134005E08F4B1B689B025B088F4A134021
:106EB000F722D20219001000E9F7D2F90B00DB0A21
:106EC000DBB2E318DAB28A4B1A70894B1B780221C5
:106ED000180001F0BFFF031E02D0022300F054FB94
:106EE000844B00221A80844B20221A6020237B636B
:106EF0006DE07F4B1B788022520294466344DC0293
:106F0000764B1A68C0239B0413400ED0734B1A684B
:106F1000C0239B041A4080235B049A420BD1704B20
:106F20001A6880239B03134005D16E4B1B689B029C
:106F30006D4A134005E06B4B1B689B025B086B4A74
:106F400013401900F723D802E9F704F903001900E8
:106F5000624B1A68C0239B0413400ED05F4B1A6823
:106F6000C0239B041A4080235B049A420BD15C4BE4
:106F70001A6880239B03134005D15A4B1B689B0260
:106F8000594A134005E0574B1B689B025B08574A60
:106F900013404B43E2187B6BD3181A685B683A6165
:106FA0007B613B69013303D17B69013300D113E07D
:106FB000504B1B8801339AB24E4B1A804E4B1B68C4
:106FC00008331A004C4B1A607B6B08337B637A6B77
:106FD00080231B019A428CD3454B1B78FB63444BA7
:106FE0001B783B62D0E03D4B1A68C0239B041340E2
:106FF0000ED03A4B1A68C0239B041A4080235B04CE
:107000009A420BD1364B1A6880239B03134005D15B
:10701000344B1B689B02344A134005E0314B1B681C
:107020009B025B08314A1340F722D202190010007C
:10703000E9F716F90B00DB0AFA6BD31A07330722BC
:1070400013401C00254B1A68C0239B0413400ED02C
:10705000224B1A68C0239B041A4080235B049A4287
:107060000BD11F4B1A6880239B03134005D11D4B86
:107070001B689B021C4A134005E01A4B1B689B02CD
:107080005B081A4A1340F722D20219001000E9F7F0
:10709000E7F80B00DB0AE318FB63FB6B802252026C
:1070A00094466344DC020D4B1A68C0239B041340D2
:1070B0000ED00A4B1A68C0239B041A4080235B043D
:1070C0009A421BD1064B1A6880239B03134015D1AB
:1070D000044B1B689B02044A134015E00075FF1F18
:1070E00020200240E075FF1F00FC0F0000FE07009B
:1070F0007E3400207C3400200C020020C44B1B682E
:107100009B025B08C34A13401900F723D802E9F732
:1071100021F803001900C04B1A68C0239B041340D8
:107120000ED0BD4B1A68C0239B041A4080235B0419
:107130009A420BD1B94B1A6880239B03134005D1A7
:10714000B34B1B689B02B64A134005E0B04B1B686B
:107150009B025B08AF4A13404B43E3181A257C1986
:10716000180002F029F8030023707B191B78032B09
:1071700008D1AC4B1B88FC339AB2AA4B1A80FB6B2C
:107180003B6201E00A23FFE1A34B1A68C0239B0482
:1071900013400ED0A04B1A68C0239B041A408023D2
:1071A0005B049A420BD19D4B1A6880239B031340CA
:1071B00005D1974B1B689B02994A134005E0944BFD
:1071C0001B689B025B08934A1340F722D202190006
:1071D0001000E9F745F80B00DB0AFA6B9A422DD054
:1071E0008D4B1A68C0239B0413400ED08A4B1A683B
:1071F000C0239B041A4080235B049A420BD1874B27
:107200001A6880239B03134005D1814B1B689B02A6
:10721000834A134005E07E4B1B689B025B087D4A56
:107220001340F722D20219001000E9F719F80B00F9
:10723000DB0A0433FA6B9A4200D0D4E67A4B1B780F
:107240001C00754B1A68C0239B0413400ED0724B70
:107250001A68C0239B041A4080235B049A420BD116
:107260006E4B1A6880239B03134005D1684B1B6843
:107270009B026B4A134005E0654B1B689B025B0851
:10728000644A1340F722D20219001000E8F7E8FF21
:107290000B00DB0AE31A0133072213401C005E4B8C
:1072A0001A68C0239B0413400ED05B4B1A68C0239E
:1072B0009B041A4080235B049A420BD1574B1A68F7
:1072C00080239B03134005D1514B1B689B02544AFA
:1072D000134005E04E4B1B689B025B084D4A134070
:1072E000F722D20219001000E8F7BAFF0B00DB0A00
:1072F000E318FB63FB6B8022520294466344DC027A
:10730000454B1A68C0239B0413400ED0424B1A68A9
:10731000C0239B041A4080235B049A420BD13F4B4D
:107320001A6880239B03134005D1394B1B689B02CD
:107330003B4A134005E0364B1B689B025B08354A0D
:1073400013401900F723D802E8F704FF03001900DF
:10735000314B1A68C0239B0413400ED02E4B1A6881
:10736000C0239B041A4080235B049A420BD12B4B11
:107370001A6880239B03134005D1254B1B689B0291
:10738000274A134005E0224B1B689B025B08214AF9
:1073900013404B43E318BB63D9E0FB1D1B78002B64
:1073A00008D1FB6B0121180001F0A6FF031E14D0C9
:1073B0000123E9E080231A01BB6B1100180000F0E3
:1073C000B4FD0300102B08D1FB6B0121180001F064
:1073D00093FF031E01D00123D6E00F4B1A68C02390
:1073E0009B0413400ED00C4B1A68C0239B041A4018
:1073F00080235B049A4219D1084B1A6880239B03AF
:10740000134013D1024B1B689B02054A134013E043
:10741000E075FF1F00FE07000075FF1F20200240DF
:1074200000FC0F007C3400207E340020584B1B6889
:107430009B025B08574A1340F722D2021900100042
:10744000E8F70EFF0B00DB0AFA6BD31A01330722B1
:1074500013401C00504B1A68C0239B0413400ED0ED
:107460004D4B1A68C0239B041A4080235B049A4248
:107470000BD14A4B1A6880239B03134005D1444B20
:107480001B689B02464A134005E0414B1B689B0268
:107490005B08404A1340F722D20219001000E8F7B7
:1074A000DFFE0B00DB0AE318FB63FB6B802252025A
:1074B00094466344DC02384B1A68C0239B04134093
:1074C0000ED0354B1A68C0239B041A4080235B04FE
:1074D0009A420BD1314B1A6880239B03134005D18C
:1074E0002B4B1B689B022E4A134005E0284B1B6860
:1074F0009B025B08274A13401900F723D802E8F7DC
:1075000029FE03001900244B1A68C0239B04134072
:107510000ED0214B1A68C0239B041A4080235B04C1
:107520009A420BD11D4B1A6880239B03134005D14F
:10753000174B1B689B021A4A134005E0144B1B684B
:107540009B025B08134A13404B43E318BB63FA6B7F
:107550003B6A9A4200D020E701F05EFFFB69002BF6
:1075600011D10E257C190021002001F09DFB0300A4
:1075700023807B191B88002B05D07B191B88122BBD
:1075800001D0022300E000231800BD4610B0B0BDBA
:10759000E075FF1F00FE07000075FF1F202002405E
:1075A00000FC0F0090B585B000AF0200FB1D1A7003
:1075B0000023FB6001F07EFF031E01D00E2331E1AA
:1075C0009A4B1A68C0239B0413400ED0974B1A683D
:1075D000C0239B041A4080235B049A420BD1944B36
:1075E0001A6880239B03134005D1924B1B689B02B2
:1075F000914A134005E08F4B1B689B025B088F4A42
:107600001340F722D20219001000E8F729FE0B0000
:10761000DB0AFB6072E0FB1D1B78002B08D1FB68C6
:107620000121180001F068FE031E64D00123F9E077
:10763000FB688022520294466344DC027B4B1A684A
:10764000C0239B0413400ED0784B1A68C0239B04C0
:107650001A4080235B049A420BD1754B1A68802331
:107660009B03134005D1734B1B689B02724A134066
:1076700005E0704B1B689B025B08704A13401900C1
:10768000F723D802E8F766FD03001900674B1A6874
:10769000C0239B0413400ED0644B1A68C0239B0484
:1076A0001A4080235B049A420BD1614B1A688023F5
:1076B0009B03134005D15F4B1B689B025E4A13403E
:1076C00005E05C4B1B689B025B085C4A13404B4324
:1076D000E318802212011100180000F026FC0300BC
:1076E000102B08D1FB680121180001F005FE031ED4
:1076F00001D0012396E0FB680133FB604B4B1A6815
:10770000C0239B0413400ED0484B1A68C0239B042F
:107710001A4080235B049A420BD1454B1A688023A0
:107720009B03134005D1434B1B689B02424A134005
:1077300005E0404B1B689B025B08404A1340F72260
:10774000D20219001000E8F78BFD0B00DB0A0833AA
:10775000FA689A4200D25EE701F05EFE334B1A6887
:10776000C0239B0413400ED0304B1A68C0239B04E7
:107770001A4080235B049A420BD12D4B1A68802358
:107780009B03134005D12B4B1B689B022A4A1340D5
:1077900005E0284B1B689B025B08284A1340F72230
:1077A000D20219001000E8F75BFD0B00DB0A022192
:1077B000180001F04FFB031E01D0022332E0204BE2
:1077C00000221A80194B1A68C0239B0413400ED064
:1077D000164B1A68C0239B041A4080235B049A420C
:1077E0000BD1134B1A6880239B03134005D1114B17
:1077F0001B689B02104A134005E00E4B1B689B025E
:107800005B080E4A1340F722D20219001000E8F775
:1078100027FD0B00DB0ADAB20A4B1A700A4B202252
:107820001A6000231800BD4605B090BD0075FF1F0B
:1078300020200240E075FF1F00FC0F0000FE070043
:107840007C3400207E3400200C020020B0B584B0CF
:1078500000AF02003960BB1D1A80BB1D1B88002BC6
:107860001CD0BB1D1B88104A934217D00023BB605D
:107870000E257B1900221A807C190823FA18BB1DDB
:107880001B881100180000F087F903002380BB68F3
:107890009AB23B681A807B191B8800E00823180005
:1078A000BD4604B0B0BDC046FFFF000080B582B049
:1078B00000AF0200BB1D1A803B1D0A1C1A80BB1DB5
:1078C0001B88002B0ED0BB1D1B88094A934209D090
:1078D0003B1D1A88BB1D1B881100180000F0FCFA24
:1078E000030000E008231800BD4602B080BDC0467A
:1078F000FFFF000090B587B000AF00237B6100233D
:107900003B610023FB600023BB60FB1D05221A7056
:10791000BB1D05221A709B4B1A68C0239B041340A1
:107920000ED0984B1A68C0239B041A4080235B0436
:107930009A420BD1944B1A6880239B03134005D1C4
:10794000924B1B689B02924A134005E08F4B1B68C9
:107950009B025B088F4A1340F722D20219001000E5
:10796000E8F77EFC0B00DB0A7B61D8E07B698022B4
:10797000520294466344DC02824B1A68C0239B0483
:1079800013400ED07F4B1A68C0239B041A408023FB
:107990005B049A420BD17C4B1A6880239B031340F3
:1079A00005D17A4B1B689B02794A134005E0774B5F
:1079B0001B689B025B08774A13401900F723D80223
:1079C000E8F7C8FB030019006E4B1A68C0239B043C
:1079D00013400ED06B4B1A68C0239B041A408023BF
:1079E0005B049A420BD1684B1A6880239B031340B7
:1079F00005D1664B1B689B02654A134005E0634B4B
:107A00001B689B025B08634A13404B43E318FB600F
:107A1000FC1DFB68180001F0CFFB03002370FB1D69
:107A20001B78042B00D077E07B6901333B6161E078
:107A30003B698022520294466344DC02514B1A682F
:107A4000C0239B0413400ED04E4B1A68C0239B04E6
:107A50001A4080235B049A420BD14B4B1A68802357
:107A60009B03134005D1494B1B689B02484A1340B6
:107A700005E0464B1B689B025B08464A1340190011
:107A8000F723D802E8F766FB030019003D4B1A689C
:107A9000C0239B0413400ED03A4B1A68C0239B04AA
:107AA0001A4080235B049A420BD1374B1A6880231B
:107AB0009B03134005D1354B1B689B02344A13408E
:107AC00005E0324B1B689B025B08324A13404B4374
:107AD000E318BB60BC1DBB68180001F06DFB030020
:107AE0002370BB1D1B78042B01D0052346E03B69A6
:107AF00001333B617B6904333A699A4298D37B69CD
:107B00000421180001F0F8FB031E01D0012335E029
:107B100001F082FC002331E07B6904337B61194B67
:107B20001A68C0239B0413400ED0164B1A68C0235A
:107B30009B041A4080235B049A420BD1124B1A68B3
:107B400080239B03134005D1104B1B689B02104AF6
:107B5000134005E00D4B1B689B025B080D4A134068
:107B6000F722D20219001000E8F77AFB0B00DB0ABB
:107B700008337A699A4200D2F8E605231800BD4618
:107B800007B090BD0075FF1F20200240E075FF1F69
:107B900000FC0F0000FE0700F0B58FB000AF020040
:107BA00039611623FB181A80002200233A627B6297
:107BB00000237B6300233B630023FB620023FB6104
:107BC0001B2310229B18DB1905221A70002000F0DD
:107BD000D3F903007B637B6B013301D103236CE199
:107BE0007B6B8022520294466344DE02B54B1A68D6
:107BF000C0239B0413400ED0B24B1A68C0239B04D1
:107C00001A4080235B049A420BD1AF4B1A68802341
:107C10009B03134005D1AD4B1B689B02AC4A13403C
:107C200005E0AA4B1B689B025B08AA4A1340190097
:107C3000F723D802E8F78EFA03001900A14B1A685F
:107C4000C0239B0413400ED09E4B1A68C0239B0494
:107C50001A4080235B049A420BD19B4B1A68802305
:107C60009B03134005D1994B1B689B02984A134014
:107C700005E0964B1B689B025B08964A13404B43FA
:107C8000F3183B631B2310229B18DE193B6B180073
:107C900001F092FA03003370FAE0FF23DB00FB628D
:107CA0003DE03A6BFB6AD3181A685B683A627B6204
:107CB0003B6A013302D17B6A01332DD03A6A7B6A79
:107CC000131C9BB21622BA1812889A4224D17B6ADE
:107CD0001B00BB600023FB60B8683A6A7B6A131C18
:107CE0009BB2190001F0D2FA0300FB617B6A1B040E
:107CF0003A6A140C1C437B6A1D0CA3B21A00FB6980
:107D0000934209D17B6A1B003B6000237B603A6889
:107D10003B691A600023D0E0FB6A083BFB62FB6A08
:107D20001F2BBED8674B1A68C0239B0413400ED08C
:107D3000644B1A68C0239B041A4080235B049A4258
:107D40000BD1614B1A6880239B03134005D15F4B15
:107D50001B689B025E4A134005E05C4B1B689B025C
:107D60005B085C4A1340F722D20219001000E8F7C2
:107D700077FA0B00DB0A7A6BD31A0733072213401A
:107D80001E00504B1A68C0239B0413400ED04D4B6D
:107D90001A68C0239B041A4080235B049A420BD1CB
:107DA000494B1A6880239B03134005D1474B1B683E
:107DB0009B02474A134005E0444B1B689B025B084B
:107DC000444A1340F722D20219001000E8F748FA9B
:107DD0000B00DB0AF3187B637B6B80225202944614
:107DE0006344DE02374B1A68C0239B0413400ED055
:107DF000344B1A68C0239B041A4080235B049A42C8
:107E00000BD1314B1A6880239B03134005D12F4BB4
:107E10001B689B022E4A134005E02C4B1B689B02FB
:107E20005B082C4A13401900F723D802E8F792F9AF
:107E300003001900234B1A68C0239B0413400ED083
:107E4000204B1A68C0239B041A4080235B049A428B
:107E50000BD11D4B1A6880239B03134005D11B4B8C
:107E60001B689B021A4A134005E0184B1B689B02D3
:107E70005B08184A13404B43F3183B631B23102243
:107E80009B18DE193B6B180001F096F90300337064
:107E90001B2210215318DB191B78022B00D1FCE6A2
:107EA0005318DB191B78032B00D1F6E65318DB19A6
:107EB0001B78042B00D1F0E607231800BD460FB055
:107EC000F0BDC0460075FF1F20200240E075FF1F77
:107ED00000FC0F0000FE0700B0B584B000AF020048
:107EE0003960BB1D1A800E257B1900221A807C196F
:107EF0003A68BB1D1B881100180000F0D5FE030076
:107F000023807B191B88122B08D13968BB1D1B8865
:107F10000022180000F052FA030002E00E23FB18C2
:107F20001B881800BD4604B0B0BD80B584B000AF5A
:107F3000786039600E23FB1811221A800023BB6081
:107F40000FE07A68BB68D3181A685B68511C01D1CE
:107F5000013303D00E23FB1810221A80BB680833AC
:107F6000BB60BA683B689A42EBD30E23FB181B88B0
:107F70001800BD4604B080BD90B587B000AF0200C8
:107F8000FB1D1A701723FB1805221A701623FB1805
:107F900005221A7000233B610023FB600023BB60B5
:107FA000CB4B1B783B613B69802252029446634471
:107FB000DC02C84B1A68C0239B0413400ED0C54B8B
:107FC0001A68C0239B041A4080235B049A420BD199
:107FD000C14B1A6880239B03134005D1BF4B1B681C
:107FE0009B02BF4A134005E0BC4B1B689B025B0829
:107FF000BC4A13401900F723D802E8F7ABF8030096
:108000001900B44B1A68C0239B0413400ED0B14B27
:108010001A68C0239B041A4080235B049A420BD148
:10802000AD4B1A6880239B03134005D1AB4B1B68F3
:108030009B02AB4A134005E0A84B1B689B025B0800
:10804000A84A13404B43E3181722BC18180001F04C
:10805000B3F8030023709F4B1A68C0239B0413409E
:108060000ED09C4B1A68C0239B041A4080235B04EB
:108070009A420BD1984B1A6880239B03134005D179
:10808000964B1B689B02964A134005E0934B1B6876
:108090009B025B08934A1340F722D202190010009A
:1080A000E8F7DEF80B00DB0A3A69D31A013307223E
:1080B00013401C00874B1A68C0239B0413400ED04A
:1080C000844B1A68C0239B041A4080235B049A42A5
:1080D0000BD1814B1A6880239B03134005D17F4B42
:1080E0001B689B027E4A134005E07C4B1B689B0289
:1080F0005B087C4A1340F722D20219001000E8F70F
:10810000AFF80B00DB0AE318FB60FB688022520229
:1081100094466344DC026F4B1A68C0239B041340EF
:108120000ED06C4B1A68C0239B041A4080235B045A
:108130009A420BD1684B1A6880239B03134005D1E8
:10814000664B1B689B02664A134005E0634B1B6845
:108150009B025B08634A13401900F723D802E7F734
:10816000F9FF030019005B4B1A68C0239B041340FE
:108170000ED0584B1A68C0239B041A4080235B041E
:108180009A420BD1544B1A6880239B03134005D1AC
:10819000524B1B689B02524A134005E04F4B1B6831
:1081A0009B025B084F4A13404B43E3181622BC184E
:1081B000180001F001F803002370464B1A68C02331
:1081C0009B0413400ED0434B1A68C0239B041A40F3
:1081D00080235B049A420BD13F4B1A6880239B0398
:1081E000134005D13D4B1B689B023D4A134005E0FF
:1081F0003A4B1B689B025B083A4A1340F722D202B3
:1082000019001000E8F72CF80B00DB0A3A69D31AC2
:108210000733072213401C002E4B1A68C0239B040F
:1082200013400ED02B4B1A68C0239B041A408023A6
:108230005B049A420BD1284B1A6880239B0313409E
:1082400005D1264B1B689B02254A134005E0234BB2
:108250001B689B025B08234A1340F722D2021900D5
:108260001000E7F7FDFF0B00DB0AE318BB60FB1D06
:108270001B78022B00D18EE000DD96E0002B00D1B0
:1082800078E0012B00D090E01723FB181B78022B1D
:108290003BD1154B1A6880231B019A4201D23B69DE
:1082A00085E01623FB181B78042B06D1FFF722FB71
:1082B000031E02D001235B4279E03B6903211800D1
:1082C00000F0C8FD031E11D001235B426FE0C046E1
:1082D0007E3400200075FF1F20200240E075FF1F44
:1082E00000FC0F0000FE07000C020020FB680221CA
:1082F000180000F0AFFD031E02D001235B4256E0E0
:108300002D4B20221A60FB6851E01723FB181B78C5
:10831000012B2CD1284B1A6880231B019A4201D2D1
:108320003B6944E01623FB181B78042B06D1FFF7AA
:10833000E1FA031E02D001235B4238E03B690321CE
:10834000180000F087FD031E02D001235B422EE0DF
:10835000FB680121180000F07DFD031E02D00123FF
:108360005B4224E0144B20221A60FB681FE00123CB
:108370005B421CE01723FB181B78022B01D13B69E1
:1083800015E01723FB181B78012B01D1BB680EE009
:1083900001235B420BE01623FB181B78002B01D155
:1083A000FB6804E001235B4201E001235B4218000B
:1083B000BD4607B090BDC0460C020020B0B58AB0E3
:1083C00000AF39601100BB1D021C1A807B1D0A1C06
:1083D0001A702723FB1805221A700023BB610023A3
:1083E0003B620023FB61002200233A617B610E2384
:1083F000FB1800221A800023BB607B1D1B78002B1A
:1084000001D1022300E001231800FFF7B5FD0300AE
:108410003B623B6A013302D1042300F032FCCC4BB7
:1084200000221A803B6ADAB2CA4B1A70CA4B202269
:108430001A607B1D1B78002B09D13B6A01211800B3
:1084400000F008FD031E02D0022300F01AFCC34B0B
:108450001A68C0239B0413400ED0C04B1A68C02377
:108460009B041A4080235B049A420BD1BC4B1A68D0
:1084700080239B03134005D1BA4B1B689B02BA4A69
:10848000134005E0B74B1B689B025B08B74A1340DB
:10849000F722D20219001000E7F7E2FE0B00DB0A18
:1084A0003A6AD31A0733072213401C00AB4B1A68F1
:1084B000C0239B0413400ED0A84B1A68C0239B0412
:1084C0001A4080235B049A420BD1A54B1A68802383
:1084D0009B03134005D1A34B1B689B02A24A134088
:1084E00005E0A04B1B689B025B08A04A1340F722E3
:1084F000D20219001000E7F7B3FE0B00DB0AE31805
:108500003B623B6A8022520294466344DC02934BF6
:108510001A68C0239B0413400ED0904B1A68C023E6
:108520009B041A4080235B049A420BD18C4B1A683F
:1085300080239B03134005D18A4B1B689B028A4A08
:10854000134005E0874B1B689B025B08874A13407A
:108550001900F723D802E7F7FDFD030019007F4B50
:108560001A68C0239B0413400ED07C4B1A68C023AA
:108570009B041A4080235B049A420BD1784B1A6803
:1085800080239B03134005D1764B1B689B02764AE0
:10859000134005E0734B1B689B025B08734A134052
:1085A0004B43E318BB6127257C19BB69180000F019
:1085B00003FE030023707B191B78022B04D07B1968
:1085C0001B78042B00D0A1E12723FB181B78022B7A
:1085D00009D13B6A0421180000F03CFC031E02D0C4
:1085E000022300F04EFB5D4B1A68C0239B0413402E
:1085F0000ED05A4B1A68C0239B041A4080235B0498
:108600009A420BD1564B1A6880239B03134005D125
:10861000544B1B689B02544A134005E0514B1B68A6
:108620009B025B08514A1340F722D2021900100046
:10863000E7F716FE0B00DB0A3A6AD31A0733072264
:1086400013401C00454B1A68C0239B0413400ED0F6
:10865000424B1A68C0239B041A4080235B049A4251
:108660000BD13F4B1A6880239B03134005D13D4B30
:108670001B689B023C4A134005E03A4B1B689B0277
:108680005B083A4A1340F722D20219001000E7F7BC
:10869000E7FD0B00DB0AE3183B623B6A80225202D3
:1086A00094466344DC022D4B1A68C0239B0413409C
:1086B0000ED02A4B1A68C0239B041A4080235B0407
:1086C0009A420BD1264B1A6880239B03134005D195
:1086D000244B1B689B02244A134005E0214B1B6876
:1086E0009B025B08214A13401900F723D802E7F7E1
:1086F00031FD03001900194B1A68C0239B04134075
:108700000ED0164B1A68C0239B041A4080235B04CA
:108710009A420BD1124B1A6880239B03134005D158
:10872000104B1B689B02104A134005E00D4B1B6861
:108730009B025B080D4A13404B43E318BB612723A0
:10874000FC18BB69180000F037FD03002370D1E06E
:108750007C3400207E3400200C0200200075FF1FB6
:1087600020200240E075FF1F00FC0F0000FE070004
:108770002723FB181B78032B08D13B6A0421180020
:1087800000F068FB031E01D002237AE2CA4B1A688C
:10879000C0239B0413400ED0C74B1A68C0239B0410
:1087A0001A4080235B049A420BD1C44B1A68802381
:1087B0009B03134005D1C24B1B689B02C14A134067
:1087C00005E0BF4B1B689B025B08BF4A1340F722C2
:1087D000D20219001000E7F743FD0B00DB0A3A6AEA
:1087E000D31A0733072213401C00B34B1A68C02367
:1087F0009B0413400ED0B04B1A68C0239B041A4050
:1088000080235B049A420BD1AC4B1A6880239B03F4
:10881000134005D1AA4B1B689B02AA4A134005E0EE
:10882000A74B1B689B025B08A74A1340F722D202A2
:1088300019001000E7F714FD0B00DB0AE3183B6298
:108840003B6A8022520294466344DC029A4B1A68C7
:10885000C0239B0413400ED0974B1A68C0239B047F
:108860001A4080235B049A420BD1944B1A688023F0
:108870009B03134005D1924B1B689B02914A134006
:1088800005E08F4B1B689B025B088F4A1340190061
:10889000F723D802E7F75EFC03001900864B1A683D
:1088A000C0239B0413400ED0834B1A68C0239B0443
:1088B0001A4080235B049A420BD1804B1A688023B4
:1088C0009B03134005D17E4B1B689B027D4A1340DE
:1088D00005E07B4B1B689B025B087B4A13404B43C4
:1088E000E318BB612723FC18BB69180000F064FC87
:1088F000030023702722BB181B78032B00D137E716
:10890000BB181B78042B00D132E70AE07B1D1B78D3
:10891000012B04D12723FB181B78032B01D00A233A
:10892000AFE17B1D1B78012B00D050E12023FB61C0
:108930006DE0664B1B788022520294466344DC0251
:108940005D4B1A68C0239B0413400ED05A4B1A6823
:10895000C0239B041A4080235B049A420BD1574BDF
:108960001A6880239B03134005D1554B1B689B025B
:10897000544A134005E0524B1B689B025B08524A65
:1089800013401900F723D802E7F7E4FB03001900AE
:10899000494B1A68C0239B0413400ED0464B1A68FB
:1089A000C0239B041A4080235B049A420BD1434BA3
:1089B0001A6880239B03134005D1414B1B689B021F
:1089C000404A134005E03E4B1B689B025B083E4A51
:1089D00013404B43E218FB69D3181A685B683A618D
:1089E0007B613B69013303D17B69013300D113E023
:1089F000374B1B8801339AB2354B1A80354B1B68B5
:108A000008331A00334B1A60FB690833FB61FA69BB
:108A100080231B019A428CD32C4B1B783B62002392
:108A2000FB61CEE0244B1A68C0239B0413400ED098
:108A3000214B1A68C0239B041A4080235B049A428E
:108A40000BD11E4B1A6880239B03134005D11C4B8E
:108A50001B689B021B4A134005E0194B1B689B02D5
:108A60005B08194A1340F722D20219001000E7F7F9
:108A7000F7FB0B00DB0A3A6AD31A073307221340CD
:108A80001C000D4B1A68C0239B0413400ED00A4BE8
:108A90001A68C0239B041A4080235B049A421BD1AE
:108AA000064B1A6880239B03134015D1044B1B68A7
:108AB0009B02044A134015E00075FF1F202002406E
:108AC000E075FF1F00FC0F0000FE07007E34002051
:108AD0007C3400200C0200206C4B1B689B025B085E
:108AE0006B4A1340F722D20219001000E7F7B8FBD7
:108AF0000B00DB0AE3183B623B6A80225202944679
:108B00006344DC02634B1A68C0239B0413400ED0FD
:108B1000604B1A68C0239B041A4080235B049A426E
:108B20000BD15D4B1A6880239B03134005D1574B33
:108B30001B689B02594A134005E0544B1B689B027B
:108B40005B08534A13401900F723D802E7F702FBEA
:108B5000030019004F4B1A68C0239B0413400ED02A
:108B60004C4B1A68C0239B041A4080235B049A4232
:108B70000BD1494B1A6880239B03134005D1434B0B
:108B80001B689B02454A134005E0404B1B689B0253
:108B90005B083F4A13404B43E31827257C19180014
:108BA00000F00AFB030023707B191B78032B0DD107
:108BB0003B4B1B88FC339AB2394B1A80FB6901335B
:108BC000FB61FB69072B00D82CE700E0C0463A6840
:108BD000BB1D1B881100180000F066F8031E01D0B1
:108BE00002234EE02E4B1B88022B03D92C4B1B88F3
:108BF000023B00E00123FB6132E0BB1D1B88FA69E8
:108C00009A422AD0FB699BB20E257C190822BA1819
:108C100011001800FEF7C0FF0300238029007B1815
:108C20001B88002B11D1FB699BB2BA680D007C1820
:108C30001100180000F038F8030023807B191B880E
:108C4000002B0AD07B191B881BE00E22BB181B8847
:108C5000072B02D0BB181B8813E0FB690133FB61B3
:108C6000FA69FA239B009A42C7D90E4B1B7802215E
:108C7000180000F0EFF8031E01D0022301E080236A
:108C80005B001800BD460AB0B0BDC046E075FF1FCE
:108C900000FE07000075FF1F2020024000FC0F00AF
:108CA0007C3400207E340020F0B591B000AF03008A
:108CB000B9622E22BA1813800023FB635E4B1A8818
:108CC000FC239B009A4201D31223B1E00120FFF75D
:108CD00053F90300BB6300237B63BB6B013301D1FA
:108CE0000323A5E0BB6B8022520294466344DE025C
:108CF000524B1A68C0239B0413400ED04F4B1A6886
:108D0000C0239B041A4080235B049A420BD14C4B36
:108D10001A6880239B03134005D14A4B1B689A02B3
:108D2000494B134005E0474B1B689B025A08474BD1
:108D300013401900F723D802E7F70CFA03001900D3
:108D40003E4B1A68C0239B0413400ED03B4B1A685D
:108D5000C0239B041A4080235B049A420BD1384BFA
:108D60001A6880239B03134005D1364B1B689A0277
:108D7000354B134005E0334B1B689B025A08334BBD
:108D800013404B43F3187B63BB6A002B07D12E23A0
:108D9000FB181B88002B02D10023FB6309E02E2364
:108DA000FB181A88BB6A1100180000F06FFA030064
:108DB000FB63274B1A687B6BD118BB6ABB6100232E
:108DC000FB61BB691B007B6200233B62FB6B1B04E6
:108DD0003B6100237B61386A3A697B691600304346
:108DE0000400786A184305002E23FB181B889BB2E9
:108DF000BB600023FB60BA68FB681000204338604A
:108E00002B437B603A687B68080000F063FA031E1E
:108E100001D002230CE00E4B1B6808331A000C4BE8
:108E20001A60054B1B8801339AB2034B1A8000234A
:108E30001800BD4611B0F0BD7C3400200075FF1F46
:108E400020200240E075FF1F00FC0F0000FE07001D
:108E50000C02002090B587B000AF78600A00FB1CC0
:108E60001A7000237B6100233B610023FB60002319
:108E7000BB607B688022520294466344DC02C44B90
:108E80001A68C0239B0413400ED0C14B1A68C0233C
:108E90009B041A4080235B049A420BD1BD4B1A6895
:108EA00080239B03134005D1BB4B1B689B02BB4A2D
:108EB000134005E0B84B1B689B025B08B84A13409F
:108EC0001900F723D802E7F745F903001900B04B62
:108ED0001A68C0239B0413400ED0AD4B1A68C02300
:108EE0009B041A4080235B049A420BD1A94B1A6859
:108EF00080239B03134005D1A74B1B689B02A74A05
:108F0000134005E0A44B1B689B025B08A44A134076
:108F10004B43E3187B617B68802252029446634492
:108F2000DC029B4B1A68C0239B0413400ED0984B65
:108F30001A68C0239B041A4080235B049A420BD119
:108F4000944B1A6880239B03134005D1924B1B68F6
:108F50009B02924A134005E08F4B1B689B025B0803
:108F60008F4A13401900F723D802E7F7F3F80300FC
:108F70001900874B1A68C0239B0413400ED0844B02
:108F80001A68C0239B041A4080235B049A420BD1C9
:108F9000804B1A6880239B03134005D17E4B1B68CE
:108FA0009B027E4A134005E07B4B1B689B025B08DB
:108FB0007B4A13404B43E31808333B617B688022B4
:108FC000520294466344DC02714B1A68C0239B042E
:108FD00013400ED06E4B1A68C0239B041A408023A6
:108FE0005B049A420BD16B4B1A6880239B0313409E
:108FF00005D1694B1B689B02684A134005E0664B2C
:109000001B689B025B08664A13401900F723D802CD
:10901000E7F7A0F8030019005D4B1A68C0239B0412
:1090200013400ED05A4B1A68C0239B041A40802369
:109030005B049A420BD1574B1A6880239B03134061
:1090400005D1554B1B689B02544A134005E0524B17
:109050001B689B025B08524A13404B43E3181033D2
:10906000FB607B688022520294466344DC02484BDA
:109070001A68C0239B0413400ED0454B1A68C023C6
:109080009B041A4080235B049A420BD1414B1A681F
:1090900080239B03134005D13F4B1B689B023F4A33
:1090A000134005E03C4B1B689B025B083C4A1340A5
:1090B0001900F723D802E7F74DF803001900344BE5
:1090C0001A68C0239B0413400ED0314B1A68C0238A
:1090D0009B041A4080235B049A420BD12D4B1A68E3
:1090E00080239B03134005D12B4B1B689B022B4A0B
:1090F000134005E0284B1B689B025B08284A13407D
:109100004B43E3181833BB60FB1C1B78042B30D097
:1091100039DC032B23D036DC012B02D0022B0FD0FD
:1091200031E0204A1F4B7969080000F0D3F8031E94
:1091300001D002233CE07B68DAB21B4B1A7036E0A8
:10914000184A184B3969080000F0C4F8031E01D012
:1091500002232DE07B68DAB2134B1A7027E0114A24
:10916000104BF968080000F0B5F8031E0DD002237B
:109170001EE00C4A0B4BB968080000F0ABF8031E68
:1091800014D0022314E0C04611E0C0460FE0C046F0
:109190000075FF1F20200240E075FF1F00FC0F003C
:1091A00000FE0700AAAAAAAA7E340020C046002317
:1091B0001800BD4607B090BD80B58AB000AF78609A
:1091C000002200233A627B6200220023BA61FB6125
:1091D000002200233A617B6100220023BA60FB6019
:1091E0007B681A685B683A627B627B6808331A683E
:1091F0005B68BA61FB617B6810331A685B683A612F
:109200007B617B6818331A685B68BA60FB60BB6877
:10921000013302D1FB68013301D0042318E03B691C
:10922000013302D17B69013301D0032310E0BB6914
:10923000013302D1FB69013301D0022308E03B6A0C
:10924000013302D17B6A013301D0012300E0002306
:109250001800BD460AB080BD80B500AF80235B0119
:109260001800FCF74FFD074A074B11001800FCF7E8
:1092700015FD054B08211800FCF7FEFCC046BD4655
:1092800080BDC046058000000030024080B582B03D
:1092900000AF78600A00BB1C1A800D4B1800FCF769
:1092A000DDFC7B680A4A19001000FCF703FDBB1CBB
:1092B0001B88074A19001000FCF708FD044B180032
:1092C000FCF715FD03001800BD4602B080BDC04686
:1092D0000030024080B584B000AFF8603A607B6037
:1092E0003A687B68F968012006F0BCFD03001800AD
:1092F000BD4604B080BD000090B58BB000AF786073
:109300000A00BB1C1A802623FB1800221A800023A7
:10931000FB607B688022520294466344DC02394B36
:109320001A68C0239B0413400ED0364B1A68C02322
:109330009B041A4080235B049A420BD1324B1A687B
:1093400080239B03134005D1304B1B689B02304A9E
:10935000134005E02D4B1B689B025B082D4A134010
:109360001900F723D802E6F7F5FE03001900254B94
:109370001A68C0239B0413400ED0224B1A68C023E6
:109380009B041A4080235B049A420BD11E4B1A683F
:1093900080239B03134005D11C4B1B689B021C4A76
:1093A000134005E0194B1B689B025B08194A1340E8
:1093B0004B43E318180000F035F803003B6210211E
:1093C0007B183A6A5A607B1802221A60BB1C1A8802
:1093D0007B18DA607B187A689A600C23FA187B187D
:1093E0001100180006F040FE031E03D02623FB18D0
:1093F00001221A802623FB181B881800BD460BB0DB
:1094000090BDC0460075FF1F20200240E075FF1F81
:1094100000FC0F0000FE070080B500AFC046BD464F
:1094200080BD000080B584B000AF78600023FB6091
:109430001B4B1A68C0239B0413400ED0184B1A68AC
:10944000C0239B041A4080235B049A420FD1154B22
:109450001A6880239B03134009D1134B1B689B029E
:10946000124A1340802212059446634409E00E4BD1
:109470001B689B025B080E4A13408022120594462B
:1094800063447A68934202D90423FB6002E080239C
:109490001B02FB60FB681800BD4604B080BDC046DF
:1094A0000075FF1F20200240E075FF1F00FC0F0029
:1094B00000FE070080B582B000AFBB1D00221A80FD
:1094C000BB1D1B881800BD4602B080BD90B585B09D
:1094D00000AF0200FB1D1A70BB1D0A1C1A70A023EE
:1094E000DB0500221021180006F0F7FFBB1D1B78DA
:1094F0005BB21F2213405AB2FB1D1B785BB21343B1
:109500005BB2DAB20C243B191A7039191248642381
:10951000012208F077FDBB1D1B785BB2002B06DA39
:109520003B19591C0C486423012208F0F3FE0C245B
:109530003B19591C08486423012208F0EBFEA023C4
:10954000DB0501221021180006F0C7FF3B195B78EC
:109550001800BD4605B090BD9030002090B585B094
:1095600000AF040008001100FB1D221C1A70BB1D77
:10957000021C1A707B1D0A1C1A70A023DB05002236
:109580001021180006F0A9FFBB1D1B785BB21F223B
:1095900013405AB2FB1D1B785BB213435BB2DAB2C5
:1095A0000C217B181A707B187A1D12785A70791862
:1095B00007486423022208F025FDA023DB050122D1
:1095C0001021180006F089FFC046BD4605B090BDC9
:1095D0009030002090B585B000AF0200FB1D1A70DE
:1095E000FB1D1B781F2213401A2B1FDCFB1D1B7851
:1095F0005B09DAB20F203B1803210A401A700D4BA9
:109600001B7804003A1912789A420FD003221F21C6
:10961000A020FFF7A3FF3B191B781A001F21802011
:10962000FFF79CFF034B3A1912781A70C046BD46EB
:1096300005B090BDD834002080B582B000AF0200E4
:10964000FB1D1A70FB1D1B781800FFF7C3FFFB1DE5
:109650001B7819000020FFF739FF03001800BD46F2
:1096600002B080BD80B582B000AF0200FB1D1A7051
:10967000BB1D0A1C1A70FB1D1B781800FFF7AAFF00
:10968000BB1D1A78FB1D1B7819004020FFF766FFF1
:10969000C046BD4602B080BD80B582B000AF0200BA
:1096A000FB1D1A703B1D0A1C1A80FB1D1B7818003D
:1096B000FFF790FF3B1D1B88DAB2FB1D1B781900DA
:1096C0004020FFF74BFFFB1D1B780133D9B23B1D38
:1096D0001B881B0A9BB2DBB21A004020FFF73EFF3B
:1096E000C046BD4602B080BD80B582B000AF02006A
:1096F000FB1D1A70BB1D0A1C1A70FB1D1B7818007D
:10970000FFF768FFBB1D1A78FB1D1B781900A0200E
:10971000FFF724FFC046BD4602B080BD80B582B0D1
:1097200000AF0200FB1D1A70BB1D0A1C1A70FB1D46
:109730001B781800FFF74EFFBB1D1A78FB1D1B7826
:1097400019008020FFF70AFFC046BD4602B080BD69
:1097500080B584B000AF78600A00BB1C1A80A023DB
:10976000DB0500221021180006F0B7FE0C217B1843
:109770003A221A70791810486423012208F042FC3A
:1097800007E079684B1C7B600B486423012208F0DA
:10979000C1FDBB1C1B88BA1C591E1180002BF0D1C7
:1097A000A023DB0501221021180006F096FEC0461A
:1097B000BD4604B080BDC0469030002080B584B066
:1097C00000AF78600A00BB1C1A80A023DB050022D2
:1097D0001021180006F081FE0C217B187A221A70E5
:1097E000791810486423012208F00CFC07E079681E
:1097F0004B1C7B600B486423012208F003FCBB1C5C
:109800001B88BA1C591E1180002BF0D1A023DB0548
:1098100001221021180006F060FEC046BD4604B0CB
:1098200080BDC0469030002080B582B000AF0200FD
:10983000FB1D1A703B1D0A1C1A80FB1D1B781900AA
:10984000D420FFF70FFF3B1D1B881900D620FFF720
:1098500023FFC046EA20FFF7EFFE03001A000123B2
:109860001340F7D1C046C046BD4602B080BD0000DF
:1098700080B582B000AF7860FF220021FF20FFF7A3
:109880006DFEC0461D210020FFF720FE031EF9D00B
:1098900000210820FFF700FF00210C20FFF7FCFE4D
:1098A000334B19000A20FFF7F7FE324B00221A80D3
:1098B0000D21C020FFF7D6FE0021C120FFF7D2FE08
:1098C0003321C220FFF7CEFE80239B001900CA205F
:1098D000FFF7E2FE1521C420FFF7C4FE1221C620C7
:1098E000FFF7C0FE0C21C720FFF7BCFE7B681B788A
:1098F0001900E420FFF7B6FE7B6801331B781900DE
:10990000E520FFF7AFFE7B6802331B781900E220E9
:10991000FFF7A8FE7B6803331B781900E320FFF7ED
:10992000A1FE7B6804331B781900E020FFF79AFE44
:109930007B6805331B781900E120FFF793FE802335
:109940005B0019000020FFF76FFF80235B00190008
:109950001020FFF769FF084B19001420FFF764FF80
:1099600004211F20FFF7DAFEC046BD4602B080BDCD
:10997000FF190000DA3400207604000080B582B0C0
:1099800000AF78600A00BB1C1A800FE01C20FFF7B4
:1099900053FE03001A000223134007D080211F202A
:1099A000FFF7BCFE80211F20FFF79EFE1F20FFF760
:1099B00043FE03001A0008231340E7D1D0235B01C4
:1099C00019000220FFF768FE124B01211800FFF773
:1099D000F5FEBB1C1A887B6811001800FFF7EEFE2D
:1099E000D0235B0119000420FFF756FEBB1C1B8827
:1099F000D0225201944663449BB219000620FFF71F
:109A00004BFE08211F20FFF789FEC046BD4602B06D
:109A100080BDC046D8FD0208F0B585B000AF7860C3
:109A20000A00BB1C1A800E243B1900221A80392020
:109A3000FFF702FE031E46D0264B1B8819000020AC
:109A4000FFF72AFE234B02211800FFF781FE0A25AB
:109A50007B1902211800FFF77BFE0826BB190221A3
:109A60001800FFF775FEBB191B881A0080231340EE
:109A700016D07B191A883B19043A1A803A19BB1C74
:109A800012881B889A4203D93B19BA1C12881A8083
:109A90000E23FB181A887B6811001800FFF758FE88
:109AA0000C4B1B88013B9AB20C217B18D204D20CC0
:109AB0001A807B181B8819000C20FFF7EDFD402150
:109AC0001E20FFF72BFE0E23FB181B881800BD4637
:109AD00005B0F0BDDA34002080B584B000AF786006
:109AE0000A00BB1C1A80184BFB60FB680622FF2192
:109AF00018000DF058FAFB689A1D144B100019005D
:109B000006231A000DF077FBFB680E331800BB1C10
:109B10001A887B6819000DF06EFBFB681A7B002128
:109B20000A40111C08220A431A735A7B00210A407A
:109B30005A73BB1C1A88FB681100180000F008F863
:109B4000C046BD4604B080BDB43C002010020020D9
:109B500090B585B000AF78600A00BB1C1A807B68A6
:109B60000E33FB60FB681433BB60BB68083318001E
:109B70007B680E331900BB1C1B881A000DF03BFBE1
:109B8000BB1CBA1C128808321A80FB6811225A7258
:109B90006E4B1A68FB68FF2111400C00197B0020F6
:109BA0000140081C211C01431973110AFF200140C8
:109BB0000C00597B00200140081C211C01435973F3
:109BC000110CFF2001400C00997B00200140081C73
:109BD000211C01439973100EDA7B00210A40111CED
:109BE000021C0A43DA735A4B1A68FB68FF211140C2
:109BF0000C00197C00200140081C211C0143197431
:109C0000110AFF2001400C00597C00200140081C73
:109C1000211C01435974110CFF2001400C00997C58
:109C200000200140081C211C01439974100EDA7CAD
:109C300000210A40111C021C0A43DA74BB1C1B8859
:109C40001B0A9BB21AB2BB1C1B881B021BB213431C
:109C50001BB29AB2BB68FF2111400C001979002099
:109C60000140081C211C01431971120A90B25A7953
:109C700000210A40111C021C0A435A71BB689A79E0
:109C800000210A409A71DA7900210A40DA71BB1C7E
:109C90001B8811331800BB68083B1900BB1C1B88CC
:109CA00008331A0000F0C3F903001A00BB68FF2153
:109CB00011400C00997900200140081C211C01432F
:109CC0009971120A90B2DA7900210A40111C021C23
:109CD0000A43DA711F4B1B781B029AB2BB68FF2143
:109CE00011400C00197800200140081C211C014380
:109CF0001970120A90B25A7800210A40111C021CF5
:109D00000A435A70144B1B781B029AB2BB68FF219E
:109D100011400C00997800200140081C211C0143CF
:109D20009970120A90B2DA7800210A40111C021CC4
:109D30000A43DA70BB1C1A887B681100180000F017
:109D4000B7F903001800BD4605B090BD1802002009
:109D5000240200202802002029020020B0B586B08D
:109D600000AF78600A00BB1C1A807B680E337B61F1
:109D70007B6914333B61BB1CBA1C128808321A8001
:109D80005D4B1B781B029AB23B69FF2111400C000E
:109D9000197800200140081C211C01431970120A87
:109DA00090B25A7800210A40111C021C0A435A70D2
:109DB000524B1B781B029AB23B69FF2111400C00E9
:109DC000997800200140081C211C01439970120A57
:109DD00090B2DA7800210A40111C021C0A43DA70A2
:109DE0000E257A193B6919785B781B020B431380A7
:109DF0003B699A78DB781B0213439AB23B69FF21D7
:109E000011400C00197800200140081C211C01435E
:109E10001970120A90B25A7800210A40111C021CD3
:109E20000A435A703B697A191478997800200140E6
:109E3000081C211C014399705078DA7800210A40EF
:109E4000111C021C0A43DA70BB1C1B881B0A9BB244
:109E50001AB2BB1C1B881B021BB213431BB29AB263
:109E60003B69FF2111400C00197900200140081CBA
:109E7000211C01431971120A90B25A7900210A403B
:109E8000111C021C0A435A713B699A7900210A404D
:109E90009A71DA7900210A40DA71BB1C1B881133F0
:109EA00018003B69083B1900BB1C1B8808331A00CB
:109EB00000F0BDF803001A003B69FF2111400C00BF
:109EC000997900200140081C211C01439971120A54
:109ED00090B2DA7900210A40111C021C0A43DA719F
:109EE000BB1C1A887B681100180000F0C9F9C04635
:109EF000BD4606B0B0BDC0462802002029020020A1
:109F000080B584B000AF78600A00BB1C1A807B6803
:109F10000E33FB60FB681433BB60BB680833190069
:109F2000BB1C1A88134B18000DF065F9BB1C1B886D
:109F3000072B1AD9BB681A795B791B0213439BB2B2
:109F40001B0A9BB21AB2BB6819795B791B020B43DF
:109F50009BB21B021BB213431BB29BB2083B9AB2CB
:109F60007B6811001800FFF7F9FEC046BD4604B03B
:109F700080BDC0460037002080B584B000AF786057
:109F80000A00BB1C1A807B680E33FB60FB6814332D
:109F9000BB60BB6808331900BB1C1A88034B180050
:109FA0000DF029F9C046BD4604B080BD0037002041
:109FB00090B585B000AF78600A00BB1C1A807B6842
:109FC0000E33FB60FB681433BB60BB1C1B88072B84
:109FD00029D9BB681B78082B25D1BB6800221A70D1
:109FE000BB689A78DB781B0213439BB208339AB2A2
:109FF000BB68FF2111400C00997800200140081C2B
:10A00000211C01439970120A90B2DA7800210A40AB
:10A01000111C021C0A43DA70BB1C1A887B681100F1
:10A02000180000F02DF9C046BD4605B090BD80B5C2
:10A0300084B000AFF860B9607A6010E0BB681B784C
:10A040001B02BA680132127813431A00FB689B188E
:10A05000FB60BB680233BB607B68023B7B607B6854
:10A06000012BEBD87B68002B0DD0BB681B781B0243
:10A07000FA68D318FB6006E0FB681B041A0CFB6847
:10A080001B0CD318FB60FB681B0CF5D1FB689BB263
:10A090001B0A9BB21AB2FB689BB21B021BB2134392
:10A0A0001BB29BB2DB439BB21800BD4604B080BD1F
:10A0B00090B587B000AF78600A00BB1C1A807B683F
:10A0C0000E333B613B691A7C597C09020A43997C37
:10A0D00009040A43DB7C1B0613431A00654B1B680B
:10A0E0005A40654B1B6813400CD13B691A7C597C64
:10A0F00009020A43997C09040A43DB7C1B061343CB
:10A100007B6102E05D4B1B687B617B69180000F09E
:10A1100029FA0300FB60BB1CBA1C128814321A8097
:10A120007B68F968062218000DF065F87B681A7BD9
:10A1300000210A40111C08220A431A735A7B00218D
:10A140000A405A733B6945221A703B6900225A70D3
:10A15000BB1C1B881B0A9BB21AB2BB1C1B881B02B0
:10A160001BB213431BB29AB23B69FF2111400C0092
:10A17000997800200140081C211C01439970120AA3
:10A1800090B2DA7800210A40111C021C0A43DA70EE
:10A190003B691A7900210A401A715A7900210A4054
:10A1A0005A713B699A7900210A409A71DA79002143
:10A1B0000A40DA713B6940221A723B699A7A00219F
:10A1C0000A409A72DA7A00210A40DA72294B1A6838
:10A1D0003B69FF2111400C00197B00200140081C45
:10A1E000211C01431973110AFF2001400C00597B07
:10A1F00000200140081C211C01435973110CFF2051
:10A2000001400C00997B00200140081C211C0143E7
:10A210009973100EDA7B00210A40111C021C0A43BC
:10A22000DA733B69142219000020FFF700FF0300D6
:10A230001A003B69FF2111400C00997A002001406F
:10A24000081C211C01439972120A90B2DA7A00218B
:10A250000A40111C021C0A43DA72BB1C1A887B6874
:10A260001100180000F06EFB01231800BD4607B076
:10A2700090BDC046180200201C02002020020020D1
:10A2800090B585B000AF78600A00BB1C1A807B686F
:10A290000E33FB60BB1CBA1C128814321A80BB1C24
:10A2A0001B881B0A9BB21AB2BB1C1B881B021BB269
:10A2B00013431BB29AB2FB68FF2111400C0099783E
:10A2C00000200140081C211C01439970120A90B221
:10A2D000DA7800210A40111C021C0A43DA70FB687C
:10A2E0001A7900210A401A715A7900210A405A71DC
:10A2F000FB689A7900210A409A71DA7900210A40B4
:10A30000DA71FB6840221A72FB689A7A00210A40CF
:10A310009A72DA7A00210A40DA72FB681A7B597B5A
:10A3200009020A43997B09040A43DB7B1B0613439A
:10A330001A00FB68FF2111400C00197C002001402D
:10A34000081C211C01431974110AFF2001400C0054
:10A35000597C00200140081C211C01435974110C38
:10A36000FF2001400C00997C00200140081C211CAA
:10A3700001439974100EDA7C00210A40111C021C62
:10A380000A43DA74284B1A68FB68FF2111400C005D
:10A39000197B00200140081C211C01431973110A7C
:10A3A000FF2001400C00597B00200140081C211CAB
:10A3B00001435973110CFF2001400C00997B0020D0
:10A3C0000140081C211C01439973100EDA7B002107
:10A3D0000A40111C021C0A43DA73FB68142219009C
:10A3E0000020FFF724FE03001A00FB68FF21114044
:10A3F0000C00997A00200140081C211C014399722D
:10A40000120A90B2DA7A00210A40111C021C0A4397
:10A41000DA72BB1C1A887B681100180000F0B2FACF
:10A42000C046BD4605B090BD1802002080B584B07E
:10A4300000AF786008001100BB1C021C1A807B1C56
:10A440000A1C1A707B680E33FB60FB681B78452B77
:10A450004CD1FB681A7C597C09020A43997C090497
:10A460000A43DB7C1B0613431A00224B1B689A42EB
:10A470003CD1FB689A78DB781B0213439BB21B0A22
:10A480009BB21AB2FB689978DB781B020B439BB234
:10A490001B021BB213431BB29AB2BB1C143A1A80A4
:10A4A000FB685B7A012B02D0112B08D01EE0BB1C8D
:10A4B0001A887B6811001800FFF77AFD16E07B1CF4
:10A4C0001B78012B06D1BB1C1A887B681100180071
:10A4D000FFF716FD7B1C1B78002B06D1BB1C1A88CE
:10A4E0007B6811001800FFF747FDC046C046BD4617
:10A4F00004B080BD1802002080B584B000AF786041
:10A500000F23FB1800221A7020E00F203B18197847
:10A51000134A0B009B005B185B00995AD3185B88A9
:10A520001B040B431A007B68934209D13B181A782D
:10A5300013009B009B185B00094A9B1804330BE037
:10A540000F22BB18BA18127801321A700F23FB18A9
:10A550001B78022BD9D900231800BD4604B080BD5A
:10A56000E036002090B587B000AF78605D4B7B612E
:10A570007B690E333B617B681800FFF7BDFF03006A
:10A58000FB60FB68002B01D0FB68A6E07B6906221C
:10A59000FF2118000CF007FD7B691A7B00210A409F
:10A5A000111C08220A431A735A7B00210A40111C0D
:10A5B00006220A435A733B691A7800210A401A702E
:10A5C0005A7800210A40111C01220A435A703B6943
:10A5D0009A7800210A40111C08220A439A70DA78FE
:10A5E00000210A40DA703B6906221A713B69042295
:10A5F0005A713B699A7900210A409A71DA790021EF
:10A600000A40111C01220A43DA713B6908331A001F
:10A61000354B1000190006231A000CF0ECFD334BEB
:10A620001A683B690E33FF2111400C001978002095
:10A630000140081C211C01431970110AFF20014030
:10A640000C00597800200140081C211C014359705E
:10A65000110CFF2001400C00997800200140081CDB
:10A66000211C01439970100EDA7800210A40111C58
:10A67000021C0A43DA703B691233062200211800DB
:10A680000CF091FC3B693A1D10781A7E00210A40BB
:10A69000111C021C0A431A767A1D10785A7E00217A
:10A6A0000A40111C021C0A435A76BA1D10789A7E81
:10A6B00000210A40111C021C0A439A76FA1D1078E8
:10A6C000DA7E00210A40111C021C0A43DA767B69FB
:10A6D0001C21180000F036F900231800BD4607B011
:10A6E00090BDC046DC34002010020020180200207B
:10A6F000B0B584B000AF78600A00BB1C1A807B68DC
:10A700000E33FB60BB1C1B881B2B00D80EE1FB68C3
:10A710001A785B781B0213439AB280235B009A423B
:10A7200000D003E1FB689A78DB781B0213439BB2ED
:10A73000082B00D0FAE0FB681A7E597E09020A4312
:10A74000997E09040A43DB7E1B0613431A00794BEA
:10A750001B689A4200D0E9E0FB689A79DB791B021A
:10A7600013439BB280225200934205D08022920074
:10A77000934200D186E0D9E0FB689A7900210A4033
:10A780009A71DA7900210A40111C02220A43DA7117
:10A79000FB6812331800FB680833062219000CF01E
:10A7A0002AFDFB6808331A00634B100019000623CA
:10A7B0001A000CF020FDFB689A7BD97B09020A4342
:10A7C000197C09040A435B7C1B0613431A00FB68CF
:10A7D000FF2111400C00197E00200140081C211CA3
:10A7E00001431976110AFF2001400C00597E002018
:10A7F0000140081C211C01435976110CFF20014027
:10A800000C00997E00200140081C211C0143997610
:10A81000100EDA7E00210A40111C021C0A43DA766F
:10A82000444B1A68FB680E33FF2111400C00197865
:10A8300000200140081C211C01431970110AFF204F
:10A8400001400C00597800200140081C211C0143E4
:10A850005970110CFF2001400C0099780020014034
:10A86000081C211C01439970100EDA7800210A405F
:10A87000111C021C0A43DA707B681C21180000F0CE
:10A8800081F853E0FB689A7BD97B09020A43197C63
:10A8900009040A435B7C1B0613431800FFF72CFED8
:10A8A000031E42D1254B1B781800FB689A7BD97B8D
:10A8B00009020A43197C09040A435B7C1B06134303
:10A8C00019001F4A03009B001B185B000804050CBD
:10A8D000985A00242040041C281C20439852080C3D
:10A8E000D3185A8800210A40111C021C0A435A80BE
:10A8F000124B1B781A0013009B009B185B00104A38
:10A900009B18181DFB680833062219000CF073FC15
:10A910000A4B1B780133DAB2084B1A70074B1B78CD
:10A92000032B02D1054B00221A70C046C046BD461B
:10A9300004B0B0BD1802002010020020DC36002058
:10A94000E036002080B582B000AF78600A00BB1C02
:10A950001A807B689A1D0A4B1000190006231A0002
:10A960000CF049FCBB1C1B880E339AB27B681100AB
:10A970001800FFF703F8C046BD4602B080BDC046D0
:10A980001002002080B582B000AF78600A00BB1CC6
:10A990001A8078687B680633062219000CF02BFCBD
:10A9A0007B689A1D094B1000190006231A000CF051
:10A9B00022FCBB1C1B880E339AB27B681100180066
:10A9C000FEF7DCFFC046BD4602B080BD100200208D
:10A9D00080B500AF034B1800FEF74AFFC046BD46E6
:10A9E00080BDC04610020020B0B58AB000AF7860CC
:10A9F00039606A4B7B62BCE022217B181B880D2BDF
:10AA000000D8B6E07B6A1A7B5B7B1B0213439BB2C8
:10AA1000082B0ED0C122D200934200D0A9E07B18AF
:10AA20001B880E3B9AB27B6A11001800FFF760FE8C
:10AA30009FE022243B191B880E3B99B27B6A0022BF
:10AA40001800FFF7F3FC7B6A0E33FB61FB691433DC
:10AA5000BB61FB699A78DB781B0213439BB21B0A2C
:10AA60009BB21AB2FB699978DB781B020B439BB24D
:10AA70001B021BB213431BB29BB21C3B9AB23B6836
:10AA80001A8010217B1800221A6000229A807B18FD
:10AA9000434A1168196092889A800823FB18414A3A
:10AAA0001168196092889A80BB699A78DB781B02DA
:10AAB00013439BB21B0A9AB217217B181A703A4BA8
:10AAC0001B787A1812789A4206D03B6800221A80C6
:10AAD0003B1900221A804CE0FB691A7B597B090262
:10AAE0000A43997B09040A43DB7B1B0613431A00C4
:10AAF0002E4B1B689A4234D17B6A1022B918062269
:10AB000018000CF02FFA031E08D07B6A0822B9182F
:10AB1000062218000CF026FA031E22D1FB699A784F
:10AB2000DB781B0213439BB21B0A9BB21AB2FB6970
:10AB30009978DB781B020B439BB21B021BB21343B9
:10AB40001BB29BB21C3B9AB23B681A80BB690833AC
:10AB500019003B681B881A007B6818000CF04BFB3F
:10AB600007E03B6800221A802223FB1800221A808B
:10AB7000C04622257C1980239A00084B110018003A
:10AB8000FEF74AFF030023807B191B88002B00D0AF
:10AB900032E7C046C046BD460AB0B0BDF440002012
:10ABA00010020020E4FD02082802002024020020F8
:10ABB00080B582B000AFEFF305837B607B685A1EDF
:10ABC0009341DBB21800BD4602B080BD80B500AF36
:10ABD00001F0A6FD00231800BD4680BD80B584B0FD
:10ABE00000AF78607B68FB60FB68002B01D0FB68DE
:10ABF00000E00123180001F06BFC00231800BD46A3
:10AC000004B080BD80B584B000AF786039603B6827
:10AC1000012B11D103220021012000F058FE030076
:10AC2000FB60FB68002B05D0F868002300220021A0
:10AC300000F0B5FEFB6806E03B683A6811001800BA
:10AC400000F095FE03001800BD4604B080BD000072
:10AC500080B584B000AF786039600023BB607B684A
:10AC6000002B01D1802336E00023FB603B680133D9
:10AC700003D101235B42FB6009E03B68002B06D057
:10AC80003B68FB60FB68002B01D10123FB60FFF7F1
:10AC90008FFF031E13D00823FA187B6800211800C9
:10ACA00001F000F90300012B01D0FF2313E0BB6882
:10ACB000002B0FD00A4B802252051A600AE0FA6876
:10ACC0007B681100180001F031F80300012B01D05E
:10ACD000FF2300E000231800BD4604B080BDC0463D
:10ACE00004ED00E080B584B000AF78600023FB6025
:10ACF0000023BB60FFF75CFF031E13D00823FA1884
:10AD00007B681100180000F032FF0300012B01D016
:10AD1000FF2313E0BB68002B0FD00A4B80225205A3
:10AD20001A600AE0786800230022002100F037FE54
:10AD30000300012B01D0FF23FB60FB681800BD4618
:10AD400004B080BD04ED00E080B500AF02F01EFA53
:10AD50000300012B01D000F097FBC046BD4680BD2B
:10AD600080B584B000AF78600023FB60082000F05D
:10AD7000C7FB0300BB60BB68002B12D000F030FBA8
:10AD8000BB687A681A60BB6800225A60074B1B6870
:10AD9000BA685A60054BBA681A6000F033FB0123A9
:10ADA000FB60FB681800BD4604B080BD3402002083
:10ADB00080B588B000AFF860B9607A600123FB61AC
:10ADC0003E4B1B68002B46D13C4B3D4A1A603CE091
:10ADD0003A4B1B681B681B68BB61BB691800E5F731
:10ADE0009DF903007B61FA687B69D3181B785BB21D
:10ADF000202B06D0FA687B69D3181B785BB2002B36
:10AE00001ED17A69B969FB6818000CF0EFF8031ECF
:10AE100016D12A4B1B681B681B7B5BB2002B19DB0E
:10AE2000FB68180000F062F903001A00234B1B684E
:10AE30001B681B7B5BB29A420CD00023FB6109E0CC
:10AE40001E4B1B685A681D4B1A601C4B1B68002B5D
:10AE5000BED100E0C046194B1B68002B0CD0FB692B
:10AE6000002B09D17A681749BB6818000CF0CFF89D
:10AE7000124B00221A601CE0104B1B68002B10D0F4
:10AE80000E4B1B681B689B68FA687968B86898471E
:10AE90000300FB61FB69002B0BD1084B00221A60F9
:10AEA00007E07A680849BB6818000CF0B0F8002386
:10AEB000FB61FB691800BD4608B080BDA8450020B5
:10AEC0002C02002088FE0208E0FE020880B500AFD8
:10AED000014B1800BD4680BD4443002080B586B0BC
:10AEE00000AFF860B9607A6000237B6100233B61AA
:10AEF0007B6800221A6042E0FB680133FB60FB685C
:10AF00001B785BB2002B08D0FB681B785BB2202B50
:10AF1000F2D102E0FB680133FB60FB681B785BB297
:10AF2000002B04D0FB681B785BB2202BF2D0FB68AF
:10AF30001B785BB2002B27D07B6901337B617A6978
:10AF4000BB689A421BD1FB683B6107E07B681B68CA
:10AF50005A1C7B681A60FB680133FB60FB681B7836
:10AF60005BB2002B04D0FB681B785BB2202BEDD1C9
:10AF70007B681B68002B09D100233B6106E07A69DE
:10AF8000BB689A42BBD302E0C04600E0C0463B69C2
:10AF90001800BD4606B080BD80B586B000AFF86031
:10AFA000B9607A6000233B611023FA187B680121A5
:10AFB0001800FFF793FF0200434B1A60424B1B68D7
:10AFC000002B2BD0404B1B684049062218000CF088
:10AFD0000DF8031E22D13E4B1B78072B02D13C4BB0
:10AFE00000221A703A4B1B785A1CD1B2384A1170A1
:10AFF0001A00384B9200D158BA68FB6818000CF060
:10B0000006F8334B1B78072B05D100237B61304BAF
:10B0100000221A7052E001237B614FE02A4B1B682B
:10B02000002B4BD12C4B1B68002B05D12A4B2B4AF4
:10B030001A602B4B01221A70294B1A78294B1B7866
:10B040009A421ED9FB6808331800234B1B681B6803
:10B050005968BB68083B1A000BF0D9FFFB68013345
:10B06000214A110018000CF0BEF8FB6828221A7063
:10B07000FB68063329221A70FB68073320221A70F6
:10B0800008E0154B1B681B685968BA68FB68180014
:10B090000BF0BDFF104B1B685A680F4B1A60104B2A
:10B0A0001B780133DAB20E4B1A700B4B1B68002B66
:10B0B00002D100237B6101E001237B617B691800E1
:10B0C000BD4606B080BDC046AC45002030FF02083A
:10B0D000B04500204C000020B44500202C02002088
:10B0E000B8450020A40A002090CB020880B584B0A7
:10B0F00000AF78600F23FB1800221A700023BB609A
:10B1000018E07B681B785BB2202B0ED1BB68012B4B
:10B110000DD00F217B181B785BB2DBB20133DAB2A2
:10B120007B181A700123BB6001E00023BB607B68C1
:10B1300001337B607B681B785BB2002BE1D1BB687D
:10B14000012B08D10F217B181B785BB2DBB2013BCE
:10B15000DAB27B181A700F23FB181B785BB2180049
:10B16000BD4604B080BD80B582B000AF78607B681A
:10B1700008331A007B685A607B68012252429A6049
:10B180007B6808331A007B68DA607B6808331A0032
:10B190007B681A617B6800221A60C046BD4602B017
:10B1A00080BD80B582B000AF78607B6800221A61F4
:10B1B000C046BD4602B080BD80B584B000AF7860A7
:10B1C00039607B685B68FB603B68FA685A60FB68C3
:10B1D0009A683B689A60FB689B683A685A60FB68AB
:10B1E0003A689A603B687A681A617B681B685A1CE7
:10B1F0007B681A60C046BD4604B080BD80B584B08F
:10B2000000AF786039603B681B68BB60BB68013386
:10B2100003D17B681B69FB600CE07B680833FB6033
:10B2200002E0FB685B68FB60FB685B681B68BA68F0
:10B230009A42F6D2FB685A683B685A603B685B6882
:10B240003A689A603B68FA689A60FB683A685A60A4
:10B250003B687A681A617B681B685A1C7B681A60B5
:10B26000C046BD4604B080BD80B584B000AF7860F4
:10B270007B681B69FB607B685B687A6892689A6090
:10B280007B689B687A6852685A60FB685B687A687A
:10B290009A4203D17B689A68FB685A607B680022F7
:10B2A0001A61FB681B685A1EFB681A60FB681B6802
:10B2B0001800BD4604B080BD80B584B000AFF86012
:10B2C000B9607A60FB68043BFB60FB688022520433
:10B2D0001A60FB68043BFB60BA68FB681A60FB6895
:10B2E000043BFB60084AFB681A60FB68143BFB6088
:10B2F0007A68FB681A60FB68203BFB60FB681800FB
:10B30000BD4604B080BDC0460DB3010880B582B013
:10B3100000AF00237B6072B6C0467B68002BFCD078
:10B32000C046C046BD4602B080BD80B500AFC04635
:10B33000BD4680BD000000000000000000000000CD
:10B340000B4A13681868203080F30988022080F3C4
:10B350001488BFF36F8F3FBCAE4608BC04BC62B616
:10B360001847C046C046C046C046C046C046C04654
:10B37000ACA50120C046C04680B500AF0E4B1A6890
:10B380000D4BFF2109040A431A600B4B1A680A4B44
:10B39000FF2109060A431A6000F090F8074B0022CB
:10B3A0001A60FFF7CDFF01F0DDFBFFF7AFFF0023D1
:10B3B0001800BD4680BDC04620ED00E038020020E8
:10B3C00080B500AF054B802252051A60BFF34F8F46
:10B3D000BFF36F8FC046BD4680BDC04604ED00E0A0
:10B3E00080B500AF72B6064B1B685A1C044B1A603E
:10B3F000BFF34F8FBFF36F8FC046BD4680BDC046C1
:10B400003802002080B500AF064B1B685A1E054B62
:10B410001A60044B1B68002B00D162B6C046BD46C3
:10B4200080BDC04638020020EFF3108072B670472E
:10B43000C046180080F310887047C0460000000026
:10B44000EFF309800E4B1A6820381060F0C04446B4
:10B450004D4656465F46F0C008B572B601F082FB15
:10B4600062B60CBC116808681030F0C8A046A94646
:10B47000B246BB4680F309882038F0C81847C0465A
:10B48000ACA50120C046C04680B582B000AFFFF732
:10B49000CBFF03007B6001F0BDFA031E03D0064B17
:10B4A000802252051A607B681800FFF7C3FFC04670
:10B4B000BD4602B080BDC04604ED00E080B500AFDF
:10B4C0000B4B00221A600B4B00221A600A4B1B68C0
:10B4D000FA2291001800E4F73DFE03001A00074B22
:10B4E000013A1A60024B07221A60C046BD4680BD71
:10B4F00010E000E018E000E00802002014E000E0A6
:10B5000080B586B000AF78600023FB6001F042F99F
:10B51000454B1B68002B01D100F0D2F8434B1B6850
:10B520007A68134000D072E07B68002B0CD00822B0
:10B530007B689B187B607B680722134004D07B6884
:10B540000722934308337B607B68002B5FD0384B26
:10B550001B687A689A425AD8364B3B61354B1B6858
:10B560007B6104E07B693B617B691B687B617B6974
:10B570005B687A689A4203D97B691B68002BF1D11A
:10B58000294B1B687A699A4241D03B691B680822A3
:10B590009B18FB607B691A683B691A607B695A6873
:10B5A0007B68D21A08235B009A4210D97A697B68BB
:10B5B000D318BB607B695A687B68D21ABB685A6033
:10B5C0007B697A685A60BB68180000F0D9F8184B9C
:10B5D0001A687B695B68D21A154B1A60144B1A689B
:10B5E000154B1B689A4203D2114B1A68124B1A6012
:10B5F0007B695A680D4B1B681A437B695A607B69EB
:10B6000000221A600D4B1B685A1C0C4B1A6001F08B
:10B61000CDF8FB68002B01D1F9F7F6F8FB681800AC
:10B62000BD4606B080BDC04654A5012068A50120D6
:10B6300058A501204CA501205CA5012060A5012092
:10B6400080B584B000AF78607B68FB607B68002BBE
:10B650002CD008235B42FA68D318FB60FB68BB6000
:10B66000BB685A68134B1B6813401FD0BB681B682C
:10B67000002B1BD1BB685A680E4B1B68DB431A407A
:10B68000BB685A6001F086F8BB685A680A4B1B68B1
:10B69000D218094B1A60BB68180000F071F8074B0C
:10B6A0001B685A1C054B1A6001F080F8C046BD4665
:10B6B00004B080BD68A5012058A5012064A5012023
:10B6C00080B584B000AF274BBB60274BFB60FB68A5
:10B6D000072213400CD0FB680733FB60FB6807228E
:10B6E0009343FB60BA68FB68D21A1F4BD318BB6048
:10B6F000FB687B601D4B7A681A601C4B00225A6005
:10B700007B68BA68D318FB600822FB689B1AFB6051
:10B71000FB6807229343FB60FA68154B1A60144BD1
:10B720001B6800225A60124B1B6800221A607B685B
:10B730003B603B68FA68D21A3B685A600C4B1A6847
:10B740003B681A603B685A680A4B1A603B685A6843
:10B75000094B1A60094B802212061A60C046BD468A
:10B7600004B080BD905F0100BC4500204CA50120C5
:10B7700054A501205CA5012058A5012068A5012041
:10B7800080B584B000AF7860274BFB6002E0FB68B7
:10B790001B68FB60FB681B687A689A42F7D8FB68F5
:10B7A000BB60FB685B68BA68D3187A689A4208D1B4
:10B7B000FB685A687B685B68D218FB685A60FB6854
:10B7C0007B607B68BB607B685B68BA68D218FB688B
:10B7D0001B689A4218D1FB681A68144B1B689A427E
:10B7E0000DD07B685A68FB681B685B68D2187B6861
:10B7F0005A60FB681B681A687B681A6008E00B4B8C
:10B800001A687B681A6003E0FB681A687B681A6034
:10B81000FA687B689A4202D0FB687A681A60C04670
:10B82000BD4604B080BDC0464CA5012054A50120F2
:10B8300080B584B000AF786039607B68FB60FFF74B
:10B84000CFFDFB681A68FB68D96BFB681B6C4B4328
:10B85000D218FB689A60FB6800229A63FB681A683A
:10B86000FB685A60FB681A68FB68DB6B591EFB6853
:10B870001B6C4B43D218FB68DA60FB684422FF2143
:10B880009954FB684522FF2199543B68002B0DD148
:10B89000FB681B69002B13D0FB681033180001F004
:10B8A0002FFA031E0CD0FFF78BFD09E0FB68103365
:10B8B0001800FFF758FCFB6824331800FFF753FC0F
:10B8C000FFF7A0FD01231800BD4604B080BD90B570
:10B8D0008BB002AFF860B960FB1D1A70FB68BA68E4
:10B8E0005343FB61FB6950331800FFF709FE030067
:10B8F000BB61BB69002B0ED0BB697B617B69503398
:10B900007B61FB1D1C787A69B968F868BB69009394
:10B91000230000F005F8BB691800BD4609B090BDD2
:10B9200080B584B000AFF860B9607A601A00FB1C83
:10B930001A70BB68002B03D1BB69BA691A6002E0B8
:10B94000BB697A681A60BB69FA68DA63BB69BA686E
:10B950001A64BB6901211800FFF76AFFBB69FA1C72
:10B960004C2112785A54C046BD4604B080BD80B503
:10B9700084B000AF786039607B6802220021180033
:10B98000FFF7A5FF0300FB60FB68002B02D0FB68FC
:10B990003A689A63FB681800BD4604B080BD80B564
:10B9A0008AB000AFF860B9607A603B6000237B62C8
:10B9B000FB683B62FFF714FD3B6A9A6B3B6ADB6BEB
:10B9C0009A4202D33B68022B1ED13A68B9683B6A9F
:10B9D000180000F0CDFA0300FB613B6A5B6A002BA4
:10B9E00009D03B6A2433180001F08AF9031E07D0FE
:10B9F000FFF7E6FC04E0FB69002B01D0FFF7E0FC59
:10BA0000FFF700FD01235BE07B68002B03D1FFF70C
:10BA1000F9FC002354E07B6A002B06D11423FB18A9
:10BA2000180001F0C5F901237B62FFF7EBFC00F081
:10BA3000B1FEFFF7D5FC3B6A44229B5C5BB201334D
:10BA400003D13B6A4422002199543B6A45229B5C06
:10BA50005BB2013303D13B6A452200219954FFF7C1
:10BA6000D1FC3A1D1423FB181100180001F0B4F9A1
:10BA7000031E1ED13B6A180000F07FFB031E11D08D
:10BA80003B6A10337A681100180001F0FDF83B6A38
:10BA9000180000F0FEFA00F089FE031E8AD1FFF7BD
:10BAA0008FFC87E73B6A180000F0F3FA00F07EFE97
:10BAB00080E73B6A180000F0ECFA00F077FE002304
:10BAC0001800BD460AB080BD90B58BB000AFF860DD
:10BAD000B9607A603B60FB683B62FFF7A5FC03003E
:10BAE000FB613B6A9A6B3B6ADB6B9A4202D33B6811
:10BAF000022B31D11B243B193A6A4521525C1A7042
:10BB00003B6A9B6B7B613A68B9683B6A180000F03E
:10BB10002FFA3B191B785BB2013311D13B6A5B6A88
:10BB2000002B16D03B6A2433180001F0E9F8031EFD
:10BB30000FD07B68002B0CD07B6801221A6008E0D4
:10BB40001B23FB181B780133DBB259B23B6A452239
:10BB5000995401237B6201E000237B62FB6918009A
:10BB6000FFF768FC7B6A1800BD460BB090BD80B53E
:10BB700088B000AF786039607B68BB61FFF754FC28
:10BB800003007B61BB699B6B3B61BB69DB6B3A6903
:10BB90009A422CD20F203B18BA694521525C1A7088
:10BBA0003B695A1CBB699A633B181B785BB2013333
:10BBB00011D1BB695B6A002B16D0BB692433180016
:10BBC00001F09EF8031E0FD03B68002B0CD03B68A1
:10BBD00001221A6008E00F23FB181B780133DBB247
:10BBE00059B2BB69452299540123FB6101E000234E
:10BBF000FB617B691800FFF71DFCFB691800BD465F
:10BC000008B080BD80B58AB000AFF860B9607A60D6
:10BC100000237B62FB683B62FFF7E2FB3B6A9B6BA6
:10BC2000FB61FB69002B1AD0BA683B6A110018004F
:10BC300000F009FAFB695A1E3B6A9A633B6A1B696A
:10BC4000002B08D03B6A1033180001F059F8031E8E
:10BC500001D0FFF7B5FBFFF7D5FB012362E07B685E
:10BC6000002B03D1FFF7CEFB00235BE07B6A002BA8
:10BC700006D11423FB18180001F09AF801237B6207
:10BC8000FFF7C0FB00F086FDFFF7AAFB3B6A4422EA
:10BC90009B5C5BB2013303D13B6A4422002199547F
:10BCA0003B6A45229B5C5BB2013303D13B6A452270
:10BCB00000219954FFF7A6FB3A1D1423FB1811002D
:10BCC000180001F089F8031E1ED13B6A180000F02D
:10BCD0003EFA031E11D03B6A24337A681100180023
:10BCE00000F0D2FF3B6A180000F0D3F900F05EFDCF
:10BCF000031E91D1FFF764FB8EE73B6A180000F04A
:10BD0000C8F900F053FD87E73B6A180000F0C1F95D
:10BD100000F04CFD3B6A180000F019FA031E00D138
:10BD20007AE700231800BD460AB080BD80B58AB00E
:10BD300000AF7860396000237B627B68FB61002381
:10BD40003B62FFF74DFBFB699B6BBB61BB69002B43
:10BD50001DD0BB695A1EFB699A63FB691B68002BE7
:10BD600004D101F09FFC0200FB699A60FB691B692A
:10BD7000002B08D0FB691033180000F0C1FF031E30
:10BD800001D0FFF71DFBFFF73DFB012386E03B6879
:10BD9000002B03D1FFF736FB00237FE07B6A002BEB
:10BDA00006D10C23FB18180001F002F801237B6276
:10BDB000FFF728FB00F0EEFCFFF712FBFB694422C3
:10BDC0009B5C5BB2013303D1FB694422002199548F
:10BDD000FB6945229B5C5BB2013303D1FB694522C1
:10BDE00000219954FFF70EFB3A000C23FB181100B9
:10BDF000180000F0F1FF031E2ED1FB69180000F0BF
:10BE0000A6F9031E21D0FB691B68002B0AD1FFF79E
:10BE1000E7FAFB699B68180001F0D4F903003B6264
:10BE2000FFF7F0FAFB6924333A681100180000F0BC
:10BE30002BFFFB69180000F02CF900F0B7FC031E83
:10BE400000D07EE7FFF7BCFA7BE7FB69180000F043
:10BE500020F900F0ABFC74E7FB69180000F019F959
:10BE600000F0A4FCFB69180000F071F9031E00D17A
:10BE700067E73B6A002B10D0FFF7B2FAFB691800A6
:10BE800000F060F803007B61FB699B687A69110030
:10BE9000180001F04BFAFFF7B5FA00231800BD4671
:10BEA0000AB080BD90B58BB000AFF860B9607A6021
:10BEB000FB683B62FFF7B8FA0300FB613B6A9B6BD0
:10BEC000BB61BB69002B32D017243B193A6A44216D
:10BED000525C1A70BA683B6A1100180000F0B3F89F
:10BEE000BB695A1E3B6A9A633B191B785BB20133EC
:10BEF00011D13B6A1B69002B16D03B6A1033180026
:10BF000000F0FEFE031E0FD07B68002B0CD07B6878
:10BF100001221A6008E01723FB181B780133DBB2FB
:10BF200059B23B6A4422995401237B6201E0002309
:10BF30007B62FB691800FFF77DFA7B6A1800BD463B
:10BF40000BB090BD80B584B000AF78607B685B6A51
:10BF5000002B06D07B681B6B1B680722D31AFB6083
:10BF600001E00023FB60FB681800BD4604B080BD03
:10BF700080B586B000AFF860B9607A6000237B615D
:10BF8000FB689B6B3B61FB681B6C002B0ED1FB6855
:10BF90001B68002B4ED1FB689B68180001F07AF9F2
:10BFA00003007B61FB6800229A6043E07B68002B02
:10BFB00019D1FB685868FB681A6CBB6819000BF054
:10BFC0001AF9FB685A68FB681B6CD218FB685A6048
:10BFD000FB685A68FB689B689A422BD3FB681A6817
:10BFE000FB685A6026E0FB68D868FB681A6CBB687F
:10BFF00019000BF000F9FB68DA68FB681B6C5B4208
:10C00000D218FB68DA60FB68DA68FB681B689A4242
:10C0100007D2FB689A68FB681B6C5B42D218FB680E
:10C02000DA607B68022B05D13B69002B02D03B69AB
:10C03000013B3B613B695A1CFB689A637B691800B2
:10C04000BD4606B080BD80B582B000AF7860396073
:10C050007B681B6C002B18D07B68DA687B681B6CD4
:10C06000D2187B68DA607B68DA687B689B689A42E2
:10C0700003D37B681A687B68DA607B68D9687B6861
:10C080001A6C3B6818000BF0B6F8C046BD4602B00B
:10C0900080BD80B584B000AF7860FFF7A1F90F23B1
:10C0A000FB187A684521525C1A7013E07B685B6A62
:10C0B000002B16D07B682433180000F021FE031EED
:10C0C00001D000F0CFFE0F217B181B78013BDAB2C4
:10C0D0007B181A700F23FB181B785BB2002BE5DC72
:10C0E00000E0C0467B684522FF219954FFF78AF99A
:10C0F000FFF776F90E23FB187A684421525C1A7018
:10C1000013E07B681B69002B16D07B681033180086
:10C1100000F0F6FD031E01D000F0A4FE0E217B18F6
:10C120001B78013BDAB27B181A700E23FB181B78C0
:10C130005BB2002BE5DC00E0C0467B684422FF21B7
:10C140009954FFF75FF9C046BD4604B080BD80B585
:10C1500084B000AF7860FFF743F97B689B6B002BDE
:10C1600002D10123FB6001E00023FB60FFF74AF9E5
:10C17000FB681800BD4604B080BD80B584B000AF38
:10C180007860FFF72DF97B689A6B7B68DB6B9A42CE
:10C1900002D10123FB6001E00023FB60FFF732F9CD
:10C1A000FB681800BD4604B080BD000080B584B0B7
:10C1B00000AF786039600023FB6015E00E4BFA6831
:10C1C000D200D358002B0CD10B4BFA68D20039683F
:10C1D000D150094AFB68DB00D31804337A681A602F
:10C1E00006E0FB680133FB60FB68072BE6D9C0461D
:10C1F000C046BD4604B080BD6CA5012080B586B0A8
:10C2000000AFF860B9607A60FB687B61FFF7E8F81F
:10C210007B6944229B5C5BB2013303D17B6944227E
:10C22000002199547B6945229B5C5BB2013303D1A9
:10C230007B69452200219954FFF7E4F87B699B6BE9
:10C24000002B06D17B6924337A68B968180000F0A6
:10C2500035FD7B691800FFF71CFFC046BD4606B0E0
:10C2600080BD90B58DB004AFF860B9603B60BB1D78
:10C270001A80BB1D1B889B001800FFF741F90300C3
:10C280007B617B69002B10D06020FFF739F9030038
:10C29000FB61FB69002B03D0FB697A691A6306E036
:10C2A0007B691800FFF7CCF901E00023FB61FB6913
:10C2B000002B16D0BB1D1A883C68B968F8680023AB
:10C2C0000393FB6902937B6B01933B6B0093230009
:10C2D00000F010F8FB69180000F092F80123BB6130
:10C2E00002E001235B42BB61BB691800BD4609B097
:10C2F00090BD000080B586B000AFF860B9607A608C
:10C300003B60BB6A186B7B689B001A00A5210AF092
:10C310004AFEBB6A1A6B7B6838498C4663449B00B3
:10C32000D3183B613B69072293433B61BB68002BF9
:10C3300020D000237B6113E0BA687B69D31818789A
:10C34000BA6A34217B69D3185B18021C1A70BA6868
:10C350007B69D3181B78002B06D07B6901337B6186
:10C360007B690C2BE8D900E0C046BB6A4022002163
:10C37000995403E0BB6A3422002199543B6A062B8E
:10C3800001D906233B62BB6A3A6ADA62BB6A3A6A3F
:10C39000DA64BB6A00221A65BB6A04331800FEF730
:10C3A00000FFBB6A18331800FEF7FBFEBB6ABA6ACF
:10C3B0001A613B6A0722D21ABB6A9A61BB6ABA6ADF
:10C3C0005A62BB6A00225A65BB6A00229A65BB6A40
:10C3D0005C22002199543A68F9683B691800FEF71D
:10C3E0006BFF0200BB6A1A607B6A002B02D07B6A7B
:10C3F000BA6A1A60C046BD4606B080BDFFFFFF3F67
:10C4000080B582B000AF7860FEF7EAFF2A4B1B6868
:10C410005A1C294B1A60294B1B68002B09D1274B4A
:10C420007A681A60244B1B68012B10D100F034FD90
:10C430000DE0234B1B68002B09D1204B1B68DA6AE7
:10C440007B68DB6A9A4202D81C4B7A681A601D4BE3
:10C450001B685A1C1B4B1A601A4B1A687B685A647B
:10C460007B68DA6A184B1B689A4203D97B68DA6AE0
:10C47000154B1A607B68DA6A13009B009B189B00BF
:10C48000124A9A187B68043319001000FEF794FED4
:10C49000FEF7B8FF0A4B1B68002B08D0074B1B6840
:10C4A000DA6A7B68DB6A9A4201D2FEF789FFC046EE
:10C4B000BD4602B080BDC046ACA60120ACA501209F
:10C4C000B8A60120C8A60120B4A60120B0A501206D
:10C4D00080B584B000AF78600023FB607B68002BE0
:10C4E0000AD000F057F97B680021180001F0BCFA6F
:10C4F00000F05CF90300FB60FB68002B01D1FEF744
:10C500005FFFC046BD4604B080BD000080B588B066
:10C5100000AF78607B68BB612B4B1B68BA699A429D
:10C5200004D11F23FB1800221A7046E0FEF758FFC3
:10C53000BB695B697B61254B1B683B61244B1B68B6
:10C54000FB60FEF75FFF7A693B699A4203D07A6924
:10C55000FB689A4204D11F23FB1802221A702CE0B8
:10C560007A691C4B9A4218D1BB699B6A002B0FD188
:10C57000BB695C229B5CDBB2012B04D11F23FB183F
:10C5800002221A7019E01F23FB1803221A7014E00C
:10C590001F23FB1802221A700FE07A690E4B9A4291
:10C5A00002D07B69002B04D11F23FB1804221A70D0
:10C5B00003E01F23FB1801221A701F23FB181B78AE
:10C5C0001800BD4608B080BDACA5012064A60120BE
:10C5D00068A6012098A6012080A6012080B584B01D
:10C5E00000AF7860FEF7FCFE7B68002B02D1074BA2
:10C5F0001B6800E07B68FB60FB68DB6ABB60FEF7E2
:10C6000001FFBB681800BD4604B080BDACA5012089
:10C6100080B586B000AF7860396000237B613B68ED
:10C62000062B01D906233B60FEF7DAFE7B68002B60
:10C6300002D1384B1B6800E07B683B613B69DB6CD7
:10C64000FB60FA683B689A425DD03A68FB689A42A0
:10C650000DD9304B1B683A699A420FD02D4B1B689D
:10C66000DB6A3A689A4209D301237B6106E0294BD1
:10C670001B683A699A4201D101237B613B69DB6AFD
:10C68000BB603B69DA6C3B69DB6A9A4202D13B6969
:10C690003A68DA623B693A68DA643B699B69002B65
:10C6A00004DB3B680722D21A3B699A613B695969EE
:10C6B000BA6813009B009B189B00174A9B1899426D
:10C6C0001CD13B6904331800FEF7CEFD3B69DA6AE2
:10C6D000124B1B689A4203D93B69DA6A0F4B1A6006
:10C6E0003B69DA6A13009B009B189B000A4A9A1860
:10C6F0003B69043319001000FEF75EFD7B69002BD7
:10C7000001D0FEF75DFEFEF77DFEC046BD4606B0D9
:10C7100080BDC046ACA50120B0A50120B4A6012073
:10C7200080B584B002AF144A14491548154B0193E3
:10C73000002300930023FFF794FD03007B607B68D8
:10C74000012B03D101F0E4F903007B607B68012B2E
:10C750000ED172B60C4B012252421A600B4B0122D1
:10C760001A600B4B00221A60EDF7FCFDFEF704FE89
:10C77000C046BD4602B080BDC409000038FF0208B3
:10C7800079CE0108D0A60120CCA60120B8A60120B0
:10C79000B0A6012080B500AF034B1B685A1C024BAA
:10C7A0001A60C046BD4680BDD4A6012080B584B0C5
:10C7B00000AF0023FB600023BB60FEF711FE364B89
:10C7C0001B685A1E344B1A60334B1B68002B5BD11D
:10C7D000324B1B68002B57D02FE0314BDB68DB68F6
:10C7E000FB60FB6818331800FEF73EFDFB6804335E
:10C7F0001800FEF739FDFB68DA6A2A4B1B689A427B
:10C8000003D9FB68DA6A274B1A60FB68DA6A1300FF
:10C810009B009B189B00244A9A18FB68043319005C
:10C820001000FEF7C9FCFB68DA6A204B1B68DB6A64
:10C830009A4202D31E4B01221A60194B1B68002B2F
:10C84000CBD1FB68002B01D000F082FC194B1B6898
:10C850007B607B68002B0FD000F0DCF8031E02D059
:10C86000134B01221A607B68013B7B607B68002BC5
:10C87000F2D1104B00221A600D4B1B68002B03D025
:10C880000123BB60FEF79CFDFEF7BCFDBB681800F2
:10C89000BD4604B080BDC046D4A60120ACA6012090
:10C8A0006CA60120B4A60120B0A50120ACA50120F2
:10C8B000C0A60120BCA6012080B582B000AF044B09
:10C8C0001B687B607B681800BD4602B080BDC04617
:10C8D000B0A6012080B582B000AF00237B60044B7E
:10C8E0001B683B603B681800BD4602B080BDC04677
:10C8F000B0A6012080B586B000AFF860B9607A605C
:10C9000000237B6107233B61FFF744FF3B4B1B6820
:10C91000BA689A426AD33B69013B3B617A6913006A
:10C92000DB009B189B001A00FB6898183A691300FB
:10C930009B009B189B00324A9B180122190000F0B3
:10C9400089FB02007B699B187B613B69002BE2D16C
:10C950007A691300DB009B189B001A00FB6898188B
:10C96000284B1B680222190000F074FB02007B694F
:10C970009B187B617A691300DB009B189B001A00EF
:10C98000FB689818204B1B680222190000F062FB1C
:10C9900002007B699B187B617A691300DB009B189E
:10C9A0009B001A00FB689B1818490422180000F02D
:10C9B00051FB02007B699B187B617A691300DB00E5
:10C9C0009B189B001A00FB689B1811490322180052
:10C9D00000F040FB02007B699B187B617B68002BA9
:10C9E00004D0EDF7D5FC02007B681A60FFF7DEFE8D
:10C9F0007B691800BD4606B080BDC046ACA60120CC
:10CA0000B0A5012064A6012068A6012080A601200F
:10CA100098A6012080B586B000AF00237B61464B0D
:10CA20001B68002B00D07DE0444B1B6801333B6149
:10CA3000424B3A691A603B69002B10D1404B1B688E
:10CA4000FB60404B1A683E4B1A603E4BFA681A6016
:10CA50003D4B1B685A1C3C4B1A6000F079FB3B4B6A
:10CA60001B683A699A4249D3354B1B681B68002BF7
:10CA700004D1364B012252421A603FE0304B1B6812
:10CA8000DB68DB68BB60BB685B687B603A697B68BE
:10CA90009A4203D22D4B7A681A602FE0BB680433A8
:10CAA0001800FEF7E1FBBB689B6A002B04D0BB6853
:10CAB00018331800FEF7D8FBBB68DA6A244B1B68F2
:10CAC0009A4203D9BB68DA6A214B1A60BB68DA6AFA
:10CAD00013009B009B189B001E4A9A18BB680433E6
:10CAE00019001000FEF768FBBB68DA6A1A4B1B6876
:10CAF000DB6A9A42B8D301237B61B5E7164B1B680A
:10CB0000DA6A144913009B009B189B005B58012BA9
:10CB100001D901237B61114B1B68002B07D0012336
:10CB20007B6104E00E4B1B685A1C0D4B1A607B693D
:10CB30001800BD4606B080BDD4A60120B0A60120D5
:10CB400064A6012068A60120C4A60120CCA601206D
:10CB5000B4A60120B0A50120ACA50120C0A60120EB
:10CB6000BCA6012080B584B000AF3F4B1B68002BF2
:10CB700003D03E4B01221A6071E03C4B00221A6048
:10CB8000EDF706FC02003A4B1A60394B1A68394B34
:10CB90001B689A4209D9384B1B68596D344A106892
:10CBA000344A1268821A8A185A65314B1A68314B16
:10CBB0001A60314B1B681B6BBB60304B7B60BB68E2
:10CBC0001B687A689A4211D1BB6804331B687A6883
:10CBD0009A420BD1BB6808331B687A689A4205D128
:10CBE000BB680C331B687A689A4208D0224B1A68DB
:10CBF000214B1B68343319001000F7F7E3FD204B7D
:10CC00001B68FB6002E0FB68013BFB601D49FA68A2
:10CC100013009B009B189B005B58002BF3D0FA6815
:10CC200013009B009B189B00164A9B183B603B68B7
:10CC30005B685A683B685A603B685A683B680833CF
:10CC40009A4204D13B685B685A683B685A603B680B
:10CC50005B68DA68084B1A60094BFA681A60C046CC
:10CC6000BD4604B080BDC046D4A60120C0A60120A8
:10CC7000DCA60120D8A60120ACA50120A5A5A5A56C
:10CC8000B4A60120B0A5012080B582B000AF7860C5
:10CC90003960094B1B6818331A007B6811001800B3
:10CCA000FEF7ACFA3B680121180000F0DDFEC0463B
:10CCB000BD4602B080BDC046ACA5012080B584B0A1
:10CCC00000AFF860B9607A600C4B1B6818331A002B
:10CCD000FB6811001800FEF76FFA7B68002B02D08A
:10CCE00001235B42BB607A68BB681100180000F04A
:10CCF000BBFEC046BD4604B080BDC046ACA5012009
:10CD000080B584B000AF78607B68DB68DB68BB60AF
:10CD1000BB6818331800FEF7A7FA1F4B1B68002BDF
:10CD20001DD1BB6804331800FEF79EFABB68DA6AAF
:10CD30001A4B1B689A4203D9BB68DA6A174B1A6010
:10CD4000BB68DA6A13009B009B189B00144A9A1870
:10CD5000BB68043319001000FEF72EFA07E0BB6829
:10CD600018331A000F4B11001800FEF725FABB68A4
:10CD7000DA6A0D4B1B68DB6A9A4205D90123FB6016
:10CD80000A4B01221A6001E00023FB60FB681800D7
:10CD9000BD4604B080BDC046D4A60120B4A6012083
:10CDA000B0A501206CA60120ACA50120C0A60120E1
:10CDB00080B582B000AF7860054B1A687B681A6056
:10CDC000044B1A687B685A60C046BD4602B080BDFD
:10CDD000C4A60120B0A6012080B586B000AF78605F
:10CDE0003960FEF7FDFA1D4B1B683B617B685B6891
:10CDF0003A69D31AFB603B681B68013302D10023F8
:10CE00007B6124E07B681A68154B1B689A4207D047
:10CE10007B685B683A699A4202D301237B6116E022
:10CE20003B681B68FA689A420CD23B681A68FB6838
:10CE3000D21A3B681A607B681800FFF7B9FF00231D
:10CE40007B6104E03B6800221A6001237B61FEF7EE
:10CE5000D9FA7B691800BD4606B080BDB0A6012096
:10CE6000C4A6012080B500AF024B01221A60C04663
:10CE7000BD4680BDC0A6012080B582B000AF7860FD
:10CE800000F04EF8034B1B68012BF9D9FEF798FA16
:10CE9000F6E7C046B0A5012080B582B000AF002300
:10CEA0007B600CE07A6813009B009B189B00144A7F
:10CEB0009B181800FEF757F97B6801337B607B688D
:10CEC000062BEFD90F4B1800FEF74DF90E4B18004B
:10CED000FEF749F90D4B1800FEF745F90C4B180009
:10CEE000FEF741F90B4B1800FEF73DF90A4B054AD6
:10CEF0001A600A4B044A1A60C046BD4602B080BDA3
:10CF0000B0A501203CA6012050A601206CA601205E
:10CF100080A6012098A6012064A6012068A6012011
:10CF200080B582B000AF1AE0FEF75AFA104BDB680A
:10CF3000DB687B607B6804331800FEF795F90D4BC6
:10CF40001B685A1E0B4B1A600B4B1B685A1E0A4B70
:10CF50001A60FEF757FA7B68180000F0E8F8064BF5
:10CF60001B68002BE0D1C046C046BD4602B080BD64
:10CF700080A60120ACA6012094A6012080B586B031
:10CF800000AFF860B9607A601A00FB1C1A70FB6889
:10CF9000002B02D12E4B1B6800E0FB687B61BB6855
:10CFA0007A691A607B6934331A00BB685A607B69FE
:10CFB000DA6ABB681A617B691A6BBB68DA617B69E4
:10CFC0005A6CBB689A607B69DA6CBB685A617B6992
:10CFD0005A6DBB689A61FB1C1B78052B1CD01C4B3F
:10CFE0001B687A699A4203D1BB6800221A731BE05E
:10CFF000BB68FA1C12781A73FB1C1B78032B13D125
:10D00000FFF7C8FB7B699B6A002B02D0BB6802223A
:10D010001A73FFF7CBFB07E07B691800FFF776FA7E
:10D0200003001A00BB681A737B68002B09D07B6968
:10D030001B6B180000F061F803001A00BB681A842B
:10D0400002E0BB6800221A84C046BD4606B080BD1F
:10D05000ACA5012080B58AB000AFF860B960FB1DB7
:10D060001A7000237B62BB681B68002B40D0BB6832
:10D070003B623B6A5B685A683B6A5A603B6A5A6823
:10D080003B6A08339A4204D13B6A5B685A683B6A40
:10D090005A603B6A5B68DB68FB61BB68BB61BB696C
:10D0A0005B685A68BB695A60BB695A68BB690833D8
:10D0B0009A4204D1BB695B685A68BB695A60BB6914
:10D0C0005B68DB687B617A6A1300DB009B189B005E
:10D0D0001A00FB689918FB1D1B7878690122FFF77D
:10D0E0004DFF7B6A01337B627A69FB699A42D4D136
:10D0F0007B6A1800BD460AB080BD80B584B000AF21
:10D1000078600023FB6005E07B6801337B60FB688F
:10D110000133FB607B681B78A52BF5D0FB689B086F
:10D12000FB60FB689BB21800BD4604B080BD80B5B3
:10D1300082B000AF78607B681B6B1800FEF780FA46
:10D140007B681800FEF77CFAC046BD4602B080BD81
:10D1500080B582B000AF0B4B1B681B68002B04D15D
:10D16000094B012252421A6008E0064B1B68DB683B
:10D17000DB687B607B685A68034B1A60C046BD461B
:10D1800002B080BD64A60120CCA6012080B582B08B
:10D1900000AF0A4B1B68002B02D101237B6008E023
:10D1A000074B1B68002B02D102237B6001E00023A8
:10D1B0007B607B681800BD4602B080BDB8A6012028
:10D1C000D4A6012080B584B000AF78607B68BB60D6
:10D1D0000023FB607B68002B51D0BB68DA6A2A4BC6
:10D1E0001B68DB6A9A4241D2BB689B69002B06DB55
:10D1F000254B1B68DB6A0722D21ABB689A61BB68A1
:10D200005969BB68DA6A13009B009B189B001F4A90
:10D210009B18994222D1BB6804331800FEF724F80A
:10D22000194B1B68DA6ABB68DA62BB68DA6A184BAA
:10D230001B689A4203D9BB68DA6A154B1A60BB684F
:10D24000DA6A13009B009B189B00104A9A18BB686F
:10D25000043319001000FDF7AFFF04E00A4B1B6810
:10D26000DA6ABB68DA620123FB6008E0BB68DA6C4B
:10D27000054B1B68DB6A9A4201D20123FB60FB6805
:10D280001800BD4604B080BDACA50120B0A50120AA
:10D29000B4A6012080B584B000AF78607B68BB6025
:10D2A0000023FB607B68002B37D0BB681B6D5A1EC8
:10D2B000BB681A65BB68DA6ABB68DB6C9A422CD023
:10D2C000BB681B6D002B28D1BB6804331800FDF729
:10D2D000CBFFBB68DA6CBB68DA62BB68DB6A07222B
:10D2E000D21ABB689A61BB68DA6A0E4B1B689A4215
:10D2F00003D9BB68DA6A0B4B1A60BB68DA6A1300A1
:10D300009B009B189B00084A9A18BB6804331900BD
:10D310001000FDF751FF0123FB60FB681800BD46BC
:10D3200004B080BDB4A60120B0A5012080B586B0B0
:10D3300000AF786039607B683B610123FB607B68EC
:10D34000002B4BD03B69DB6C3A689A4202D93B68B0
:10D350007B6102E03B69DB6C7B613B69DB6A7A697C
:10D360009A423BD03B691B6DFA689A4236D13B69C1
:10D37000DB6ABB603B697A69DA623B699B69002BB7
:10D3800004DB7B690722D21A3B699A613B695969C0
:10D39000BA6813009B009B189B00124A9B18994285
:10D3A0001CD13B6904331800FDF75EFF3B69DA6A64
:10D3B0000D4B1B689A4203D93B69DA6A0A4B1A6023
:10D3C0003B69DA6A13009B009B189B00054A9A1878
:10D3D0003B69043319001000FDF7EEFEC046BD4660
:10D3E00006B080BDB0A50120B4A6012080B584B0F0
:10D3F00000AF786039603A687B681100180009F066
:10D40000F2FE7B681800E2F789FE0300FB6007E08C
:10D410007A68FB68D31820221A70FB680133FB601E
:10D42000FB680B2BF4D97A68FB68D31800221A70BA
:10D430007A68FB68D3181800BD4604B080BD0000B0
:10D44000F0B589B002AF78607B6800221A704C4B4F
:10D450001B68FB604A4B1A681300DB009B189B009B
:10D460001800FEF74DF80300BB60BB68002B00D12D
:10D4700082E0F968BB6800221800FFF73BFA03005E
:10D48000FB6000237B616FE07A691300DB009B186F
:10D490009B001A00BB689B181B7B042B1DD89A00AD
:10D4A000384BD3181B689F461323FB1858221A7059
:10D4B00018E01323FB1852221A7013E01323FB18F1
:10D4C00042221A700EE01323FB1853221A7009E04F
:10D4D0001323FB1844221A7004E01323FB180022C4
:10D4E0001A70C0467A691300DB009B189B001A0073
:10D4F000BB689B185A687B6811001800FFF776FF1D
:10D5000003007B601323FB181C787A691300DB008F
:10D510009B189B001A00BB689B181D697A69130051
:10D52000DB009B189B001A00BB689B181B8C1E001D
:10D530007A691300DB009B189B001A00BB689B18DC
:10D540009B6811497868019300962B00220009F02E
:10D550009DFC7B681800E2F7E1FD02007B689B18E8
:10D560007B607B6901337B617A69FB689A428BD36C
:10D57000BB681800FEF764F8C046BD4607B0F0BDB2
:10D58000ACA6012050FF020840FF020880B588B019
:10D5900000AF78607B6800221A703F4B1B68BB614C
:10D5A0003D4B1A681300DB009B189B001800FDF729
:10D5B000A7FF03007B617B69002B68D00C23FA185E
:10D5C000B9697B691800FFF795F90300BB61FB6837
:10D5D00064211800E2F7BEFD0300FB60FB68002B2E
:10D5E00051D00023FB614AE0FA691300DB009B186D
:10D5F0009B001A007B699B189B69FA681100180050
:10D60000E2F7A8FD03003B61FA691300DB009B18F9
:10D610009B001A007B699B185A687B6811001800F0
:10D62000FFF7E4FE03007B603B69002B0ED0FA6934
:10D630001300DB009B189B001A007B699B189A69FA
:10D640003B691649786809F021FC0DE0FA6913007E
:10D65000DB009B189B001A007B699B189A69104994
:10D660007B68180009F012FC7B681800E2F756FD91
:10D6700002007B689B187B60FB690133FB61FA69E0
:10D68000BB699A42B0D37B691800FDF7D9FFC04649
:10D69000BD4608B080BDC046ACA6012064FF0208AC
:10D6A00070FF020880B500AF064B1B68002B04D04A
:10D6B000044B1B681A6D01321A65024B1B68180077
:10D6C000BD4680BDACA5012080B584B000AF7860B8
:10D6D0003960FDF785FE1C4B1B689B6D002B0ED13E
:10D6E000194B1B685C22012199543B68002B06D022
:10D6F0003B680121180000F0B7F9FDF761FEFDF766
:10D7000081FEFDF76DFE104B1B689B6DFB60FB6897
:10D71000002B0CD07B68002B04D00B4B1B68002225
:10D720009A6504E0084B1B68FA68013A9A65064B53
:10D730001B685C2200219954FDF764FEFB68180009
:10D74000BD4604B080BDC046ACA5012080B588B000
:10D7500000AFF860B9603B60FB1D1A700123FB61EC
:10D76000FB68BB61FDF73CFE3B68002B03D0BB6947
:10D770009A6D3B681A601723FB18BA695C21525CEA
:10D780001A70BB695C2202219954FB1D1B78042B83
:10D7900021D89A002A4BD3181B689F46BB699A6D03
:10D7A000BB681A43BB699A6518E0BB699B6D5A1C3C
:10D7B000BB699A6512E0BB69BA689A650EE01723E7
:10D7C000FB181B78022B03D0BB69BA689A6505E089
:10D7D0000023FB6102E0C04600E0C0461723FB18AF
:10D7E0001B78012B25D1BB6904331800FDF73CFDE4
:10D7F000BB69DA6A134B1B689A4203D9BB69DA6AC0
:10D80000104B1A60BB69DA6A13009B009B189B00DF
:10D810000D4A9A18BB69043319001000FDF7CCFCBF
:10D82000BB69DA6A094B1B68DB6A9A4201D9FDF7CA
:10D83000C7FDFDF7E7FDFB691800BD4608B080BDD8
:10D840007CFF0208B4A60120B0A50120ACA50120F0
:10D8500080B588B000AFF860B9603B60FB1D1A70FE
:10D860000123FB61FB68BB61FDF7DEFD03007B610B
:10D870003B68002B03D0BB699A6D3B681A60132389
:10D88000FB18BA695C21525C1A70BB695C220221E8
:10D890009954FB1D1B78042B21D89A00354BD318C3
:10D8A0001B689F46BB699A6DBB681A43BB699A6542
:10D8B00018E0BB699B6D5A1CBB699A6512E0BB6995
:10D8C000BA689A650EE01323FB181B78022B03D06D
:10D8D000BB69BA689A6505E00023FB6102E0C046B7
:10D8E00000E0C0461323FB181B78012B39D1224BD3
:10D8F0001B68002B1DD1BB6904331800FDF7B4FC75
:10D90000BB69DA6A1D4B1B689A4203D9BB69DA6AA4
:10D910001A4B1A60BB69DA6A13009B009B189B00C4
:10D92000174A9A18BB69043319001000FDF744FC2C
:10D9300007E0BB6918331A00124B11001800FDF7FD
:10D940003BFCBB69DA6A104B1B68DB6A9A4208D958
:10D95000BB6A002B02D0BB6A01221A600B4B01226A
:10D960001A607B691800FDF765FDFB691800BD466C
:10D9700008B080BD90FF0208D4A60120B4A6012003
:10D98000B0A501206CA60120ACA50120C0A60120F5
:10D9900080B586B000AF786039607B687B61FDF749
:10D9A00043FD03003B610F203B187A695C21525C08
:10D9B0001A707B695C22022199547B699B6D5A1C09
:10D9C0007B699A653B181B78012B39D1204B1B686A
:10D9D000002B1DD17B6904331800FDF745FC7B69E2
:10D9E000DA6A1C4B1B689A4203D97B69DA6A194BC5
:10D9F0001A607B69DA6A13009B009B189B00164A29
:10DA00009A187B69043319001000FDF7D5FB07E075
:10DA10007B6918331A00114B11001800FDF7CCFB7D
:10DA20007B69DA6A0E4B1B68DB6A9A4208D93B684D
:10DA3000002B02D03B6801221A600A4B01221A60B7
:10DA40003B691800FDF7F6FCC046BD4606B080BD38
:10DA5000D4A60120B4A60120B0A501206CA6012007
:10DA6000ACA50120C0A6012080B584B000AF7860CD
:10DA70003960214B1B68FB60204B1B680433180086
:10DA8000FDF7F2FB7B6801330BD13B68002B08D01C
:10DA90001A4B1B681A1D1A4B11001800FDF78CFB5E
:10DAA00026E0FA687B68D318BB60144B1B68BA6821
:10DAB0005A60BA68FB689A4209D2124B1A680F4B37
:10DAC0001B68043319001000FDF798FB10E00E4BA3
:10DAD0001A680A4B1B68043319001000FDF78EFB0F
:10DAE0000A4B1B68BA689A4202D2084BBA681A609D
:10DAF000C046BD4604B080BDB0A60120ACA5012043
:10DB000098A6012068A6012064A60120CCA60120C9
:10DB100080B584B002AF00237B6000F0E3FA0A4BCB
:10DB20001B68002B0BD0094A09490A480A4B01938C
:10DB3000032300930023FEF794FB03007B607B68C4
:10DB40001800BD4602B080BD10A70120C409000026
:10DB5000A4FF020809DD010814A7012090B589B0CF
:10DB600002AFF860B9607A603B602C20FDF7C8FC1A
:10DB700003007B617B69002B0ED07B69282200218A
:10DB800099543C687A68B968F8687B690193BB6A04
:10DB90000093230000F005F87B691800BD4607B02C
:10DBA00090BD80B584B000AFF860B9607A603B602A
:10DBB000FB69002B1ED000F095FAFB69FA681A6029
:10DBC000FB69BA689A61FB693A68DA61FB69BA690C
:10DBD0001A62FB6904331800FDF7E3FA7B68002B37
:10DBE00008D0FB6928229B5C04221343D9B2FB694D
:10DBF00028229954C046BD4604B080BD90B58BB074
:10DC000000AFF860B9607A603B6000237B621D4B17
:10DC10001B68002B30D014243B19BA681A603B19DA
:10DC20007A685A603B19FA689A60BB68052B19DC60
:10DC3000FFF7ACFA0300022B09D1124B1868BA6B3C
:10DC400039190023FDF7ABFE03007B6214E00D4B96
:10DC500018681423F91800230022FDF7A0FE030022
:10DC60007B6209E0074B18683A681423F91800230F
:10DC7000FDF72AFF03007B627B6A1800BD460BB0EC
:10DC800090BDC04610A7012080B586B002AF786075
:10DC900039601C4B1B68DB68DB68FB60FB68043386
:10DCA0001800FDF7E1FAFB6828229B5C1A000423A8
:10DCB000134015D0FB689A697B68D1187B683A6875
:10DCC000F86800F0BFF8031E13D07A68F8680023E4
:10DCD000009300230021FFF791FF0300BB6008E0E1
:10DCE000FB6828229B5C01229343D9B2FB6828225F
:10DCF0009954FB681B6AFA6810009847C046BD46F5
:10DD000004B080BD08A7012080B584B000AF786062
:10DD10000823FB18180000F053F80300FB60BA68F2
:10DD2000FB681100180000F003F800F0CDF8EFE7F1
:10DD300080B584B000AF78603960FEF72BFD082312
:10DD4000FB18180000F05EF80300FB60BB68002BB6
:10DD50002BD13B68002B0CD17A68FB689A4208D81B
:10DD6000FEF724FDFA687B6811001800FFF78CFFAE
:10DD70001DE03B68002B08D00F4B1B681B68002B75
:10DD800001D1012300E000233B600C4B18687A6846
:10DD9000FB68D31A3A681900FEF730FAFEF706FD61
:10DDA000031E04D1FDF70CFB01E0FEF7FFFCC046AB
:10DDB000BD4604B080BDC0460CA7012010A70120BD
:10DDC00080B584B000AF78600D4B1B681B68002BDA
:10DDD00001D1012200E000227B681A607B681B6889
:10DDE000002B05D1064B1B68DB681B68FB6001E05C
:10DDF0000023FB60FB681800BD4604B080BDC04630
:10DE000008A7012080B584B000AF7860FEF754FD0C
:10DE10000300FB600A4B1B68FA689A4205D200F0C7
:10DE200009F97B6801221A6002E07B6800221A600F
:10DE3000034BFA681A60FB681800BD4604B080BD49
:10DE400018A7012080B586B000AFF860B9607A608D
:10DE50003B6000237B61FB68BA685A60FB68FA6824
:10DE60001A61BA687B689A4212D87A683B68D21AFB
:10DE7000FB689B699A4202D301237B611BE0104B34
:10DE80001A68FB68043319001000FDF7B7F912E0B7
:10DE90007A683B689A4206D2BA683B689A4202D3D3
:10DEA00001237B6107E0074B1A68FB680433190004
:10DEB0001000FDF7A3F97B691800BD4606B080BDD0
:10DEC0000CA7012008A7012090B58DB002AF9CE0FF
:10DED0000822BB181B68002B0ADABB1804337B62CC
:10DEE0007B6A1A687B6A58687B6A9B68190090474E
:10DEF0000822BB181B68002B00DA86E0BB189B6861
:10DF00003B623B6A5B69002B04D03B6A0433180018
:10DF1000FDF7AAF93B1D1800FFF774FF0300FB6132
:10DF20000823FB181B68092B6ED89A003F4BD318A7
:10DF30001B689F463B6A28229B5C01221343D9B28F
:10DF40003B6A2822995408243B195A683B6A9B690A
:10DF5000D1183B195B68FA69386AFFF773FF031E33
:10DF600053D03B6A1B6A3A6A100098473B6A2822E2
:10DF70009B5C1A000423134047D03B195A683B6A44
:10DF80009B69D218386A0023009300230021FFF711
:10DF900035FE0300BB6138E03B6A28229B5C01220E
:10DFA0009343D9B23B6A282299542EE03B6A282237
:10DFB0009B5C01221343D9B23B6A2822995408235F
:10DFC000FB185A683B6A9A613B6A9A69FB69D118E7
:10DFD000FB69FA69386AFFF735FF16E03B6A2822C9
:10DFE0009B5C1A000223134004D13B6A1800FDF722
:10DFF00027FB0AE03B6A28229B5C01229343D9B2AB
:10E000003B6A2822995400E0C046094B1B6808224D
:10E01000B91800221800FDF7F5FD031E00D057E7E0
:10E02000C046C046BD460BB090BDC046ACFF02081E
:10E0300010A7012080B588B002AF3CE0274B1B68D9
:10E04000DB681B683B61254B1B68DB68DB68FB609A
:10E05000FB6804331800FDF707F9FB681B6AFA68D0
:10E0600010009847FB6828229B5C1A000423134089
:10E0700021D0FB689B693A69D318BB60BA683B69D9
:10E080009A420ED9FB68BA685A60FB68FA681A614E
:10E09000124B1A68FB68043319001000FDF7AEF844
:10E0A00009E03A69F8680023009300230021FFF794
:10E0B000A5FD03007B60094B1B681B68002BBDD1CD
:10E0C000064B1B687B61064B1A68044B1A60044BB5
:10E0D0007A691A60C046BD4606B080BD08A7012017
:10E0E0000CA7012080B500AFFDF77AF9144B1B682F
:10E0F000002B20D1134B1800FDF735F8124B1800F8
:10E10000FDF731F8114B0F4A1A60114B0E4A1A6095
:10E11000002210210420FDF7DAFB0200084B1A60F0
:10E12000074B1B68002B06D0054B1B68094A1100E2
:10E130001800FEF73BF8FDF765F9C046BD4680BD07
:10E1400010A70120E0A60120F4A6012008A70120C5
:10E150000CA70120D4FF020880B582B000AFFB1DE0
:10E1600000221A700B4B1A680A4B802149000A439F
:10E170001A60032000F010F8031E03D0FB1D0122DB
:10E180001A7001E002F0E1F9FB1D1B781800BD4692
:10E1900002B080BD0020024090B585B000AF78602D
:10E1A0000F23FB1800221A701D4B1B78002B2BD05D
:10E1B0001C4B1C681A4B1B781900FA239800E1F7D6
:10E1C000C9FF030019002000E1F7C4FF0300180095
:10E1D00001F08FF8031E12D17B68032B0AD87968EF
:10E1E00001235B420022180001F05EF80E4B7A68B2
:10E1F0001A600DE00F23FB1801221A7008E00F23AC
:10E20000FB1801221A7003E00F23FB1801221A7079
:10E210000F23FB181B781800BD4605B090BDC04603
:10E2200040020020080200203C02002080B500AF20
:10E23000054B1B781A00054B1B68D218034B1A605C
:10E24000C046BD4680BDC046400200201CA701203C
:10E2500080B500AF024B1B681800BD4680BDC046AC
:10E260001CA7012080B584B000AF7860FFF7F0FFF5
:10E270000300BB607B68FB60FB68013305D00A4B81
:10E280001B781A00FB689B18FB60C046FFF7E0FF95
:10E290000200BB68D31AFA689A42F7D8C046C04653
:10E2A000BD4604B080BDC0464002002080B500AF2E
:10E2B000034B1B681B0C1B041B0C1800BD4680BDC8
:10E2C0000058014080B500AF034B1B681B051B0DB8
:10E2D0001800BD4680BDC0460058014080B582B0E0
:10E2E00000AF786039607B681B68054A1A403B685C
:10E2F0001A437B681A60C046BD4602B080BDC04666
:10E30000FFFF3FFE80B582B000AF78607B681A687F
:10E31000E0235B0413401800BD4602B080BD80B509
:10E3200084B000AFF860B9607A60FB685B69BA6876
:10E3300004210A40072191400A00D2431A40BB68D9
:10E3400004210B40796899400B001A43FB685A611D
:10E35000C046BD4604B080BD80B582B000AF7860D5
:10E3600039607B685B693A6804210A400721914063
:10E370000A001A403B6804210B40DA4013001800E1
:10E38000BD4602B080BD80B582B000AF78607B68CA
:10E39000DA68C0231B01134001D1012300E00023F0
:10E3A0001800BD4602B080BD80B584B000AFF860F3
:10E3B000B9607A60FB689B6ABA681F210A400F2126
:10E3C00091400A00D2431A407B689B0E0F211940EE
:10E3D000BB681F20034099400B001A43FB689A62F8
:10E3E000C046BD4604B080BD80B582B000AF786045
:10E3F00039607B689A6A3B685B035B0B1A437B68F6
:10E400009A62C046BD4602B080BD80B582B000AF02
:10E41000786039607B689B6A3A685203520BD2433A
:10E420001A407B689A62C046BD4602B080BD0000BB
:10E4300080B584B000AFF860B9607A60FB685B6952
:10E44000BA681202D2431A40BB681B0279680B40BB
:10E4500004490B401A43FB685A61C046BD4604B0EC
:10E4600080BDC04600FFFF0780B582B000AF786076
:10E470007B689B68054A1340802252051A437B68DB
:10E480009A60C046BD4602B080BDC046E8FFFF6F3F
:10E4900080B582B000AF78607B689A6880235B05A6
:10E4A0001A4080235B059A4201D1012300E000233A
:10E4B0001800BD4602B080BD80B582B000AF786064
:10E4C0007B689B68044A134001221A437B689A6068
:10E4D000C046BD4602B080BDE8FFFF7F80B582B078
:10E4E00000AF78607B689B68044A134002221A439D
:10E4F0007B689A60C046BD4602B080BDE8FFFF7FE2
:10E5000080B582B000AF78607B689B6801221340C1
:10E51000012B01D1012300E000231800BD4602B009
:10E5200080BD80B582B000AF78607B689B680222B6
:10E530001340022B01D1012300E000231800BD4647
:10E5400002B080BD80B582B000AF78607B689B6808
:10E55000044A134004221A437B689A60C046BD46B1
:10E5600002B080BDE8FFFF7F80B582B000AF786069
:10E570007B689B68044A134010221A437B689A60A8
:10E58000C046BD4602B080BDE8FFFF7F80B582B0C7
:10E5900000AF78607B689B6804221340042B01D194
:10E5A000012300E000231800BD4602B080BD00003A
:10E5B00080B588B000AF78601F23FB1800221A7066
:10E5C0000023BB6100237B610023FB607B68002B81
:10E5D00001D101237FE17B689B6D002B0AD17B6811
:10E5E0001800F4F701FD7B680022DA657B6854228D
:10E5F000002199547B681B681800FFF749FF031E30
:10E6000015D17B681B681800FFF72EFFB44B1B6801
:10E61000B4491800E1F79EFD030001335B00FB6085
:10E6200002E0FB68013BFB60FB68002BF9D17B68D3
:10E630001B681800FFF72CFF031E0FD17B689B6D32
:10E6400010221A437B689A657B68DB6D01221A43AE
:10E650007B68DA651F23FB1801221A707B681B6830
:10E660001800FFF793FF03003B617B689B6D10224E
:10E67000134000D022E13B69002B00D01EE17B68F3
:10E680009B6D994A134002221A437B689A657B6806
:10E690001B681800FFF734FF031E00D0ADE07B6855
:10E6A0009A687B681B7E9B031A437B685B7EDB0357
:10E6B0001A437B689B7E5B031A437B681B6B002BB2
:10E6C00002D080235B0100E000231A437B68DB68F3
:10E6D0001A437B681B69002B04DA7B681B695B00AB
:10E6E0005B0801E080239B031A437B682C215B5C61
:10E6F0005B001343BA691343BB617B6820229B5CB8
:10E70000012B15D17B689B7E002B05D1BB69802234
:10E7100052021343BB610BE07B689B6D20221A43BE
:10E720007B689A657B68DB6D01221A437B68DA653A
:10E730007B685B6A002B0AD07B685A6AE0235B0027
:10E740001A407B689B6A1343BA691343BB617B68B9
:10E750001B68DB68654A134019007B681B68BA694F
:10E760000A43DA607B685B689B0F9A077B68DB6C07
:10E7700013437A6913437B617B683C229B5C012BCA
:10E7800011D17B685B689B0F9A077B681B6C1A43EF
:10E790007B685B6C1A437B689B6C1A437B691343F1
:10E7A000012213437B617B681B681B69504A13403D
:10E7B00019007B681B687A690A431A617B685A688A
:10E7C000C0231B069A4218D07B685A688023DB0559
:10E7D0009A4212D07B685A6880231B069A420CD05A
:10E7E000444B1B68444A134019007B685A68F02365
:10E7F0009B031A403F4B0A431A607B6818687B688A
:10E800005B6B1A000021FFF78AFD7B6818687B6844
:10E810009B6B3A491A00FFF782FD7B681B69002B4E
:10E8200009D17B681B689A6A7B681B681021494282
:10E830000A439A6218E07B681A6980239B039A4214
:10E8400012D17B681B689B6A7B68DB69013B9B007C
:10E850001C221340102252429A4011007B681A6E0B
:10E860007B681B680A439A627B681B68002118005A
:10E87000FFF772FD02007B685B6B9A420BD17B68ED
:10E880000022DA657B689B6D0322934301221A43C1
:10E890007B689A651CE07B689B6D12229343102273
:10E8A0001A437B689A657B68DB6D01221A437B689B
:10E8B000DA651F23FB1801221A7009E07B689B6D43
:10E8C00010221A437B689A651F23FB1801221A70D5
:10E8D0001F23FB181B781800BD4608B080BDC0463A
:10E8E00008020020400D0300FDFEFFFF0102DEFFD5
:10E8F00002FCFF1F08270140FFFFC3FF04FFFF07C3
:10E90000B0B584B000AF78607B681B681800FFF773
:10E910003DFE031E35D17B6854229B5C012B01D147
:10E92000022335E07B685422012199540F257C197C
:10E930007B68180000F028FB030023707B191B780C
:10E94000002B19D17B689B6D134A13408022520023
:10E950001A437B689A657B680022DA657B681B68CE
:10E960001C221A607B685422002199547B681B6822
:10E970001800FFF7E7FD08E07B6854220021995456
:10E9800003E00F23FB1802221A700F23FB181B78D9
:10E990001800BD4604B0B0BDFEF0FFFFB0B584B0B6
:10E9A00000AF78607B6854229B5C012B01D102236D
:10E9B00029E07B685422012199540F257C197B683A
:10E9C000180000F09FFA030023707B191B78002BBE
:10E9D00012D17C197B68180000F05CFB03002370E7
:10E9E0007B191B78002B07D17B689B6D084A13406D
:10E9F00001221A437B689A657B685422002199544E
:10EA00000F23FB181B781800BD4604B0B0BDC046EC
:10EA1000FEFEFFFF80B584B000AF786039607B6890
:10EA20005B69082B02D10823FB600FE07B681B6841
:10EA3000DB680122134007D07B689B6D20221A43BC
:10EA40007B689A65012372E00423FB60FFF700FCFA
:10EA50000300BB601FE03B6801331CD0FFF7F8FBED
:10EA60000200BB68D31A3A689A4202D33B68002B73
:10EA700011D17B681B681B68FA6813400BD17B6857
:10EA80009B6D04221A437B689A657B68542200219F
:10EA9000995403234BE07B681B681B68FA6813409A
:10EAA000D9D07B689B6D802292001A437B689A655F
:10EAB0007B681B681800FFF766FC031E2ED07B687E
:10EAC0009B7E002B2AD17B681B681B6808221340A1
:10EAD000082B23D17B681B681800FFF757FD031E26
:10EAE00010D17B681B685A687B681B680C218A43BD
:10EAF0005A607B689B6D104A134001221A437B6861
:10EB00009A650BE07B689B6D20221A437B689A65AF
:10EB10007B68DB6D01221A437B68DA657B681B7EAC
:10EB2000002B03D17B681B680C221A60002318009D
:10EB3000BD4604B080BDC046FEFEFFFF80B582B07A
:10EB400000AF78607B681B681B6C1800BD4602B084
:10EB500080BD000080B586B000AF786039601723B3
:10EB6000FB1800221A700023FB607B6854229B5C18
:10EB7000012B01D10223C0E17B6854220121995469
:10EB80007B681B681800FFF701FD031E00D0A3E19E
:10EB90003B685B68022B00D143E17B681A698023E4
:10EBA0001B069A4204D07B681B69C14A934208D174
:10EBB0007B681A683B681B6819001000FFF714FC9B
:10EBC000C9E07B681A6E3B685B681F210B400F2110
:10EBD00099400B00DB43134019003B681B685B0343
:10EBE0005B0B05D13B681B689B0E1F22134098E00E
:10EBF0003B681B680122134000D091E03B681B6812
:10EC00000222134000D089E03B681B6804221340B5
:10EC100000D081E03B681B680822134000D079E0F7
:10EC20003B681B681022134000D071E03B681B68F2
:10EC30002022134000D069E03B681B68402213404B
:10EC400000D061E03B681B688022134000D059E08F
:10EC50003B681A6880235B00134051D13B681A68F7
:10EC600080239B00134049D13B681A688023DB0056
:10EC7000134041D13B681A6880231B01134039D1EE
:10EC80003B681A6880235B01134031D13B681A68E6
:10EC900080239B01134029D13B681A688023DB0144
:10ECA000134021D13B681A6880231B02134019D1FD
:10ECB0003B681A6880235B02134011D13B681A68D5
:10ECC00080239B02134009D13B681A688023DB0232
:10ECD000134001D0122324E0002322E0112320E07E
:10ECE00010231EE00F231CE00E231AE00D2318E072
:10ECF0000C2316E00B2314E00A2312E0092310E092
:10ED000008230EE007230CE006230AE0052308E0B1
:10ED1000042306E0032304E0022302E0012300E0D1
:10ED200000233A6852681F20024093400A001A43A9
:10ED30007B681A663B685B689B085A1C7B68DB69CA
:10ED40009A4208D87B6818683B6859683B681B681A
:10ED50001A00FFF729FB7B6818683B6819683B6855
:10ED60009B681A00FFF764FB3B681B68002B00DB05
:10ED7000BCE0504B1800FFF7C5FA03003B613B684D
:10ED80001B684D4A934222D13A6980231B041340E9
:10ED90001DD13B69802212041343464A190010001A
:10EDA000FFF79CFA454B1B6845491800E1F7D2F97B
:10EDB00003005A1C13005B009B189B00FB6002E0E1
:10EDC000FB68013BFB60FB68002BF9D18EE03B68E0
:10EDD0001B683C4A93420ED13A6980235B0413407E
:10EDE00009D13B69802252041343324A19001000B2
:10EDF000FFF774FA7AE03B681B68334A934200D00D
:10EE000074E03A698023DB03134000D06EE03B6975
:10EE10008022D2031343274A19001000FFF75EFA3D
:10EE200064E07B681A6980231B069A4204D07B68E1
:10EE30001B691F4A934207D17B681A683B681B68AD
:10EE400019001000FFF7E1FA3B681B68002B4DDA50
:10EE5000184B1800FFF756FA03003B613B681B682C
:10EE6000154A934208D13B69184A1340114A1900C8
:10EE70001000FFF733FA39E03B681B68114A9342F0
:10EE800008D13B69124A13400A4A19001000FFF7E3
:10EE900025FA2BE03B681B680B4A934226D13B695D
:10EEA0000C4A1340034A19001000FFF717FA1DE03F
:10EEB0000400008008270140001000B00802002074
:10EEC000400D0300004000B8002000B4FFFF7FFFAA
:10EED000FFFFFFFEFFFFBFFF7B689B6D20221A43F1
:10EEE0007B689A651723FB1801221A707B685422ED
:10EEF000002199541723FB181B781800BD4606B053
:10EF000080BDC04680B584B000AF78607B681B6868
:10EF10001800FFF73BFB031E31D07B681B6818000D
:10EF2000FFF7FFFA031E04D17B681B681800FFF788
:10EF30001BFBFFF78DF90300FB601AE0FFF788F970
:10EF40000200FB68D31A022B13D97B681B689B68ED
:10EF5000042213400DD07B689B6D10221A437B68FE
:10EF60009A657B68DB6D01221A437B68DA650123B1
:10EF700006E07B681B689B6804221340DED10023F7
:10EF80001800BD4604B080BD80B584B000AF786085
:10EF90000023BB607B681B681800FFF7B1FA031EF3
:10EFA00000D069E07B681B689B68364A13400DD02F
:10EFB0007B689B6D10221A437B689A657B68DB6DCA
:10EFC00001221A437B68DA65012356E07B681B68DF
:10EFD0001800FFF771FA2C4B1800FFF793F90200A5
:10EFE00080231B0413400FD0284B1B6828491800AE
:10EFF000E1F7B0F803000133BB6002E0BB68013BFE
:10F00000BB60BB68002BF9D17B685B7E012B33D0E2
:10F01000FFF71EF90300FB6027E07B681B68180000
:10F02000FFF76EFA031E04D17B681B681800FFF718
:10F0300043FAFFF70DF90200FB68D31A022B14D92B
:10F040007B681B681B6801221340012B0DD07B6875
:10F050009B6D10221A437B689A657B68DB6D0122E9
:10F060001A437B68DA65012307E07B681B681B682D
:10F0700001221340012BD0D100231800BD4604B05B
:10F0800080BDC0461700008008270140080200200C
:10F09000400D030080B584B000AF78607B681B68CA
:10F0A0001800FFF73EFA0300FB607B681B6818003E
:10F0B000FFF726FA031E46D0FB68002B43D17B687E
:10F0C0001B689B6805221340012B0DD17B681B68D0
:10F0D0001800FFF703FA7B681B6803221A60FFF72A
:10F0E000B7F80300BB6028E07B689B6D10221A43D1
:10F0F0007B689A657B68DB6D01221A437B68DA6561
:10F10000012321E0FFF7A4F80200BB68D31A022B09
:10F1100013D97B681B689B68012213400DD07B6864
:10F120009B6D10221A437B689A657B68DB6D012218
:10F130001A437B68DA65012306E07B681B689B68DD
:10F1400001221340DED100231800BD4604B080BD6B
:10F1500080B582B000AF0200FB1D1A70FB1D1B784A
:10F160007F2B09D8FB1D1B781A001F231A40044B64
:10F17000012191400A001A60C046BD4602B080BD20
:10F1800000E100E090B583B000AF02003960FB1DE4
:10F190001A70FB1D1B787F2B28D82F4AFB1D1B786C
:10F1A0005BB29B08C0339B009B58FA1D127811007C
:10F1B00003220A40D200FF2191400A00D2431A40A4
:10F1C00011003B689B01FF221A40FB1D1B781800B1
:10F1D00003230340DB009A401F48FB1D1B785BB2F2
:10F1E0009B080A43C0339B001A5031E01B4AFB1DA9
:10F1F0001B7819000F230B40083B9B0806339B002C
:10F20000D31804331B68FA1D1278110003220A4038
:10F21000D200FF2191400A00D2431A4011003B68FE
:10F220009B01FF221A40FB1D1B781800032303409B
:10F23000DB009A400948FB1D1B781C000F2323406C
:10F24000083B9B080A4306339B00C31804331A602B
:10F25000C046BD4603B090BD00E100E000ED00E017
:10F2600080B582B000AF78607B685A1E80235B0453
:10F270009A4201D3012310E00A4B7A68013A5A609E
:10F2800001235B4203211800FFF77CFF054B00229E
:10F290009A60044B07221A6000231800BD4602B092
:10F2A00080BDC04610E000E080B584B000AFB9601A
:10F2B0007A600F217B18021C1A70BA687B181B78C1
:10F2C0005BB211001800FFF75DFFC046BD4604B0F9
:10F2D00080BD80B582B000AF0200FB1D1A70FB1D1F
:10F2E0001B785BB21800FFF733FFC046BD4602B083
:10F2F00080BD80B582B000AF78607B681800FFF7F2
:10F30000AFFF03001800BD4602B080BD80B582B0DB
:10F3100000AF78607B68002B01D1012356E07B6849
:10F320005B7FDBB2002B06D17B6800221A777B68FB
:10F330001800F3F77BFA7B6802225A777B681B7907
:10F34000002B0CD17B681B68224A5A617B681B68C2
:10F350009A687B681B6818218A439A600BE07B6877
:10F3600099687B68DA687B68180000F093F9031EDF
:10F3700001D001232AE07B685B79002B05D17B68F3
:10F380001B68012252421A6104E07B681B687A689C
:10F3900012691A617B681B689B686022934319009D
:10F3A0007B685A697B681B680A439A607B681B68A4
:10F3B0009B688022934319007B689A697B681B686D
:10F3C0000A439A607B6801225A7700231800BD46E1
:10F3D00002B080BDB71DC10480B586B000AFF86033
:10F3E000B9607A6000233B61FB6802225A77FB68B0
:10F3F0001B6A032B05D02DD8012B19D0022B20D04E
:10F4000028E000237B610AE07B699B00BA68D21880
:10F41000FB681B6812681A607B6901337B617A693B
:10F420007B689A42F0D3FB681B681B683B6112E063
:10F430007A68B968FB68180000F064F803003B6163
:10F4400009E07A68B968FB68180000F0ECF803007E
:10F450003B6100E0C046FB6801225A773B69180017
:10F46000BD4606B080BD80B586B000AFF860B9601B
:10F470007A6000233B61FB6802225A77FB681B68B5
:10F480009A68FB681B6801210A439A60FB681B6A43
:10F49000032B05D02DD8012B19D0022B20D028E02A
:10F4A00000237B610AE07B699B00BA68D218FB6885
:10F4B0001B6812681A607B6901337B617A697B681B
:10F4C0009A42F0D3FB681B681B683B6112E07A68C4
:10F4D000B968FB68180000F015F803003B6109E00B
:10F4E0007A68B968FB68180000F09DF803003B617A
:10F4F00000E0C046FB6801225A773B691800BD4610
:10F5000006B080BD80B588B000AFF860B9607A60A1
:10F510000023FB6123E0FB699B00BA68D3181B78CA
:10F520001A06FB699B000133B968CB181B781B04D2
:10F530001A43FB699B000233B968CB181B781B0286
:10F540001A43FB699B000333B968CB181B78190079
:10F55000FB681B680A431A60FB690133FB617B6827
:10F560009B08FA699A42D6D37B680322134053D092
:10F570007B6803221340012B07D1FB699B00BA680B
:10F58000D218FB681B6812781A707B68032213403C
:10F59000022B19D1FB699B00BA68D3181B781B0298
:10F5A0001AB2FB699B000133B968CB181B781BB2F8
:10F5B00013431AB21A217B181A80FB681B687B61FF
:10F5C0007B697A1812881A807B6803221340032B08
:10F5D00022D1FB699B00BA68D3181B781B021AB2B0
:10F5E000FB699B000133B968CB181B781BB213432E
:10F5F0001AB21A217B181A80FB681B687B617B6931
:10F600007A1812881A80FB699B000233BA68D218F4
:10F61000FB681B6812781A70FB681B681B6818006F
:10F62000BD4608B080BD80B586B000AFF860B96057
:10F630007A6000237B6113E07B699B00BA68D31872
:10F640001B881A047B699B000233B968CB181B889E
:10F650001900FB681B680A431A607B6901337B61F0
:10F660007B685B087A699A42E6D37B680122134083
:10F6700009D0FB681B683B617B699B00BA68D318A3
:10F680001A883B691A80FB681B681B681800BD4616
:10F6900006B080BD80B586B000AFF860B9607A6012
:10F6A00017217B1800221A701F233B61BB680122BF
:10F6B000134003D17B1801221A7045E0C0463B6914
:10F6C0005A1E3A61002B08D03B691F221340BA68CA
:10F6D000DA40130001221340F1D07B68182B0FD0C1
:10F6E0007B68182B24D87B68102B11D07B68102BDB
:10F6F0001ED87B68002B20D07B68082B10D017E029
:10F700003B69062B1BD91723FB1801221A7016E040
:10F710003B69072B15D91723FB1801221A7010E03B
:10F720003B690F2B0FD91723FB1801221A700AE02F
:10F730001723FB1801221A7006E0C04604E0C046F9
:10F7400002E0C04600E0C0461723FB181B78002BE0
:10F750000ED1FB681B68BA685A61FB681B689B681E
:10F76000182293431900FB681B687A680A439A6061
:10F770001723FB181B781800BD4606B080BD00009B
:10F7800080B582B000AF78607B68002B01D1012387
:10F7900091E07B681B681A00494B9A4210D87B683D
:10F7A0001B68484A9446634414211800E0F7D2FCD1
:10F7B00003009A007B685A647B68434A1A640FE02E
:10F7C0007B681B68414A9446634414211800E0F7A3
:10F7D000C1FC03009A007B685A647B683C4A1A6447
:10F7E0007B682522022199547B681B681A687B6814
:10F7F0001B6838490A401A607B681B6819687B6877
:10F800009A687B68DB681A437B681B691A437B68CC
:10F810005B691A437B689B691A437B68DB691A43FF
:10F820007B681B6A1A437B681B680A431A607B6803
:10F83000180000F0A9FA7B689A688023DB019A42DD
:10F8400002D17B6800225A607B685A687B689B6C97
:10F850007F210A401A607B68DB6C7A68126D5A60FF
:10F860007B685B68002B11D07B685B68042B0DD82C
:10F870007B68180000F0D2FA7B685B6D00221A608A
:10F880007B689B6D7A68D26D5A6008E07B680022C5
:10F890005A657B6800229A657B680022DA657B687E
:10F8A0000022DA637B682522012199547B68242297
:10F8B0000021995400231800BD4602B080BDC04607
:10F8C00007040240F8FFFDBF00000240F8FBFDBF47
:10F8D000000402400F80FFFF80B586B000AFF860E3
:10F8E000B9607A603B601723FB1800221A70FB682E
:10F8F00024229B5C012B01D102236FE0FB682422B0
:10F9000001219954FB6825229B5CDBB2012B57D166
:10F91000FB68252202219954FB680022DA63FB6808
:10F920001B681A68FB681B6801218A431A603B68E0
:10F930007A68B968F86800F0EBF9FB681B6B002B7C
:10F9400008D0FB681B681A68FB681B680E210A4315
:10F950001A600FE0FB681B681A68FB681B680421CB
:10F960008A431A60FB681B681A68FB681B680A21D7
:10F970000A431A60FB689B6C1A6880235B02134081
:10F9800008D0FB689B6C1A68FB689B6C802149005F
:10F990000A431A60FB685B6D002B08D0FB685B6D47
:10F9A0001A68FB685B6D802149000A431A60FB6896
:10F9B0001B681A68FB681B6801210A431A600AE089
:10F9C000FB688022DA63FB68242200219954172304
:10F9D000FB1801221A701723FB181B781800BD466C
:10F9E00006B080BD80B582B000AF78607B68002B28
:10F9F00001D101234FE07B6825229B5CDBB2022B07
:10FA000008D07B680422DA637B68242200219954A1
:10FA1000012340E07B681B681A687B681B680E2125
:10FA20008A431A607B689B6C1A687B689B6C1C49D4
:10FA30000A401A607B681B681A687B681B68012192
:10FA40008A431A607B685B6C1C221A407B681B6CC3
:10FA5000012191400A005A607B68DB6C7A68126D64
:10FA60005A607B685B6D002B0CD07B685B6D1A68FD
:10FA70007B685B6D0A490A401A607B689B6D7A68F7
:10FA8000D26D5A607B682522012199547B6824221B
:10FA90000021995400231800BD4602B080BDC04625
:10FAA000FFFEFFFF80B584B000AF78600F217B18A8
:10FAB00000221A707B6825229B5CDBB2022B06D0E9
:10FAC0007B680422DA637B1801221A7048E07B68A5
:10FAD0001B681A687B681B680E218A431A607B6862
:10FAE0001B681A687B681B6801218A431A607B685F
:10FAF0009B6C1A687B689B6C1D490A401A607B6886
:10FB00005B6C1C221A407B681B6C012191400A002F
:10FB10005A607B68DB6C7A68126D5A607B685B6D3B
:10FB2000002B0CD07B685B6D1A687B685B6D10499D
:10FB30000A401A607B689B6D7A68D26D5A607B6858
:10FB40002522012199547B682422002199547B6845
:10FB50009B6B002B04D07B689B6B7A6810009847E6
:10FB60000F23FB181B781800BD4604B080BDC046AB
:10FB7000FFFEFFFF80B584B000AF78607B681B6C30
:10FB80001B68FB607B681B681B68BB607B685B6CE9
:10FB90001C22134004229A401300FA68134026D016
:10FBA000BB680422134022D07B681B681B6820229C
:10FBB000134007D17B681B681A687B681B680421A7
:10FBC0008A431A607B685B6C1C221A407B681B6C42
:10FBD000042191400A005A607B681B6B002B00D106
:10FBE00080E07B681B6B7A68100098477AE07B683E
:10FBF0005B6C1C22134002229A401300FA681340E7
:10FC00003CD0BB680222134038D07B681B681B685D
:10FC1000202213400BD17B681B681A687B681B6825
:10FC20000A218A431A607B682522012199547B6846
:10FC30001B681A002E4B9A4209D97B685B6C1C2208
:10FC40001A402C4B022191400A005A6008E07B6860
:10FC50005B6C1C221A40284B022191400A005A601A
:10FC60007B682422002199547B68DB6A002B39D001
:10FC70007B68DB6A7A681000984733E07B685B6CCE
:10FC80001C22134008229A401300FA6813402AD01D
:10FC9000BB680822134026D07B681B681A687B6803
:10FCA0001B680E218A431A607B685B6C1C221A4019
:10FCB0007B681B6C012191400A005A607B6801221D
:10FCC000DA637B682522012199547B682422002174
:10FCD00099547B685B6B002B05D07B685B6B7A6803
:10FCE00010009847C046C046BD4604B080BDC0461F
:10FCF00080000240000402400000024080B582B053
:10FD000000AF78607B68DB6B1800BD4602B080BD39
:10FD100080B584B000AFF860B9607A603B60FB6882
:10FD2000DB6CFA68126D5A60FB685B6D002B04D0C7
:10FD3000FB689B6DFA68D26D5A60FB685B6C1C2295
:10FD40001A40FB681B6C012191400A005A60FB6855
:10FD50001B683A685A60FB689B68102B08D1FB68E7
:10FD60001B687A689A60FB681B68BA68DA6007E00B
:10FD7000FB681B68BA689A60FB681B687A68DA607F
:10FD8000C046BD4604B080BD80B584B000AF786089
:10FD90007B681B681A001D4B9A4214D87B685B6C09
:10FDA0009B089B001A4A9A187B689A647B681B68B8
:10FDB0001A00FF231340083B14211800E0F7CAF98A
:10FDC0000300FB6014E07B685B6C9B089B00114A9E
:10FDD0009A187B689A647B681B681A00FF2313409B
:10FDE000083B14211800E0F7B5F903000733FB6066
:10FDF0007B68094ADA64FB681F22134001229A409B
:10FE00007B681A65C046BD4604B080BD0704024049
:10FE1000000802401C0802408008024080B584B0FF
:10FE200000AF78607B685B687F221340FB60FB68F3
:10FE30000A4A944663449B001A007B685A657B68B3
:10FE4000074A9A65FB68013B0322134001229A404E
:10FE50007B68DA65C046BD4604B080BD3F820010B5
:10FE600040090240B0B586B000AFF860B9603A60B2
:10FE70007B60214B1B78012B01D1022338E01E4B04
:10FE800001221A701C4B00225A6017257C19FA2394
:10FE90009B00180000F07AF8030023707B191B7890
:10FEA000002B1FD1FB68012B06D13A687B68B9682B
:10FEB000080000F0B9F805E03A68BB6811001800C6
:10FEC0000CF01EFE1723FC18FA239B00180000F00C
:10FED0005DF803002370094B5A69FB68D943074B4F
:10FEE0000A405A61044B00221A701723FB181B7832
:10FEF0001800BD4606B0B0BD20A70120002002407A
:10FF000080B582B000AFFB1D00221A700B4B5B69FD
:10FF1000002B0CDA094B0A4A9A60084B094A9A608E
:10FF2000064B5B69002B02DAFB1D01221A70FB1DD8
:10FF30001B781800BD4602B080BDC04600200240BC
:10FF400023016745AB89EFCD80B582B000AFFB1DC3
:10FF500001221A70FA239B00180000F017F80A4BD0
:10FF60005A69094B802109060A435A61064B5B69AD
:10FF7000002B02DAFB1D00221A70FB1D1B781800F3
:10FF8000BD4602B080BDC0460020024080B584B0AE
:10FF900000AF7860FEF75CF90300FB60C0239B02B2
:10FFA000BB600CE07B68013309D0FEF751F9020019
:10FFB000FB68D31A7A689A4201D8032328E0164BCB
:10FFC0001B69BA681340EDD1134B1B69134A1340E8
:10FFD000BB60114B124A1A61BB68002B11D0114B48
:10FFE000BA685A60012313E07B68013309D0FEF739
:10FFF0002FF90200FB68D31A7A689A4201D80323CA
:020000040802F0
:1000000006E0054B1A698023DB021340ECD1002384
:100010001800BD4604B080BD00200240FAC30000B5
:10002000FBC3080020A70120B0B584B000AFF86082
:100030003A607B600B4B5A690A4B01210A435A61B3
:10004000FB683A681A60BFF36F8FC0467B681C007C
:1000500000231D00FB68043322001A60C046BD4621
:1000600004B0B0BD00200240B0B584B000AF7860ED
:100070003960334B1B78012B01D102235CE0304BFC
:1000800001221A702E4B00225A600F257C19FA2388
:100090009B001800FFF77AFF030023702C003B1928
:1000A0001B78002B42D17B681B68042B0DD17B6829
:1000B0005B68180000F048F83C19FA239B00180010
:1000C000FFF764FF0300237030E03B6801225242D7
:1000D0001A607B689B68BB601AE07B685B68BA68E3
:1000E0001100180000F044F80F257C19FA239B003A
:1000F0001800FFF74BFF030023707B191B78002BC0
:1001000003D03B68BA681A600AE0BB680133BB6081
:100110007B689A687B68DB68D318BA689A42DCD33C
:10012000084B5A69074B02218A435A61044B00224B
:100130001A700F23FB181B781800BD4604B0B0BD21
:1001400020A701200020024080B582B000AF786077
:10015000064B5A697B681A43044B802149020A43C3
:100160005A61C046BD4602B080BDC0460020024074
:1001700080B584B000AF786039600F4B5B690F4A7F
:100180001340FB607B68042B05D0FB688022920142
:100190001343FB6003E0FB68094A1340FB603B68C4
:1001A000DA00FB681A43044B06490A435A61C04609
:1001B000BD4604B080BDC0460020024007E0FFFFFE
:1001C000FFDFFFFF0200010080B586B000AF78605E
:1001D000396000237B614DE13B681B6801217A692E
:1001E00091400A001340FB60FB68002B00D13EE108
:1001F0003B685B6803221340012B05D03B685B68BA
:1002000003221340022B30D17B689B683B617B69E2
:100210005B0003229A401300DA433B6913403B61C1
:100220003B68DA687B695B009A4013003A691343C4
:100230003B617B683A699A607B685B683B6101223D
:100240007B699A401300DA433B6913403B613B688A
:100250005B681B0901221A407B699A4013003A69C6
:1002600013433B617B683A695A603B685B680322D1
:100270001340032B17D07B68DB683B617B695B0015
:1002800003229A401300DA433B6913403B613B6809
:100290009A687B695B009A4013003A6913433B619B
:1002A0007B683A69DA603B685B6803221340022B83
:1002B00023D17B69DA087B6808329200D3583B610E
:1002C0007B69072213409B000F229A401300DA43F8
:1002D0003B6913403B613B681A697B6907210B400E
:1002E0009B009A4013003A6913433B617B69DA082B
:1002F0007B68083292003969D1507B681B683B618A
:100300007B695B0003229A401300DA433B69134088
:100310003B613B685B6803221A407B695B009A4043
:1003200013003A6913433B617B683A691A603B6882
:100330005A68C0239B02134000D198E0534A7B695E
:100340009B0818339B009B583B617B690322134039
:10035000DB000F229A401300DA433B6913403B61F4
:100360007A68A023DB059A4219D07B68484A9342F9
:1003700013D07B68474A93420DD07B68464A93422C
:1003800007D07B68454A934201D1042308E0052346
:1003900006E0032304E0022302E0012300E000233F
:1003A0007A6903210A40D20093403A6913433B61C2
:1003B00036497B699B0818339B003A695A50334B86
:1003C0001B683B61FB68DA433B6913403B613B6858
:1003D0005A6880235B03134003D03A69FB681343D8
:1003E0003B612A4B3A691A60284B5B683B61FB68AA
:1003F000DA433B6913403B613B685A6880239B03A7
:10040000134003D03A69FB6813433B611F4B3A69C1
:100410005A601E4A8423D3583B61FB68DA433B6928
:1004200013403B613B685A6880239B02134003D012
:100430003A69FB6813433B61144984223B698B5042
:10044000124A8023D3583B61FB68DA433B6913406F
:100450003B613B685A6880235B02134003D03A69D2
:10046000FB6813433B61094980223B698B507B69E0
:1004700001337B613B681A687B69DA40131E00D048
:10048000AAE6C046C046BD4606B080BD0018024080
:100490000004005000080050000C005000100050F4
:1004A00080B584B000AF78600A00BB1C1A807B68FE
:1004B0001B69BA1C1288134004D00F23FB180122B9
:1004C0001A7003E00F23FB1800221A700F23FB1889
:1004D0001B781800BD4604B080BD80B582B000AF67
:1004E000786008001100BB1C021C1A807B1C0A1CCF
:1004F0001A707B1C1B78002B04D0BB1C1A887B68ED
:100500009A6103E0BB1C1A887B689A62C046BD46AC
:1005100002B080BD80B584B000AF78600A00BB1C1B
:100520001A807B685B69FB60BB1C1B88FA68134000
:100530001A04FB68DB43B91C09880B401A437B682B
:100540009A61C046BD4604B080BD80B500AFC046CC
:10055000BD4680BD80B582B000AF78600C4BDB68D3
:100560007A683F210A40D2431A4011007B681A0A78
:10057000074B0A43DA60064B99687B683F221A40B2
:10058000034B0A439A60C046BD4602B080BDC046D8
:100590000070004080B582B000AF7860064B9A686A
:1005A0007B683F210B40D943034B0A409A60C04609
:1005B000BD4602B080BDC0460070004080B582B02C
:1005C00000AF78600A00FB1C1A707B68002B09D012
:1005D000144B1B68072293431A00124B01210A4354
:1005E0001A6005E00F4B1A680E4B07218A431A6008
:1005F0000D4B1A690C4B04210A431A61FB1C1B7832
:10060000012B01D130BF02E040BF20BF20BF064B0D
:100610001A69054B04218A431A61C046BD4602B0DF
:1006200080BDC0460070004000ED00E080B500AF26
:10063000094B1B68072293431A00074B03210A4307
:100640001A60064B1A69054B04210A431A6130BF30
:10065000C046BD4680BDC0460070004000ED00E0D1
:1006600080B500AF044B9A68034B802149000A43D0
:100670009A60C046BD4680BD0070004080B584B021
:1006800000AF7860194B1B68194A13401900174BCB
:100690007A680A431A607A6880239B009A421FD1C5
:1006A000144B1A6813005B009B185B00124918007A
:1006B000DFF750FD03000133FB6008E0FB68002B0F
:1006C00003D0FB68013BFB6001E0032309E0074B1B
:1006D0005A698023DB001A408023DB009A42EDD068
:1006E00000231800BD4604B080BDC0460070004025
:1006F000FFF9FFFF0802002040420F0080B500AF65
:10070000034B9A68E023DB0113401800BD4680BD0F
:100710000010024080B588B000AF78607B68002B85
:1007200002D1012300F050FB7B681B6801221340BB
:1007300000D17CE0C34B9B6838221340BB61C14BA6
:10074000DB68032213407B61BB69102B02D17B69FC
:10075000032B02D0BB69082B0BD1BA4B1A6880233C
:100760009B02134062D07B685B68002B5ED1012343
:100770002AE37B685A6880235B029A4207D1B14B17
:100780001A68B04B802149020A431A6020E07B6856
:100790005A68A023DB029A420ED1AA4B1A68A94BD1
:1007A0008021C9020A431A60A64B1A68A54B802112
:1007B00049020A431A600BE0A24B1A68A14BA249F6
:1007C0000A401A609F4B1A689E4BA0490A401A6063
:1007D0007B685B68002B14D0FDF73AFD03003B619A
:1007E00008E0FDF735FD02003B69D31A642B01D9FF
:1007F0000323E9E2934B1A6880239B021340F0D055
:1008000015E0FDF725FD03003B6108E0FDF720FD45
:1008100002003B69D31A642B01D90323D4E2894B2C
:100820001A6880239B021340F0D100E0C0467B6829
:100830001B680222134000D199E0824B9B6838224A
:100840001340BB617F4BDB68032213407B61BB69B4
:10085000102B02D17B69022B02D0BB69002B35D152
:10086000784B1A688023DB00134005D07B68DB6877
:10087000002B01D10123A7E2724B5B68744A13403D
:1008800019007B685B691A026E4B0A435A60BB69A8
:10089000002B12D16B4B1B686E4A134019007B680A
:1008A0001A69684B0A431A60664B1B68DB0A072209
:1008B0001340694ADA40694B1A60694B1B6818009B
:1008C000FDF76AFC031E51D001237DE27B68DB68E3
:1008D000002B30D05B4B1B685E4A134019007B68CD
:1008E0001A69584B0A431A60564B1A68554B8021B7
:1008F00049000A431A60FDF7ABFC03003B6108E0C6
:10090000FDF7A6FC02003B69D31A022B01D9032391
:100910005AE24C4B1A688023DB001340F0D0494B5D
:100920005B684B4A134019007B685B691A02454BB0
:100930000A435A601BE0434B1A68424B49490A403C
:100940001A60FDF785FC03003B6108E0FDF780FCC1
:1009500002003B69D31A022B01D9032334E2394B3D
:100960001A688023DB001340F0D100E0C0467B68AA
:100970001B680822134047D0324B9B683822134033
:10098000182B0AD12F4B1B6E022213403CD07B68E0
:100990009B69002B38D1012316E27B689B69002BF1
:1009A00019D0284B1A6E274B01210A431A66FDF70E
:1009B0004FFC03003B6108E0FDF74AFC02003B6985
:1009C000D31A022B01D90323FEE11E4B1B6E022218
:1009D0001340F1D018E01B4B1A6E1A4B01218A43C9
:1009E0001A66FDF735FC03003B6108E0FDF730FCBB
:1009F00002003B69D31A022B01D90323E4E1114B16
:100A00001B6E02221340F1D17B681B680422134045
:100A100000D1C7E01F23FB1800221A70094B9B6806
:100A200038221340202B1FD1064BDB6D02221340CE
:100A300000D1B7E07B689B68002B00D0B2E00123B7
:100A4000C2E1C04600100240FFFFFEFFFFFFFBFFB8
:100A5000FF80FFFFFFC7FFFF0024F4000802002013
:100A60003C020020FFFEFFFFB54BDA6B80235B05E5
:100A7000134001D1012300E00023002B11D0B04B23
:100A8000DA6BAF4B802149050A43DA63AC4BDA6B72
:100A900080235B051340FB60FB681F23FB180122CA
:100AA0001A70A84B1A6880235B0013401AD1A54B1B
:100AB0001A68A44B802149000A431A60FDF7C8FB5D
:100AC00003003B6108E0FDF7C3FB02003B69D31A5A
:100AD000022B01D9032377E19A4B1A6880235B002C
:100AE0001340F0D07B689B68012B06D1944BDA6DE4
:100AF000934B01210A43DA651CE07B689B68052B58
:100B00000CD18F4BDA6D8E4B04210A43DA658C4B86
:100B1000DA6D8B4B01210A43DA650BE0884BDA6D05
:100B2000874B01218A43DA65854BDA6D844B0421BA
:100B30008A43DA657B689B68002B14D0FDF788FB3D
:100B400003003B6109E0FDF783FB02003B69D31A18
:100B50007D4A934201D9032336E1794BDB6D0222B2
:100B60001340F0D013E0FDF773FB03003B6109E095
:100B7000FDF76EFB02003B69D31A734A934201D919
:100B8000032321E16E4BDB6D02221340F0D11F23C2
:100B9000FB181B78012B05D1694BDA6B684B6B494D
:100BA0000A40DA637B681B682022134039D07B68D7
:100BB000DB69002B1BD0624B1A68614B8021C90393
:100BC0000A431A60FDF744FB03003B6108E0FDF7B0
:100BD0003FFB02003B69D31A022B01D90323F3E048
:100BE000574B1A6880231B041340F0D019E0544B74
:100BF0001A68534B56490A401A60FDF729FB030057
:100C00003B6108E0FDF724FB02003B69D31A022B8D
:100C100001D90323D8E04A4B1A6880231B041340F0
:100C2000F0D17B681B6A002B00D1CCE0444B9B6861
:100C300038221340102B00D17BE07B681B6A022B0B
:100C400056D13F4B1A683E4B42490A401A60FDF7A5
:100C5000FFFA03003B6108E0FDF7FAFA02003B6986
:100C6000D31A022B01D90323AEE0354B1A68802337
:100C70009B041340F0D1324BDB68374A1340190014
:100C80007B685A6A7B689B6A1A437B68DB6A1B0233
:100C90001A437B681B6B1A437B685B6B1A437B6848
:100CA0009B6B1A43264B0A43DA60254B1A68244B88
:100CB000802149040A431A60214BDA68204B8021C5
:100CC00049050A43DA60FDF7C3FA03003B6108E017
:100CD000FDF7BEFA02003B69D31A022B01D90323A8
:100CE00072E0174B1A6880239B041340F0D06AE02F
:100CF000134B1A68124B17490A401A60FDF7A8FAFD
:100D000003003B6108E0FDF7A3FA02003B69D31A38
:100D1000022B01D9032357E0094B1A6880239B0457
:100D20001340F0D1064BDA68054B0C490A40DA60F3
:100D300049E07B681B6A012B12D1012344E0C046C5
:100D4000001002400070004088130000FFFFFFEF1A
:100D5000FFFFBFFFFFFFFFFE8C80C111FCFFFEEE17
:100D60001B4BDB687B617B6903221A407B685B6AF3
:100D70009A4226D17B6970221A407B689B6A9A420C
:100D80001FD17A69FE23DB011A407B68DB6A1B02F4
:100D90009A4216D17A69F8239B031A407B681B6B31
:100DA0009A420ED17A69E0231B051A407B685B6B7F
:100DB0009A4206D17B695B0F5A077B689B6B9A420C
:100DC00001D0012300E000231800BD4608B080BD1B
:100DD0000010024080B584B000AF786039607B6855
:100DE000002B01D10123E9E0764B1B680722134059
:100DF0003A689A421ED9734B1B6807229343190025
:100E0000704B3A680A431A60FDF722FA0300FB6050
:100E100009E0FDF71DFA0200FB68D31A6A4A934203
:100E200001D90323CAE0674B1B68072213403A68C5
:100E30009A42EED17B681B680222134015D07B6872
:100E40001B680422134006D0604B9A685F4BE02178
:100E5000C9010A439A605D4B9B685D4A13401900C3
:100E60007B689A68594B0A439A607B681B68012229
:100E7000134057D07B685B68012B07D1534B1A682E
:100E800080239B0213402BD1012397E07B685B6892
:100E9000022B07D14D4B1A6880239B0413401FD1AE
:100EA00001238BE07B685B68002B07D1474B1A68F6
:100EB0008023DB00134013D101237FE07B685B6854
:100EC000032B06D1414B1B6E0222134008D1012394
:100ED00074E03E4BDB6D0222134001D101236DE033
:100EE0003A4B9B680722934319007B685A68374B3B
:100EF0000A439A60FDF7ACF90300FB6009E0FDF7D7
:100F0000A7F90200FB68D31A2F4A934201D90323A1
:100F100054E02E4B9B6838221A407B685B68DB00EC
:100F20009A42ECD1274B1B68072213403A689A4239
:100F30001ED2244B1B68072293431900214B3A68A9
:100F40000A431A60FDF784F90300FB6009E0FDF72E
:100F50007FF90200FB68D31A1B4A934201D903238D
:100F60002CE0184B1B68072213403A689A42EED1D6
:100F70007B681B680422134009D0144B9B68154AF8
:100F8000134019007B68DA68104B0A439A6000F03E
:100F900029F801000D4B9B681B0A0F221A400E4BCB
:100FA0009200D3581F2213400A00DA400B4B1A60FC
:100FB0000B4B1B681800FDF7EFF803001800BD4647
:100FC00004B080BD002002408813000000100240E1
:100FD000FFF0FFFFFF8FFFFF70FD020808020020F7
:100FE0003C02002080B586B000AF3C4B9B683822A5
:100FF00013400FD1394B1B68DB0A07221340012233
:101000009A4013003B6039683548DFF7A3F80300C6
:101010003B615DE0314B9B6838221340082B02D1C5
:10102000304B3B6154E02D4B9B6838221340102B12
:1010300038D12A4BDB6803221340FB60274BDB6867
:101040001B09072213400133BB60FB68032B0DD142
:10105000B9682448DFF77EF8030019001F4BDB68EE
:101060001B0A7F2213404B437B610DE0B9681C488B
:10107000DFF770F803001900184BDB681B0A7F22AA
:1010800013404B437B61C046144BDB685B0F072268
:10109000134001337B6079687869DFF75BF8030000
:1010A0003B6115E00D4B9B6838221340202B03D188
:1010B00080231B023B610BE0084B9B6838221340E6
:1010C000182B03D1FA23DB013B6101E000233B61D4
:1010D0003B691800BD4606B080BDC0460010024006
:1010E0000024F40000127A0080B500AF024B1B68A8
:1010F0001800BD4680BDC04608020020B0B500AF54
:10110000FFF7F2FF0400FFF7F9FA03001A0B054B93
:101110009200D3581F221340DC4023001800BD4624
:10112000B0BDC046B0FD020880B586B000AF7860A3
:101130001323FB1800221A701223FB1800221A70C6
:101140007B681A6880239B02134000D1ADE0112018
:101150003B1800221A70474BDA6B80235B05134063
:1011600010D1444BDA6B434B802149050A43DA63C3
:10117000404BDA6B80235B051340BB60BB683B18B8
:1011800001221A703C4B1A683B4B802149000A43EC
:101190001A60FDF75DF80300FB600BE0FDF758F8FF
:1011A0000200FB68D31A022B04D91323FB18032275
:1011B0001A7005E0304B1A6880235B001340EDD0B5
:1011C0001323FB181B78002B5ED12A4BDA6DC0234A
:1011D0009B0013407B617B69002B19D07B681B6CE3
:1011E0007A699A4214D0234BDB6D244A13407B6109
:1011F000204BDA6D1F4B802149020A43DA651D4BF3
:10120000DA6D1C4B1E490A40DA651A4B7A69DA65B9
:101210007B690122134016D0FDF71AF80300FB602A
:101220000CE0FDF715F80200FB68D31A154A93424B
:1012300004D91323FB1803221A7004E00D4BDB6D55
:1012400002221340EDD01323FB181B78002B0AD188
:10125000084BDB6D094A134019007B681A6C054B7B
:101260000A43DA6516E01223FB181322BA18127823
:101270001A700FE00010024000700040FFFCFFFFFA
:10128000FFFFFEFF881300001223FB181322BA1879
:1012900012781A701123FB181B78012B05D1B64B5D
:1012A000DA6BB54BB5490A40DA637B681B680122EB
:1012B000134009D0B04B5B6D0322934319007B6848
:1012C0005A68AD4B0A435A657B681B68022213407B
:1012D00009D0A94B5B6D0C22934319007B689A6877
:1012E000A54B0A435A657B681B680422134009D04A
:1012F000A14B5B6D3022934319007B68DA689E4BEB
:101300000A435A657B681B681022134009D09A4B28
:101310005B6D9B4A134019007B681A69964B0A4320
:101320005A657B681A6880235B01134009D0924B91
:101330005B6D944A134019007B685A698E4B0A43CF
:101340005A657B681A6880239B00134009D08A4B3A
:101350005B6D8D4A134019007B689A6A864B0A437D
:101360005A657B681A688023DB00134009D0824BE2
:101370005B6D864A134019007B68DA6A7E4B0A432C
:101380005A657B681B682022134009D07A4B5B6D3D
:101390007F4A134019007B689A69774B0A435A6564
:1013A0007B681B684022134009D0734B5B6D794A00
:1013B000134019007B68DA696F4B0A435A657B68F2
:1013C0001A688023DB01134015D06B4B5B6D9B00CB
:1013D00099087B681A6B684B0A435A657B681A6BDD
:1013E0008023DB059A4206D1634BDA68624B802189
:1013F00049020A43DA607B681A6880231B031340A2
:1014000009D05D4B5B6D4022934319007B685A6B9A
:10141000594B0A435A657B681A6880239B03134023
:1014200016D0554B5B6D5C4A134019007B689A6B74
:10143000514B0A435A657B689A6B8023DB039A42BF
:1014400006D14D4BDA684C4B802149040A43DA60DF
:101450007B681A688023DB03134016D0464B5B6D14
:101460004E4A134019007B68DA6B434B0A435A65B6
:101470007B68DA6B80235B049A4206D13E4BDA68C4
:101480003D4B802149040A43DA607B681A68802357
:101490001B01134014D0384B9B6D0322934319005A
:1014A0007B681A6A344B0A439A657B681B6A012B76
:1014B00006D1314BDA68304B802149020A43DA60A9
:1014C0007B681A6880239B01134014D02A4B9B6DC4
:1014D0000C22934319007B685A6A274B0A439A658A
:1014E0007B685B6A042B06D1234BDA68224B802190
:1014F00049020A43DA607B681A6880235B04134060
:1015000016D01D4B9B6D224A134019007B685A6C04
:10151000194B0A439A657B685A6C80239B019A4257
:1015200006D1154BDA68144B802149040A43DA606E
:101530007B681A6880239B04134016D00E4B9B6D6A
:10154000104A134019007B689A6C0B4B0A439A654A
:101550007B689A6C80235B009A4206D1064BDA685E
:10156000054B802149040A43DA601223FB181B78DB
:101570001800BD4606B080BD00100240FFFFFFEF1F
:10158000FFF3FFFFFFFCFFFFFFFFF3FFFFFFCFFFB6
:10159000FFCFFFFFFF3FFFFFFFFFBFFFFFFFFFFE8C
:1015A000B0B584B000AF78600F23FB1801221A7029
:1015B0007B68002B00D18CE07B6829229B5CDBB22E
:1015C000002B0BD17B682822002199547B6888224C
:1015D00012025A607B681800F3F77AFB7B682922B5
:1015E000022199547B681B68DB6810221340102B82
:1015F00062D07B681B68CA225A627B681B685322D0
:101600005A620F257C197B68180000F011FB03005B
:10161000237028003B181B78002B2CD17B681B689B
:101620009A697B681B682E490A409A617B681B682F
:1016300099697B689A687B685B691A437B68DB6998
:101640001A437B681B680A439A617B681B687A6847
:1016500012691A617B681B6819697B68DB681A0468
:101660007B681B680A431A613C187B68180000F00D
:1016700021FB030023700F23FB181B78002B16D1CE
:101680007B681B689A697B681B68D200D2089A61E4
:101690007B681B6899697B685A6A7B681B6A1A4376
:1016A0007B689B691A437B681B680A439A617B6865
:1016B0001B68FF225A6203E00F23FB1800221A70F6
:1016C0000F23FB181B78002B03D17B6829220121F3
:1016D00099540F23FB181B781800BD4604B0B0BD09
:1016E000BFFF8FFBB0B584B000AF78607B68292264
:1016F000022199547B681B68CA225A627B681B6866
:1017000053225A620F257C197B68180000F090FA6A
:10171000030023707B191B78002B5CD17B681B684E
:1017200000221A607B681B68394A5A607B681B6814
:101730009A697B681B6807210A409A61FCF788FD5B
:101740000300BB6012E0FCF783FD0200BB68D21A05
:10175000FA239B009A4209D97B681B68FF225A62D0
:101760007B6829220321995403234CE07B681B6882
:10177000DB6804221340E6D07B681B689B697B68AA
:101780001B6800229A617B681B68224A5A617B6849
:101790001B68214A1A617B681B6800221A647B68F7
:1017A0001B6800229A647B681B680022DA627B68EF
:1017B0001B6800229A627B681B6800225A647B685F
:1017C0001B680022DA640F23FC187B68180000F005
:1017D00071FA030023707B681B68FF225A620F2393
:1017E000FB181B78002B07D17B681800F3F7AAFAC7
:1017F0007B682922002199547B6828220021995472
:101800000F23FB181B781800BD4604B0B0BDC046BE
:1018100001210000FFFF0000FF007F00B0B586B08F
:1018200000AFF860B9607A60FB6828229B5C012BEE
:1018300001D1022392E0FB68282201219954FB6820
:10184000292202219954FB681B68CA225A62FB684C
:101850001B6853225A6213257C19FB68180000F09C
:10186000E7F9030023707B191B78002B62D17B689A
:10187000002B25D1FB681B689B694022134002D1D5
:10188000BB680022DA70BB681B78180000F056FABB
:1018900003001C04BB685B78180000F04FFA0300DB
:1018A0001B021C43BB689B78180000F047FA03003A
:1018B00022001A43BB68DB789B0513437B6117E06A
:1018C000FB681B689B694022134002D1BB68002261
:1018D000DA70BB681B781A04BB685B781B02134381
:1018E000BA6892781A43BB68DB789B0513437B6127
:1018F000FB681B687A691B490A401A60FB681B6811
:101900009A69FB681B6818490A409A61FB681B6862
:101910009969BB68DA68BB681B691A43FB681B6876
:101920000A439A611323FC18FB68180000F0C2F9FF
:1019300003002370FB681B68FF225A621323FB1805
:101940001B78002B03D1FB68292201219954FB68E5
:101950002822002199541323FB181B781800BD4638
:1019600006B0B0BD7F7F7F00FFFFFBFF80B586B074
:1019700000AFF860B9607A60FB681B689A68BB6862
:101980005A60FB681B681B695B045A0CBB689A6051
:10199000FB681B681B68224A13407B617B691B0C38
:1019A000DBB23F221340DAB2BB681A707B691B0AB4
:1019B000DBB27F221340DAB2BB685A707B69DBB2BC
:1019C0007F221340DAB2BB689A707B699B0DDBB251
:1019D00001221340DAB2BB68DA707B68002B1AD19F
:1019E000BB681B78180000F0D1F903001A00BB682F
:1019F0001A70BB685B78180000F0C8F903001A0081
:101A0000BB685A70BB689B78180000F0BFF90300F0
:101A10001A00BB689A7000231800BD4606B080BD4E
:101A20007F7F7F00B0B586B000AFF860B9607A60A4
:101A3000FB6828229B5C012B01D102237EE0FB681E
:101A4000282201219954FB682922022199547B689C
:101A5000002B0ED1BB685B781A001023134008D00E
:101A6000BB685B7810229343DBB20A33DAB2BB68FF
:101A70005A707B68002B1CD1BB68DB78180000F023
:101A80005DF903001C04BB685B78180000F056F990
:101A900003001B021C43BB689B78180000F04EF942
:101AA000030022001A43BB681B785B0313437B616E
:101AB0000EE0BB68DB781A04BB685B781B0213433B
:101AC000BA6892781A43BB681B785B0313437B6147
:101AD000FB681B68CA225A62FB681B6853225A6261
:101AE00013257C19FB68180000F0A2F8030023708E
:101AF00028003B181B78002B0CD1FB681B687A6907
:101B000010490A405A603C18FB68180000F0D2F8EF
:101B100003002370FB681B68FF225A621323FB1823
:101B20001B78002B03D1FB68292201219954FB6803
:101B30002822002199541323FB181B781800BD4656
:101B400006B0B0BD3FFFFF0080B586B000AFF860C3
:101B5000B9607A60FB681B685B68214A13407B614F
:101B60007B691B0CDAB2BB68DA707B691B0ADBB2DB
:101B70001F221340DAB2BB685A707B69DBB23F2286
:101B80001340DAB2BB689A707B695B0BDBB2072249
:101B90001340DAB2BB681A707B68002B1AD1BB689D
:101BA000DB78180000F0F2F803001A00BB68DA7066
:101BB000BB685B78180000F0E9F803001A00BB6806
:101BC0005A70BB689B78180000F0E0F803001A0018
:101BD000BB689A7000231800BD4606B080BDC046A1
:101BE0003FFFFF0080B584B000AF78607B681B6862
:101BF0000E4ADA60FCF72CFB0300FB600AE0FCF7FE
:101C000027FB0200FB68D21AFA239B009A4201D9F3
:101C1000032306E07B681B68DB6820221340EED0BC
:101C200000231800BD4604B080BDC0465F0001001F
:101C300080B584B000AF78600F23FB1800221A70C3
:101C40007B681B68DB68402213402CD17B681B68D3
:101C5000DA687B681B6880210A43DA60FCF7F8FACF
:101C60000300BB6014E0FCF7F3FA0200BB68D21A71
:101C70000F203B18391809781970FA239B009A42F3
:101C800006D93B1803221A707B6829220321995434
:101C90007B681B68DB684022134004D10F23FB18CC
:101CA0001B78032BDFD10F23FB181B781800BD46D0
:101CB00004B080BD90B585B000AF78600F243B19AB
:101CC00000221A701C4BDA681B4B80218A43DA60B1
:101CD000194B9B69202213400DD17B681800FFF738
:101CE00081FF031E21D07B682922032199543B19CF
:101CF00003221A7019E0104B9A690F4B20218A4376
:101D00009A617B681800FFF76DFF031E07D07B68A0
:101D10002922032199540F23FB1803221A70064B22
:101D20009A69054B20210A439A610F23FB181B78FF
:101D30001800BD4605B090BD0028004080B584B0B5
:101D400000AF0200FB1D1A700023FB600B23FB1881
:101D5000FA1D12781A7008E0FB680133FB600B2251
:101D6000BB18BA1812780A3A1A700B217B181B7824
:101D7000092BF1D8FB68DBB21B01DAB27B181B78A8
:101D80001343DBB21800BD4604B080BD80B584B0FB
:101D900000AF0200FB1D1A70FB1D1B781B09DBB294
:101DA0001A0013009B009B185B00FB60FB68DAB213
:101DB000FB1D1B780F210B40DBB2D318DBB21800E0
:101DC000BD4604B080BD80B586B000AFF860B96094
:101DD0007A60FB681B681A00FB685B68D3187B613C
:101DE0007B690133FF333B61BB689B003A69D318C1
:101DF0003B613B697A681A60C046BD4606B080BD4B
:101E000080B584B000AF786039607B681B681A00C9
:101E10007B685B68D318FB60FB680133FF33BB60F2
:101E20003B689B00BA68D318BB60BB681B6818008E
:101E3000BD4604B080BD000080B584B000AF7860BE
:101E40007B68002B01D10123D6E07B685B6A002B05
:101E500009D17B685A6882235B009A4209D07B686B
:101E60000022DA6105E07B6800221A617B680022AB
:101E70005A617B685D229B5CDBB2002B07D17B68DB
:101E80005C22002199547B681800F2F7B7FF7B6849
:101E90005D22022199547B681B681A687B681B6865
:101EA00040218A431A607B68DA68E023DB009A42AB
:101EB00002D90023FB6002E080235B01FB607B68AA
:101EC000DA68F0231B019A4208D07B68DA68E023C5
:101ED000DB009A4202D07B6800229A627B685A68D3
:101EE00082235B001A407B68996884231B020B40A5
:101EF0001A437B681B6902210B401A437B685B69AC
:101F000001210B401A437B68996980239B000B4099
:101F10001A437B68DB6938210B401A437B681B6AD4
:101F200080210B401A4311007B689A6A80239B0131
:101F30001A407B681B680A431A607B689A6A802390
:101F40009B019A421DD17B681B6B002B0CD17B68D7
:101F5000DA68E023DB009A4203D97B6802221A6325
:101F600002E07B6801221A637B681B6B022B08D19D
:101F70007B681B681A687B681B68802109010A431B
:101F80001A607B689B691B0C04221A407B685B6AA1
:101F900010210B401A437B685B6B08210B401A43EE
:101FA0007B68D968F0231B010B401A431100FA68C3
:101FB00080235B011A407B681B680A435A607B6878
:101FC0009A6A80239B019A4206D17B68DA6A7B6811
:101FD0001B681204120C1A617B681B68DA697B6843
:101FE0001B6807490A40DA617B6800221A667B6831
:101FF0005D220121995400231800BD4604B080BD24
:10200000FFF7FFFF80B588B000AFF860B9603B60B4
:10201000BB1D1A801F23FB1800221A70FB685C226C
:102020009B5C012B01D102236DE1FB685C22012145
:102030009954FCF70DF90300BB611623FB18BA1D78
:1020400012881A80FB685D229B5CDBB2012B04D0F6
:102050001F23FB1802221A704EE1BB68002B03D02D
:10206000BB1D1B88002B04D11F23FB1801221A70F3
:1020700042E1FB685D2203219954FB6800221A6645
:10208000FB68BA689A63FB68BA1D12889A87FB6876
:10209000BA1D1288DA87FB6800221A64FB684422A2
:1020A00000219952FB68462200219952FB680022C8
:1020B0001A65FB680022DA64FB689A6880231B02B9
:1020C0009A4210D1FB681B681A68FB681B684021A4
:1020D0008A431A60FB681B681A68FB681B688021CA
:1020E000C9010A431A60FB689A6A80239B019A42DD
:1020F00010D1FB681B681A68FB681B6884490A409A
:102100001A60FB681B681A68FB681B6880218901DC
:102110000A431A60FB681B681B6840221340402B6F
:1021200007D0FB681B681A68FB681B6840210A43DC
:102130001A60FB68DA68E023DB009A4252D9FB6838
:102140005B68002B04D01623FB181B88012B43D19E
:10215000FB689B6B1A88FB681B68DA60FB689B6BEB
:102160009A1CFB689A63FB68DB8F9BB2013B9AB2B7
:10217000FB68DA8730E0FB681B689B68022213402B
:10218000022B12D1FB689B6B1A88FB681B68DA6014
:10219000FB689B6B9A1CFB689A63FB68DB8F9BB2A6
:1021A000013B9AB2FB68DA8716E0FCF751F80200AF
:1021B000BB69D31A3A689A4202D83B68013302D10C
:1021C0003B68002B08D11F23FB1803221A70FB6801
:1021D0005D22012199548FE0FB68DB8F9BB2002BBD
:1021E000C9D153E0FB685B68002B04D01623FB18B1
:1021F0001B88012B45D1FB689A6BFB681B680C336D
:1022000012781A70FB689B6B5A1CFB689A63FB6818
:10221000DB8F9BB2013B9AB2FB68DA8731E0FB6847
:102220001B689B6802221340022B13D1FB689A6B38
:10223000FB681B680C3312781A70FB689B6B5A1C86
:10224000FB689A63FB68DB8F9BB2013B9AB2FB6829
:10225000DA8716E0FBF7FCFF0200BB69D31A3A6885
:102260009A4202D83B68013302D13B68002B08D167
:102270001F23FB1803221A70FB685D220121995469
:102280003AE0FB68DB8F9BB2002BC8D1FB689A6AEF
:1022900080239B019A4208D1FB681B681A68FB687F
:1022A0001B68802149010A431A60BA693968FB68D2
:1022B000180000F0E9FE031E02D0FB6820221A6617
:1022C000FB689B68002B0AD100233B61FB681B68FD
:1022D000DB683B61FB681B689B683B613B69FB6893
:1022E0001B6E002B04D01F23FB1801221A7003E081
:1022F000FB685D2201219954FB685C2200219954FE
:102300001F23FB181B781800BD4608B080BDC046CF
:10231000FFDFFFFF90B58DB002AFF860B9603B60A2
:10232000BB1D1A800023BB611723FB1800221A7003
:1023300027217B1800221A70FB685D229B5CDBB2B0
:10234000012B03D07B1802221A70E9E1FB685A685E
:1023500082235B009A4213D1FB689B68002B0FD14C
:10236000FB685D2204219954BB1D1C88BA68B968BA
:10237000F8683B680093230000F0E6F90300D6E11B
:10238000FB685C229B5C012B01D10223CFE1FB683F
:102390005C2201219954FBF75BFF03003B62BB68A1
:1023A000002B03D0BB1D1B88002B04D12723FB1857
:1023B00001221A70B4E1FB685D2204219954FB6884
:1023C00000221A66FB68BA681A64FB68BA1D4421C9
:1023D00012885A52FB68BA1D462112885A52FB686D
:1023E00000229A63FB6800229A87FB680022DA8742
:1023F000FB680022DA64FB6800221A65FB689A6AAF
:1024000080239B019A4219D1FB681B681A68FB68FC
:102410001B68C9490A401A60FB681B681A68FB6898
:102420001B68802189010A431A60FB6846229B5A77
:102430009BB2013B99B2FB6846229952FB68DA686D
:10244000E023DB009A4208D9FB681B685A68FB68E6
:102450001B68BA490A405A6008E0FB681B685A6862
:10246000FB681B68802149010A435A60FB689A682F
:1024700080231B029A420FD1FB681B681A68FB6815
:102480001B6840218A431A60FB681B681A68FB6856
:102490001B68AB490A401A60FB681B681B68402236
:1024A0001340402B07D0FB681B681A68FB681B6849
:1024B00040210A431A60FB68DA68E023DB009A4295
:1024C00000D971E035E0FB681B689B68012213406E
:1024D000012B17D1FB681B680C331A00FB681B6CBF
:1024E0001278D2B21A70FB681B6C5A1CFB681A6413
:1024F000FB6846229B5A9BB2013B99B2FB6846227D
:10250000995216E0FBF7A4FE02003B6AD31A3A6820
:102510009A4202D83B68013302D13B68002B08D1B4
:102520002723FB1803221A70FB685D2201219954AE
:10253000F6E0FB6846229B5A9BB2002BC3D139E0E0
:10254000FB681B689B6801221340012B15D1FB68B7
:102550001B68DA68FB681B6C92B21A80FB681B6C04
:102560009A1CFB681A64FB6846229B5A9BB2013B8B
:1025700099B2FB684622995216E0FBF769FE020009
:102580003B6AD31A3A689A4202D83B68013302D1B7
:102590003B68002B08D12723FB1803221A70FB6825
:1025A0005D2201219954BBE0FB6846229B5A9BB2F5
:1025B000002BC5D1FB689A6A80239B019A4200D008
:1025C00085E0FB681B681A68FB681B68802149016D
:1025D0000A431A603A68F8683B6A009313000122C4
:1025E000012100F0C3FB031E04D02723FB180322A4
:1025F0001A7095E0FB68DA68E023DB009A4207D99D
:10260000FB681B68DA68FB681B6C92B21A8008E0F2
:10261000FB681B680C331A00FB681B6C1278D2B283
:102620001A703A68F8683B6A00931300012201218E
:1026300000F09CFB031E0AD0FB681B6E02221A43AB
:10264000FB681A662723FB1803221A7068E0FB68F0
:10265000DA68F0231B019A4205D1FB681B68DB682E
:10266000BB61BB6933E0FB681B680C33FB61FB6932
:102670001B78DAB217217B181A707B181B78FB685D
:10268000DA68E023DB009A4221D1FB681B6B022B46
:102690001DD13A68F8683B6A0093130001220121BA
:1026A00000F064FB031E0AD0FB681B6E02221A4373
:1026B000FB681A662723FB1803221A7030E0FB69B7
:1026C0001B78DAB217217B181A707B181B783A6ACC
:1026D0003968FB68180000F079FC031E02D0FB6823
:1026E00020221A66FB681B689B6810221340102B7F
:1026F00009D1FB681B6E02221A43FB681A66FB684D
:102700001B68104A9A60FB681B6E002B04D02723BD
:10271000FB1801221A7003E0FB685D220121995425
:10272000FB685C22002199542723FB181B781800B2
:10273000BD460BB090BDC046FFDFFFFFFFEFFFFFC0
:10274000FFBFFFFFEFFF000080B592B002AFF8605F
:10275000B9607A601A00BB1C1A800023BB61172382
:10276000FB1800221A700123FB633B23FB18002295
:102770001A70FB685C229B5C012B01D10223EEE204
:10278000FB685C2201219954FBF762FD03007B6327
:1027900033203B18FA685D21525C1A70FB685B6855
:1027A000FB622A23FB18BA1C12881A80FB681B687C
:1027B0001B687B62FB681B685B683B623B181B788D
:1027C000012B11D0FA6A82235B009A4207D1FB6881
:1027D0009B68002B03D13B181B78042B04D03B23B0
:1027E000FB1802221A70B3E2BB68002B06D07B688C
:1027F000002B03D0BB1C1B88002B04D13B23FB18F0
:1028000001221A70A4E2FB685D229B5CDBB2042B00
:1028100003D0FB685D2205219954FB6800221A66EB
:10282000FB687A681A64FB68BA1C462112885A52FF
:10283000FB68BA1C442112885A52FB68BA689A6332
:10284000FB68BA1C1288DA87FB68BA1C12889A8760
:10285000FB680022DA64FB6800221A65FB689A6A4A
:1028600080239B019A4210D1FB681B681A68FB68A1
:102870001B68A8490A401A60FB681B681A68FB6855
:102880001B68802189010A431A60FB68DA68E0232B
:10289000DB009A4208D9FB681B685A68FB681B6812
:1028A0009D490A405A6008E0FB681B685A68FB684B
:1028B0001B68802149010A435A60FB681B681B683A
:1028C00040221340402B07D0FB681B681A68FB6846
:1028D0001B6840210A431A60FB68DA68E023DB00CA
:1028E0009A4200D8D1E0FB685B68002B05D02A2310
:1028F000FB181B88012B00D0B9E0FB689B6B1A8882
:10290000FB681B68DA60FB689B6B9A1CFB689A6328
:10291000FB68DB8F9BB2013B9AB2FB68DA87FB68EE
:10292000DB8F9BB2002B00D0A1E0FB689A6A80236A
:102930009B019A4200D09AE07B6A042213400CD19A
:102940003B6A0822134008D0FB681B681A68FB68C2
:102950001B68802189000A431A60FB681B681A689B
:10296000FB681B68802149010A431A607FE0FB680D
:102970001B689B6802221340022B40D1FB68DB8F4F
:102980009BB2002B3BD0FB6B012B38D1FB689B6BC0
:102990001A88FB681B68DA60FB689B6B9A1CFB68F3
:1029A0009A63FB68DB8F9BB2013B9AB2FB68DA87C4
:1029B0000023FB63FB68DB8F9BB2002B1FD1FB68FE
:1029C0009A6A80239B019A4219D17B6A04221340A0
:1029D0000CD13B6A0822134008D0FB681B681A68B8
:1029E000FB681B68802189000A431A60FB681B682A
:1029F0001A68FB681B68802149010A431A60FB685A
:102A00001B689B6801221340012B1CD1FB684622E6
:102A10009B5A9BB2002B16D0FB681B68DA68FB68D8
:102A20001B6C92B21A80FB681B6C9A1CFB681A64C0
:102A3000FB6846229B5A9BB2013B99B2FB68462237
:102A400099520123FB63FBF703FC02007B6BD31A53
:102A5000BA6C9A420BD8BB6C013308D03B23FB18ED
:102A600003221A70FB685D220121995470E1FB6812
:102A7000DB8F9BB2002B00D079E7FB6846229B5A84
:102A80009BB2002B00D072E7DBE0FB685B68002B99
:102A900005D02A23FB181B88012B00D0C4E0FB685B
:102AA0009A6BFB681B680C3312781A70FB689B6B7F
:102AB0005A1CFB689A63FB68DB8F9BB2013B9AB29E
:102AC000FB68DA87FB68DB8F9BB2002B00D0ABE0A2
:102AD000FB689A6A80239B019A4200D0A4E07B6A3B
:102AE000042213400CD13B6A0822134008D0FB6833
:102AF0001B681A68FB681B68802189000A431A60FA
:102B0000FB681B681A68FB681B68802149010A433F
:102B10001A6089E0FFDFFFFFFFEFFFFFFB681B6824
:102B20009B6802221340022B41D1FB68DB8F9BB2D2
:102B3000002B3CD0FB6B012B39D1FB689A6BFB68F7
:102B40001B680C3312781A70FB689B6B5A1CFB686D
:102B50009A63FB68DB8F9BB2013B9AB2FB68DA8712
:102B60000023FB63FB68DB8F9BB2002B1FD1FB684C
:102B70009A6A80239B019A4219D17B6A04221340EE
:102B80000CD13B6A0822134008D0FB681B681A6806
:102B9000FB681B68802189000A431A60FB681B6878
:102BA0001A68FB681B68802149010A431A60FB68A8
:102BB0001B689B6801221340012B1ED1FB68462233
:102BC0009B5A9BB2002B18D0FB681B680C331A0071
:102BD000FB681B6C1278D2B21A70FB681B6C5A1C13
:102BE000FB681A64FB6846229B5A9BB2013B99B270
:102BF000FB68462299520123FB63FBF729FB020085
:102C00007B6BD31ABA6C9A4202D8BB6C013302D1E7
:102C1000BB6C002B08D13B23FB1803221A70FB6806
:102C20005D220121995493E0FB68DB8F9BB2002B5E
:102C300000D073E7FB6846229B5A9BB2002B00D062
:102C40006CE7FB689A6A80239B019A424FD1BA6C69
:102C5000F8687B6B009313000122012100F086F8D5
:102C6000031E0AD0FB681B6E02221A43FB681A6619
:102C70003B23FB1803221A706AE0FB68DA68F02332
:102C80001B019A4205D1FB681B68DB68BB61BB690D
:102C90002DE0FB681B680C33FB61FB691B78DAB223
:102CA00017217B181A707B181B78FB681B6B022B93
:102CB0001DD1BA6CF8687B6B0093130001220121CF
:102CC00000F054F8031E0AD0FB681B6E02221A4360
:102CD000FB681A663B23FB1803221A7038E0FB6975
:102CE0001B78DAB217217B181A707B181B78FB68E7
:102CF0001B689B6810221340102B0DD1FB681B6EC4
:102D000002221A43FB681A66FB681B68164A9A601F
:102D10003B23FB1801221A707A6BB96CFB68180010
:102D200000F0B2F9031E06D03B23FB1801221A70F3
:102D3000FB6820221A66FB681B6E002B04D03B2325
:102D4000FB1801221A7003E0FB685D2201219954EF
:102D5000FB685C22002199543B23FB181B78180068
:102D6000BD4610B080BDC046EFFF000080B588B002
:102D700000AFF860B9603B60FB1D1A70FBF768FAA2
:102D80000200BB6A9B1A3A68D318FB61FBF760FA32
:102D90000300BB613A4B1B685B011B0DFA6953438F
:102DA0007B6158E03B68013355D0FBF751FA0200D4
:102DB000BB69D31AFA699A4202D9FB69002B42D146
:102DC000FB681B685A68FB681B68E0218A435A60ED
:102DD000FB685A6882235B009A4213D1FB689A68A9
:102DE00080231B029A4205D0FB689A688023DB008F
:102DF0009A4207D1FB681B681A68FB681B68402170
:102E00008A431A60FB689A6A80239B019A4210D118
:102E1000FB681B681A68FB681B681A490A401A603D
:102E2000FB681B681A68FB681B68802189010A43DC
:102E30001A60FB685D2201219954FB685C22002125
:102E40009954032317E07B69002B01D10023FB6118
:102E50007B69013B7B61FB681B689B68BA68134018
:102E6000BA68D31A5A425341DBB21A00FB1D1B78D1
:102E70009A4297D100231800BD4608B080BDC046D5
:102E800008020020FFDFFFFF80B58AB000AFF860C6
:102E9000B9607A603B601723FB1800221A70FBF7B9
:102EA000D7F902003B6B9B1A3A68D3187B62FBF799
:102EB000CFF903003B62FB681B680C33FB61414B9D
:102EC0001A6813009B009B18DA00D31A1B0D7A6A4C
:102ED0005343BB6168E0BA68C023DB009A420AD161
:102EE0007B68002B07D1FB691B78DAB217217B18AE
:102EF0001A707B181B783B68013355D0FBF7A8F993
:102F000002003B6AD31A7A6A9A4202D97B6A002B82
:102F100042D1FB681B685A68FB681B68E0218A4342
:102F20005A60FB685A6882235B009A4213D1FB689F
:102F30009A6880231B029A4205D0FB689A68802316
:102F4000DB009A4207D1FB681B681A68FB681B68A4
:102F500040218A431A60FB689A6A80239B019A4247
:102F600010D1FB681B681A68FB681B6816490A4089
:102F70001A60FB681B681A68FB681B68802189015E
:102F80000A431A60FB685D2201219954FB685C22A8
:102F900000219954032310E0BB69002B01D10023C9
:102FA0007B62BB69013BBB61FB681B689B68BA68BD
:102FB00013407A689A428ED100231800BD460AB0A9
:102FC00080BDC04608020020FFDFFFFF80B586B04D
:102FD00002AFF860B9607A60FB685A6882235B00D0
:102FE0009A4213D1FB689A6880231B029A4205D04B
:102FF000FB689A688023DB009A4207D1FB681B6854
:103000001A68FB681B6840218A431A60BA68F8682E
:103010007B680093130000228021FFF7A7FE031EA8
:1030200007D0FB681B6E20221A43FB681A66032335
:1030300026E0FB685A6882235B009A421FD1FB6836
:103040009A6880231B029A4205D0FB689A68802305
:10305000DB009A4213D1BA68C023D900F8687B68B4
:10306000009313000022FFF70FFF031E07D0FB6839
:103070001B6E20221A43FB681A66032300E000231C
:103080001800BD4604B080BD80B586B002AFF860C0
:10309000B9607A60BA68C0235901F8687B68009308
:1030A00013000022FFF7F0FE031E07D0FB681B6E23
:1030B00020221A43FB681A66032327E0BA68F868DF
:1030C0007B680093130000228021FFF74FFE031E50
:1030D00007D0FB681B6E20221A43FB681A66032385
:1030E00014E0BA68C023D900F8687B680093130025
:1030F0000022FFF7C9FE031E07D0FB681B6E2022CB
:103100001A43FB681A66032300E000231800BD463B
:1031100004B080BD80B582B000AF78607B68002BC2
:1031200001D101234AE07B683D229B5CDBB2002B8E
:1031300007D17B683C22002199547B68180000F07D
:1031400041F87B683D22022199547B681A687B68AC
:1031500004331900100000F097F87B684822012121
:1031600099547B683E22012199547B683F220121BA
:1031700099547B684022012199547B6841220121A6
:1031800099547B684222012199547B684322012192
:1031900099547B684422012199547B68452201217E
:1031A00099547B684622012199547B68472201216A
:1031B00099547B683D220121995400231800BD4693
:1031C00002B080BD80B582B000AF7860C046BD4619
:1031D00002B080BD80B584B000AF78607B683D22CE
:1031E0009B5CDBB2012B01D001233FE07B683D22D9
:1031F000022199547B681B681E4A934214D07B6855
:103200001A688023DB059A420ED07B681B681A4A35
:10321000934209D07B681B68184A934204D07B68AC
:103220001B68174A934216D17B681B689B68154A36
:103230001340FB60FB68062B16D0FA6880235B0204
:103240009A4211D07B681B681A687B681B68012151
:103250000A431A6008E07B681B681A687B681B6871
:1032600001210A431A6000E0C04600231800BD4651
:1032700004B080BD002C0140000400400008004064
:10328000004001400700010080B584B000AF7860C5
:1032900039607B681B68FB607B683F4A93420CD0B7
:1032A0007A688023DB059A4207D07B683B4A9342C9
:1032B00003D07B683A4A934208D1FB68702293435B
:1032C000FB603B685B68FA681343FB607B68324ACB
:1032D00093421CD07A688023DB059A4217D07B6822
:1032E0002E4A934213D07B682D4A93420FD07B68BD
:1032F0002C4A93420BD07B682B4A934207D07B68C1
:103300002A4A934203D07B68294A934208D1FB683A
:10331000284A1340FB603B68DB68FA681343FB6094
:10332000FB68802293431A003B685B691343FB6090
:103330007B68FA681A603B689A687B68DA623B6867
:103340001A687B689A627B68134A93420BD07B6849
:10335000154A934207D07B68144A934203D07B6896
:10336000134A934203D13B681A697B681A637B68EE
:1033700001225A617B681B6901221340012B06D18F
:103380007B681B69012293431A007B681A61C0465F
:10339000BD4604B080BDC046002C01400004004082
:1033A000000800400020004000400140004401406F
:1033B00000480140FFFCFFFF80B582B000AF78609D
:1033C0007B68002B01D1012346E07B6888229B5853
:1033D000002B07D17B688422002199547B68180058
:1033E000F1F720FF7B688822242199507B681B68B5
:1033F0001A687B681B6801218A431A607B689B6A94
:10340000002B03D07B68180001F0D8F87B68180007
:1034100000F07EFD0300012B01D101231CE07B683D
:103420001B685A687B681B680D490A405A607B68B4
:103430001B689A687B681B682A218A439A607B68AC
:103440001B681A687B681B6801210A431A607B6845
:10345000180001F067F903001800BD4602B080BDF6
:10346000FFB7FFFF80B582B000AF78607B68002BAC
:1034700001D1012332E07B688822242199507B68A6
:103480001B681A687B681B6801218A431A607B6885
:103490001B6800221A607B681B6800225A607B68E8
:1034A0001B6800229A607B68180000F01BF87B689C
:1034B0009022002199507B688822002199507B68D6
:1034C0008C22002199507B680022DA667B680022FA
:1034D0001A677B6884220021995400231800BD4696
:1034E00002B080BD80B582B000AF7860C046BD46F6
:1034F00002B080BD80B58AB002AFF860B9603B60B1
:10350000BB1D1A80FB6888229B58202B00D090E0BE
:10351000BB68002B03D0BB1D1B88002B01D10123EE
:1035200088E0FB689A6880235B019A4209D1FB68B6
:103530001B69002B05D1BB680122134001D0012378
:1035400078E0FB68902200219950FB6888222121B5
:103550009950FAF77DFE03007B61FB68BA1D542188
:1035600012885A52FB68BA1D562112885A52FB68BB
:103570009A6880235B019A4208D1FB681B69002B83
:1035800004D10023FB61BB68BB6103E0BB68FB6146
:103590000023BB6130E07A69F8683B680093130050
:1035A0000022802101F068F9031E05D0FB68882203
:1035B0002021995003233DE0FB69002B0BD1BB690F
:1035C0001B881A00FB681B68D205D20D9A62BB6982
:1035D0000233BB6107E0FB691A78FB681B689A62DB
:1035E000FB690133FB61FB6856229B5A9BB2013B8E
:1035F00099B2FB6856229952FB6856229B5A9BB29D
:10360000002BC8D17A69F8683B6800931300002248
:10361000402101F031F9031E05D0FB6888222021EA
:103620009950032306E0FB6888222021995000234B
:1036300000E002231800BD4608B080BD80B58CB004
:1036400000AFF860B960BB1D1A80FB6888229B58E8
:10365000202B00D08DE0BB68002B03D0BB1D1B8846
:10366000002B01D1012385E0FB689A6880235B0170
:103670009A4209D1FB681B69002B05D1BB68012266
:10368000134001D0012375E0FB68BA681A65FB6836
:10369000BA1D542112885A52FB68BA1D562112884D
:1036A0005A52FB6800229A67FB68902200219950C9
:1036B000FB68882221219950FB685A6E80239B0564
:1036C0009A422AD1FB689A6880235B019A4207D10B
:1036D000FB681B69002B03D1FB68284A9A6702E04C
:1036E000FB68274A9A67EFF31083FB61FB69BB62B3
:1036F00001233B623B6A83F31088C046FB681B686A
:103700009A68FB681B68802109040A439A60BB6AB7
:103710007B627B6A83F3108829E0FB689A688023C8
:103720005B019A4207D1FB681B69002B03D1FB6840
:10373000144A9A6702E0FB68134A9A67EFF3108312
:103740003B613B69FB6201237B617B6983F31088EA
:10375000C046FB681B681A68FB681B6880210A4327
:103760001A60FB6ABB61BB6983F31088C046002303
:1037700000E002231800BD460CB080BD7550020861
:10378000894F0208CB4E0208174E020880B58CB054
:1037900000AF78607B6888229B58FB627B688C2234
:1037A0009B58BB627B681B689B6880221340802B00
:1037B00038D1FB6A212B35D1EFF310837B617B6914
:1037C0007B620123BB61BB6983F31088C0467B68C1
:1037D0001B689A687B681B6880218A439A607B6AB1
:1037E000FB61FB6983F31088C0467B68DB6F002BAD
:1037F00014D07B68DB6F1800FCF7F4F8031E0DD0C3
:103800007B68DB6F1800FCF779FA0300202B05D1E9
:103810007B68902210219950032347E07B681800B1
:1038200001F040F97B681B689B6840221340402BE5
:103830003BD1BB6A222B38D1EFF31083BB60BB684E
:103840003B620123FB60FB6883F31088C0467B6802
:103850001B689A687B681B6840218A439A603B6AB0
:103860003B613B6983F31088C0467B6880229B588C
:10387000002B16D07B6880229B581800FCF7B2F80A
:10388000031E0ED07B6880229B581800FCF736FA86
:103890000300202B05D17B6890221021995003232F
:1038A00004E07B68180001F03DF900231800BD46D4
:1038B0000CB080BDB0B5AAB000AF78607B681B6863
:1038C000DB69A422B9180B607B681B681B68A02009
:1038D00039180B607B681B689B689C2439190B6046
:1038E0001100BB181B68A24A13409822BD182B6018
:1038F000BB181B68002B1AD17B181B6820221340B1
:1039000015D03B181B682022134005D13B191A68BB
:1039100080235B0513400AD07B685B6F002B00D1CE
:10392000DCE27B685B6F7A6810009847D6E29823E8
:10393000FB181B68002B00D122E19C23FB181B689D
:103940008C4A134006D1A023FB181B688A4A1340F7
:1039500000D115E1A423FB181B680122134012D0EB
:10396000A023FB181A6880235B0013400BD07B68F0
:103970001B6801221A627B6890229B5801221A431D
:103980007B6890215A50A423FB181B680222134025
:1039900011D09C23FB181B68012213400BD07B68BD
:1039A0001B6802221A627B6890229B5804221A43E9
:1039B0007B6890215A50A423FB181B6804221340F3
:1039C00011D09C23FB181B68012213400BD07B688D
:1039D0001B6804221A627B6890229B5802221A43B9
:1039E0007B6890215A50A423FB181B6808221340BF
:1039F00017D0A023FB181B682022134005D19C235D
:103A0000FB181B685B4A13400BD07B681B680822BD
:103A10001A627B6890229B5808221A437B68902187
:103A20005A50A423FB181A6880231B01134013D09B
:103A3000A023FB181A688023DB0413400CD07B689A
:103A40001B68802212011A627B6890229B582022F8
:103A50001A437B6890215A507B6890229B58002B18
:103A600000D13DE2A423FB181B682022134015D08F
:103A7000A023FB181B682022134006D19C23FB18AF
:103A80001A6880235B05134008D07B685B6F002BAE
:103A900004D07B685B6F7A68100098477B6890223F
:103AA0009B5894217A1813607B681B689B6840229E
:103AB0001340402B04D07B181B68282213404CD0A5
:103AC0007B68180001F02EF87B681B689B68402219
:103AD0001340402B3CD1EFF310833B663B6E9020AC
:103AE0003A18136001237B667B6E83F31088C0460F
:103AF0007B681B689A687B681B6840218A439A60D0
:103B00003B181B68BB66BB6E83F31088C0467B689E
:103B100080229B58002B16D07B6880229B58174A26
:103B20009A637B6880229B581800FBF7BBFF031E3B
:103B30001CD07B6880229B589B6B7A6880215258EE
:103B40001000984712E07B681800F0F79BFD0DE02D
:103B50007B681800F0F796FD08E07B681800F0F726
:103B600091FD7B68902200219950B9E1C046B7E1F0
:103B70000F0800000100001020010004E94D0208B8
:103B80007B68DB6E012B00D03EE1A423FB181B6891
:103B90001022134000D137E1A023FB181B6810222C
:103BA000134000D130E17B681B6810221A627B68E9
:103BB0001B689B6840221340402B00D0A4E07B6828
:103BC00080229B581B685A687E217B181A807B18BC
:103BD0001B88002B00D185E17B685C229B5A7A18F8
:103BE00012889A4200D37DE17B687A185E211288A0
:103BF0005A527B6880229B581B681B682022134006
:103C000070D1EFF310833B633B6BBB6701237B6396
:103C10007B6B83F31088C0467B681B681A687B68DF
:103C20001B68B4490A401A60BB6FBB63BB6B83F36C
:103C30001088C046EFF31083FB63FB6B7B670123A7
:103C40003B643B6C83F31088C0467B681B689A68B2
:103C50007B681B6801218A439A607B6F7B647B6C65
:103C600083F31088C046EFF31083BB64BB6C3B67E3
:103C70000123FB64FB6C83F31088C0467B681B68E0
:103C80009A687B681B6840218A439A603B6F3B655A
:103C90003B6D83F31088C0467B688C2220219950AD
:103CA0007B680022DA66EFF310837B657B6DFB6631
:103CB0000123BB65BB6D83F31088C0467B681B681E
:103CC0001A687B681B6810218A431A60FB6EFB65CB
:103CD000FB6D83F31088C0467B6880229B581800D8
:103CE000FBF780FE7B6802221A677B685C229A5A87
:103CF0007B685E215B5A9BB2D31A9AB27B68110033
:103D00001800F0F767FAEDE07B685C22995A7B684F
:103D10005E229B5A9AB28E203B188A1A1A807B68C0
:103D20005E229B5A9BB2002B00D1DDE03B181B8822
:103D3000002B00D1D8E0EFF31083FB60FB688824F0
:103D40003A19136001233B613B6983F31088C04635
:103D50007B681B681A687B681B6867490A401A60A1
:103D60003B191B687B617B6983F31088C046EFF3C6
:103D70001083BB61BB6984243A1913600123FB6182
:103D8000FB6983F31088C0467B681B689A687B6870
:103D90001B685A490A409A603B191B683B623B6AA0
:103DA00083F31088C0467B688C22202199507B6861
:103DB0000022DA667B6800225A67EFF310837B6289
:103DC0007B6A80243A1913600123BB62BB6A83F3C8
:103DD0001088C0467B681B681A687B681B681021C6
:103DE0008A431A603B191B68FB62FB6A83F31088E5
:103DF000C0467B6802221A673B181A887B6811004C
:103E00001800F0F7E7F96FE0A423FB181A68802385
:103E10005B03134010D09C23FB181A688023DB033C
:103E2000134009D07B681B68802252031A627B68AA
:103E30001800F0F799FC5AE0A423FB181B688022B5
:103E4000134016D0A023FB181B688022134006D114
:103E50009C23FB181A6880231B04134009D07B683D
:103E60009B6F002B42D07B689B6F7A68100098474D
:103E70003CE0A423FB181B68402213400AD0A02377
:103E8000FB181B684022134004D07B68180001F027
:103E90006BF92CE0A423FB181A6880231B04134041
:103EA0000BD0A023FB181A688023DB05134004D035
:103EB0007B68180001F08CF919E0A423FB181A683C
:103EC00080235B04134012D0A023FB181B68002B37
:103ED0000DDA7B68180001F073F908E0C04606E0CF
:103EE000C04604E0C04602E0C04600E0C046BD4611
:103EF0002AB0B0BDFFFEFFFFDFFEFFFFFEFFFFEFBA
:103F000080B582B000AF7860C046BD4602B080BDCB
:103F1000B0B590B000AF78621A2320229B18DB194D
:103F200000221A707B6A9A687B6A1B691A437B6A53
:103F30005B691A437B6ADB691343FB637B6A1B681B
:103F40001B68C14A134019007B6A1A68FB6B0B435C
:103F500013607B6A1B685B68BC4A134018007B6A6D
:103F6000D9687B6A1A6803000B4353607B6A9B69BC
:103F7000FB637B6A1B68B64A934209D07B6A1B6865
:103F8000B44A934204D07B6A1B6AFA6B1343FB6307
:103F90007B6A1B689B68B04A134019007B6A1A68E9
:103FA000FB6B0B4393607B6A1B68DB6A0F229343B6
:103FB00018007B6A596A7B6A1A6803000B43D36254
:103FC0007B6A1B68A54A934231D1A54B5B6D0322E6
:103FD0001340032B1DD023D8022B0CD020D8002B4C
:103FE00002D0012B0ED01BE01B2320229B18DB19D3
:103FF00000221A7054E11B2320229B18DB19022295
:104000001A704DE11B2320229B18DB1904221A7021
:1040100046E11B2320229B18DB1908221A703FE17E
:104020001B2320229B18DB1910221A7038E17B6AAF
:104030001B688C4A934231D1894B5B6D0C22134033
:104040000C2B1DD023D8082B0CD020D8002B02D04D
:10405000042B0ED01BE01B2320229B18DB1900220F
:104060001A701DE11B2320229B18DB1902221A70F3
:1040700016E11B2320229B18DB1904221A700FE182
:104080001B2320229B18DB1908221A7008E11B232E
:1040900020229B18DB1910221A7001E17B6A1B6831
:1040A000714A934231D16E4B5B6D30221340302BFD
:1040B0001DD023D8202B0CD020D8002B02D0102BC1
:1040C0000ED01BE01B2320229B18DB1900221A7044
:1040D000E6E01B2320229B18DB1902221A70DFE086
:1040E0001B2320229B18DB1904221A70D8E01B2303
:1040F00020229B18DB1908221A70D1E01B232022F2
:104100009B18DB1910221A70CAE07B6A1B68574A99
:10411000934206D11B2320229B18DB1900221A7020
:10412000BEE07B6A1B68524A934206D11B232022C1
:104130009B18DB1900221A70B2E07B6A1B684D4A9B
:10414000934206D11B2320229B18DB1900221A70F0
:10415000A6E07B6A1B683E4A93423ED1404B5A6DB3
:10416000C0231B011340C0221201934227D0C0225A
:10417000120193422AD880221201934211D0802248
:104180001201934222D8002B04D08022D200934205
:104190000ED01BE01B2320229B18DB1900221A7073
:1041A0007EE01B2320229B18DB1902221A7077E085
:1041B0001B2320229B18DB1904221A7070E01B239A
:1041C00020229B18DB1908221A7069E01B23202289
:1041D0009B18DB1910221A7062E07B6A1B681D4A6B
:1041E000934257D11E4B5A6DC0239B001340C022EF
:1041F0009200934240D0C0229200934243D8802242
:104200009200934211D08022920093423BD8002B1F
:1042100004D08022520093420ED034E01B2320228F
:104220009B18DB1900221A703AE01B2320229B18EE
:10423000DB1902221A7033E01B2320229B18DB19A2
:1042400004221A702CE0C046F369FFCFFFCFFFFFB6
:104250000080004000840040FFF4FF11003801405E
:10426000001002400044004000480040004C004064
:1042700000500040003C01401B2320229B18DB190A
:1042800008221A700CE01B2320229B18DB19102235
:104290001A7005E01B2320229B18DB1910221A70CC
:1042A0007B6A1B68C14A934205D07B6A1B68C04A7F
:1042B000934200D093E01B2320229B18DB191B782C
:1042C000082B15D018DC042B0DD015DC002B02D0E8
:1042D000022B05D010E0FCF711FF03007B6314E014
:1042E000B44B7B6311E0FCF77DFE03007B630CE0C5
:1042F00080231B027B6308E000237B631A232022B8
:104300009B18DB1901221A70C0467B6B002B00D171
:1043100035E17B6A5A6AA84B5200D35A1900786B70
:10432000DBF718FF0300BB627B6A5A6813005B006F
:104330009B18BA6A9A4205D37B6A5B681B03BA6A08
:104340009A4206D91A2320229B18DB1901221A70DF
:1043500044E07B6BBB610023FB617B6A5A6A964B2E
:104360005200D35A3B6100237B613A697B69B8698B
:10437000F969DCF7DDF802000B00110E1D020D4398
:1043800014027B6A5B685B08BB600023FB60B86853
:10439000F968001969417B6A5B683B6000237B60B8
:1043A0003A687B68DCF7C4F802000B0013003B633B
:1043B0003A6BC0239B009A4209D33A6B80235B037C
:1043C0009A4204D27B6A1B683A6BDA6006E01A23D1
:1043D00020229B18DB1901221A70D0E0CFE07B6A03
:1043E000DA6980231B029A4200D070E01B2320224E
:1043F0009B18DB191B78082B15D018DC042B0DD06B
:1044000015DC002B02D0022B05D010E0FCF776FE65
:1044100003007B6314E0674B7B6311E0FCF7E2FD74
:1044200003007B630CE080231B027B6308E0002316
:104430007B631A2320229B18DB1901221A70C046C5
:104440007B6B002B00D19AE07B6A5A6A5A4B520070
:10445000D35A1900786BDBF77DFE03005A007B6AA4
:104460005B685B08D2187B6A5B6819001000DBF799
:1044700071FE03003B633B6B0F2B21D93A6B80230A
:104480005B029A421CD23B6B9AB20E202024031985
:10449000DB190F218A431A803B6B5B089BB2072212
:1044A000134099B20319DB190219D21912880A4371
:1044B0001A807B6A1B680219D2191288DA605EE0E2
:1044C0001A2320229B18DB1901221A7057E01B23A4
:1044D00020229B18DB191B78082B15D018DC042B25
:1044E0000DD015DC002B02D0022B05D010E0FCF71C
:1044F00005FE03007B6314E02E4B7B6311E0FCF7A9
:1045000071FD03007B630CE080231B027B6308E0EA
:1045100000237B631A2320229B18DB1901221A70C7
:10452000C0467B6B002B2AD07B6A5A6A224B520012
:10453000D35A1900786BDBF70DFE03001A007B6A73
:104540005B685B08D2187B6A5B6819001000DBF7B8
:1045500001FE03003B633B6B0F2B0AD93A6B8023B0
:104560005B029A4205D23B6B9AB27B6A1B68DA60A7
:1045700005E01A2320229B18DB1901221A707B6A9E
:104580006A22012199527B6A6822012199527B6A31
:1045900000225A677B6A00229A671A2320229B18FE
:1045A000DB191B781800BD4610B0B0BD008000407C
:1045B000008400400024F400E4FF020880B582B0CB
:1045C00000AF78607B689B6A082213400BD07B6841
:1045D0001B685B684A4A134019007B689A6B7B68CA
:1045E0001B680A435A607B689B6A012213400BD008
:1045F0007B681B685B68434A134019007B68DA6A72
:104600007B681B680A435A607B689B6A02221340DE
:104610000BD07B681B685B683B4A134019007B68C2
:104620001A6B7B681B680A435A607B689B6A04228A
:1046300013400BD07B681B685B68344A1340190039
:104640007B685A6B7B681B680A435A607B689B6A6D
:10465000102213400BD07B681B689B682C4A1340C8
:1046600019007B68DA6B7B681B680A439A607B6879
:104670009B6A202213400BD07B681B689B68254AED
:10468000134019007B681A6C7B681B680A439A60A8
:104690007B689B6A402213401DD07B681B685B6867
:1046A0001D4A134019007B685A6C7B681B680A43DB
:1046B0005A607B685A6C80235B039A420BD17B68FB
:1046C0001B685B68154A134019007B689A6C7B680D
:1046D0001B680A435A607B689B6A802213400BD098
:1046E0007B681B685B680E4A134019007B68DA6CB4
:1046F0007B681B680A435A60C046BD4602B080BD55
:10470000FF7FFFFFFFFFFDFFFFFFFEFFFFFFFBFF40
:10471000FFEFFFFFFFDFFFFFFFFFEFFFFFFF9FFF49
:10472000FFFFF7FF80B592B002AF78607B68902200
:1047300000219950F9F78CFD0300FB637B681B682F
:104740001B6808221340082B2DD1FB6B802291039C
:104750007868474A0092002200F08EF8031E22D0AB
:10476000EFF310837B627B6ABB630123BB62BB6A8E
:1047700083F31088C0467B681B681A687B681B68D7
:1047800080218A431A60BB6BFB62FB6A83F310884B
:10479000C0467B688822202199507B6884220021B2
:1047A0009954032360E07B681B681B680422134054
:1047B000042B46D1FB6B8022D10378682C4A0092EF
:1047C000002200F059F8031E3BD0EFF31083FB608A
:1047D000FB687B6301233B613B6983F31088C04620
:1047E0007B681B681A687B681B6822490A401A604C
:1047F0007B6B7B617B6983F31088C046EFF310838A
:10480000BB61BB693B630123FB61FB6983F31088D8
:10481000C0467B681B689A687B681B6801218A43D5
:104820009A603B6B3B623B6A83F31088C0467B68AF
:104830008C22202199507B688422002199540323E3
:1048400012E07B688822202199507B688C222021ED
:1048500099507B680022DA667B6800221A677B68C1
:1048600084220021995400231800BD4610B080BD59
:10487000FFFFFF01DFFEFFFF80B584B000AFF860EF
:10488000B9603B60FB1D1A7051E0BB6901334ED02B
:10489000F9F7DEFC02003B68D31ABA699A4202D3E8
:1048A000BB69002B01D1032351E0FB681B681B6827
:1048B000042213403BD0BB68802B38D0BB68402B10
:1048C00035D0FB681B68DB6908221340082B11D127
:1048D000FB681B6808221A62FB68180000F022F9C6
:1048E000FB68902208219950FB688422002199548A
:1048F00001232CE0FB681B68DA6980231B011A4046
:1049000080231B019A4212D1FB681B68802212018E
:104910001A62FB68180000F005F9FB68902220215C
:104920009950FB6884220021995403230FE0FB680F
:104930001B68DB69BA681340BA68D31A5A425341FC
:10494000DBB21A00FB1D1B789A429ED00023180090
:10495000BD4604B080BD000080B590B000AFF860E7
:10496000B960BB1D1A80FB68BA689A65FB68BA1DFE
:104970005C2112885A52FB68902200219950FB68F2
:104980008C2222219950FB6880229B58002B2DD02D
:10499000FB6880229B58404ADA62FB6880229B5861
:1049A0003E4A1A63FB6880229B583D4A5A63FB6863
:1049B00080229B5800229A63FB6880229858FB68EB
:1049C0001B6824331900FB689B6D1A00BB1D1B88F4
:1049D000FAF782FF031E09D0FB689022102199503C
:1049E000FB688C2220219950012350E0FB681B6951
:1049F000002B19D0EFF31083BB62BB6AFB6301236A
:104A0000FB62FB6A83F31088C046FB681B681A6868
:104A1000FB681B68802149000A431A60FB6B3B63FB
:104A20003B6B83F31088C046EFF310833B613B6917
:104A3000BB6301237B617B6983F31088C046FB68FD
:104A40001B689A68FB681B6801210A439A60BB6B6C
:104A5000BB61BB6983F31088C046EFF31083FB6131
:104A6000FB697B6301233B623B6A83F31088C0468A
:104A7000FB681B689A68FB681B6840210A439A60C0
:104A80007B6B7B627B6A83F31088C046002318002F
:104A9000BD4610B080BDC046F14B0208214D020852
:104AA000634D020880B58AB000AF7860EFF31083E1
:104AB000BB60BB687B620123FB60FB6883F31088EB
:104AC000C0467B681B681A687B681B68C0218A43E4
:104AD0001A607B6A3B613B6983F31088C046EFF341
:104AE00010837B617B693B620123BB61BB6983F3FC
:104AF0001088C0467B681B689A687B681B680849F9
:104B00000A409A603B6AFB61FB6983F31088C046E8
:104B10007B68882220219950C046BD460AB080BDDE
:104B2000FFFF7FFF80B58EB000AF7860EFF310839A
:104B30007B617B697B630123BB61BB6983F3108865
:104B4000C0467B681B681A687B681B6826490A4058
:104B50001A607B6BFB61FB6983F31088C046EFF33F
:104B600010833B623B6A3B6301237B627B6A83F376
:104B70001088C0467B681B689A687B681B681B4965
:104B80000A409A603B6BBB62BB6A83F31088C046E5
:104B90007B68DB6E012B18D1EFF31083BB60BB6821
:104BA000FB620123FB60FB6883F31088C0467B68CF
:104BB0001B681A687B681B6810218A431A60FB6AAD
:104BC0003B613B6983F31088C0467B688C222021BF
:104BD00099507B680022DA667B6800225A67C046DB
:104BE000BD460EB080BDC046DFFEFFFFFEFFFFEFFB
:104BF00080B594B000AF78607B689B6AFB647B688B
:104C00001B681B68202213406FD1FB6C5E220021C1
:104C10009952EFF31083BB61BB69BB640123FB6155
:104C2000FB6983F31088C046FB6C1B681A68FB6C39
:104C30001B683A490A401A60BB6C3B623B6A83F3CB
:104C40001088C046EFF310837B627B6A7B6401238C
:104C5000BB62BB6A83F31088C046FB6C1B689A6812
:104C6000FB6C1B6801218A439A607B6CFB62FB6AC8
:104C700083F31088C046EFF310833B633B6B3B64C8
:104C800001237B637B6B83F31088C046FB6C1B683E
:104C90009A68FB6C1B6840218A439A603B6CBB633B
:104CA000BB6B83F31088C046FB6C8C22202199508B
:104CB000FB6CDB6E012B18D1EFF31083FB60FB68FC
:104CC000FB6301233B613B6983F31088C046FB6CA7
:104CD0001B681A68FB6C1B6810218A431A60FB6B07
:104CE0007B617B6983F31088C046FB6C00221A67E6
:104CF000FB6CDB6E012B08D1FB6C5C229A5AFB6CBF
:104D000011001800EFF766FA03E0FB6C1800EFF7EC
:104D100023FDC046BD4614B080BDC046FFFEFFFF68
:104D200080B584B000AF78607B689B6AFB60FB68ED
:104D300001221A67FB68DB6E012B0AD1FB685C223B
:104D40009B5A5B089AB2FB6811001800EFF742FA11
:104D500003E0FB681800FFF7D3F8C046BD4604B077
:104D600080BD80B586B000AF78607B689B6A7B6150
:104D70007B6988229B583B617B698C229B58FB6036
:104D80007B691B689B6880221340802B0AD13B699A
:104D9000212B07D17B695622002199527B6918008B
:104DA000FFF780FE7B691B689B6840221340402B05
:104DB0000AD1FB68222B07D17B695E220021995220
:104DC0007B691800FFF7AEFE7B6990229B5810228A
:104DD0001A437B6990215A507B691800EFF752FC07
:104DE000C046BD4606B080BD80B584B000AF7860D7
:104DF0007B689B6AFB60FB685E2200219952FB681E
:104E0000562200219952FB681800EFF73BFCC04680
:104E1000BD4604B080BD80B58AB000AF78607B68C5
:104E200088229B58212B4CD17B6856229B5A9BB2DF
:104E3000002B32D1EFF31083BB60BB687B62012390
:104E4000FB60FB6883F31088C0467B681B681A68A8
:104E50007B681B6880218A431A607B6A3B613B69DF
:104E600083F31088C046EFF310837B617B693B625C
:104E70000123BB61BB6983F31088C0467B681B6854
:104E80001A687B681B6840210A431A603B6AFB6111
:104E9000FB6983F31088C04613E07B681B6D1A78AA
:104EA0007B681B689A627B681B6D5A1C7B681A655D
:104EB0007B6856229B5A9BB2013B99B27B68562273
:104EC0009952C046BD460AB080BD80B58CB000AFD7
:104ED00078607B6888229B58212B51D17B685622B1
:104EE0009B5A9BB2002B32D1EFF31083FB60FB681F
:104EF000BB6201233B613B6983F31088C0467B683A
:104F00001B681A687B681B6880218A431A60BB6A29
:104F10007B617B6983F31088C046EFF31083BB612C
:104F2000BB697B620123FB61FB6983F31088C04688
:104F30007B681B681A687B681B6840210A431A60FB
:104F40007B6A3B623B6A83F31088C04618E07B684B
:104F50001B6DFB62FB6A1B881A007B681B68D2050D
:104F6000D20D9A627B681B6D9A1C7B681A657B6800
:104F700056229B5A9BB2013B99B27B6856229952AA
:104F8000C046BD460CB080BD80B58CB000AF786027
:104F90007B6888229B58212B65D12E23FB187A68C9
:104FA0006A21525A1A8059E07B6856229B5A9BB25A
:104FB000002B33D1EFF31083FB60FB68BB6201234E
:104FC0003B613B6983F31088C0467B681B689A6825
:104FD0007B681B6826490A409A60BB6A7B617B69D3
:104FE00083F31088C046EFF31083BB61BB697B621B
:104FF0000123FB61FB6983F31088C0467B681B6853
:105000001A687B681B6840210A431A607B6A3B620E
:105010003B6A83F31088C046C04624E07B681B6867
:10502000DB698022134013D07B681B6D1A787B6884
:105030001B689A627B681B6D5A1C7B681A657B68CB
:1050400056229B5A9BB2013B99B27B6856229952D9
:105050002E217B181A887B18013A1A802E23FB1800
:105060001B88002BA0D1C046BD460CB080BDC046F9
:10507000FFFF7FFF80B58CB000AF78607B6888222F
:105080009B58212B6AD12E23FB187A686A21525A29
:105090001A805EE07B6856229B5A9BB2002B33D16C
:1050A000EFF31083BB60BB687B620123FB60FB688E
:1050B00083F31088C0467B681B689A687B681B680E
:1050C00028490A409A607B6A3B613B6983F31088F8
:1050D000C046EFF310837B617B693B620123BB61B8
:1050E000BB6983F31088C0467B681B681A687B68BD
:1050F0001B6840210A431A603B6AFB61FB6983F32A
:105100001088C046C04629E07B681B68DB698022A6
:10511000134018D07B681B6DBB62BB6A1B881A00EA
:105120007B681B68D205D20D9A627B681B6D9A1C46
:105130007B681A657B6856229B5A9BB2013B99B2E9
:105140007B68562299522E217B181A887B18013AC7
:105150001A802E23FB181B88002B9BD1C046BD460E
:105160000CB080BDFFFF7FFF80B586B000AF7860D8
:10517000EFF31083BB60BB687B610123FB60FB68BE
:1051800083F31088C0467B681B681A687B681B68BD
:1051900040218A431A607B693B613B6983F3108835
:1051A000C0467B688822202199507B6800229A673C
:1051B0007B681800EFF74AFAC046BD4606B080BDCE
:1051C00080B582B000AF7860C046BD4602B080BDF9
:1051D00080B582B000AF7860C046BD4602B080BDE9
:1051E00080B588B002AFF8603B1D19605A60172384
:1051F000FB1800221A70FB6884229B5C012B01D1F2
:1052000002234CE0FB68842201219954FB68882228
:1052100024219950FB681B681A68FB681B680121F0
:105220008A431A60FB681B689B681F4A1340190079
:105230003B1D1A68FB681B680A439A603B1D1B688C
:10524000002B05D13B1DF86819685A6800F0B6F9C3
:10525000FB681B681A68FB681B6801210A431A6017
:10526000F8F7F6FF03003B613B698022D103F86841
:105270000E4A00920022FFF7FFFA031E04D0172304
:10528000FB1803221A7003E0FB6888222021995042
:10529000FB688422002199541723FB181B781800FF
:1052A000BD4606B080BDC046FFFFCFFFFFFFFF0138
:1052B00080B586B000AF78607B6884229B5C012B50
:1052C00001D1022321E07B68842201219954EFF36C
:1052D0001083BB60BB687B610123FB60FB6883F3C9
:1052E0001088C0467B681B681A687B681B680221AF
:1052F0000A431A607B693B613B6983F31088C046AF
:105300007B6884220021995400231800BD4606B012
:1053100080BD80B586B000AF78607B6884229B5CDE
:10532000012B01D1022321E07B68842201219954C1
:10533000EFF31083BB60BB687B610123FB60FB68FC
:1053400083F31088C0467B681B681A687B681B68FB
:1053500002218A431A607B693B613B6983F31088B1
:10536000C0467B6884220021995400231800BD4662
:1053700006B080BD80B584B000AF78607B688422C1
:105380009B5C012B01D1022327E07B688422012151
:1053900099547B688822242199507B681B681B687C
:1053A000FB607B681B681A687B681B6801218A4365
:1053B0001A60FB680B4A1340FB607B6800225A6648
:1053C0007B681B68FA681A607B68882220219950E4
:1053D0007B6884220021995400231800BD4604B044
:1053E00080BDC046FFFFFFDF80B584B000AF7860AE
:1053F00039607B6884229B5C012B01D102232EE063
:105400007B688422012199547B6888222421995049
:105410007B681B681B68FB607B681B681A687B687D
:105420001B6801218A431A607B681B689B68DB004C
:10543000D9087B681B683A680A439A607B68180041
:1054400000F0E0F87B681B68FA681A607B688822C5
:10545000202199507B688422002199540023180050
:10546000BD4604B080BD000080B584B000AF786058
:1054700039607B6884229B5C012B01D102232FE0E1
:105480007B688422012199547B68882224219950C9
:105490007B681B681B68FB607B681B681A687B68FD
:1054A0001B6801218A431A607B681B689B680E4A4F
:1054B000134019007B681B683A680A439A607B684E
:1054C000180000F09FF87B681B68FA681A607B6818
:1054D0008822202199507B6884220021995400233E
:1054E0001800BD4604B080BDFFFFFFF1B0B58AB023
:1054F00000AFF860B960BB1D1A80FB688C229B5816
:10550000202B56D1BB68002B03D0BB1D1B88002B62
:1055100001D101234EE0FB689A6880235B019A4227
:1055200009D1FB681B69002B05D1BB680122134020
:1055300001D001233EE0FB680122DA66FB6800220D
:105540001A6727257C19BB1D1A88B968FB681800E3
:10555000FFF702FA030023707B191B78002B24D17C
:10556000FB68DB6E012B1CD1FB681B6810221A62E2
:10557000EFF310837B617B693B620123BB61BB69F5
:1055800083F31088C046FB681B681A68FB681B68B9
:1055900010210A431A603B6AFB61FB6983F31088A0
:1055A00003E02723FB1801221A702723FB181B781E
:1055B00000E002231800BD460AB0B0BD80B584B03B
:1055C00000AFF8603B1D19605A60FB681B685B68A0
:1055D000102293431A003B1D9B881900FB681B682F
:1055E0000A435A60FB681B685B681B02190A3B1D73
:1055F0009B791A06FB681B680A435A60C046BD4681
:1056000004B080BDF0B585B000AF78607B685B6E9C
:10561000002B08D17B686A22012199527B6868229D
:105620000121995243E00F26BB1908221A700E205F
:105630003B1808221A707B681B689B685B0EDAB205
:105640000D243B1907210A401A707B681B689B6870
:105650005B0FDAB20C257B1907210A401A703B1840
:105660001B787A19127814498A5C5A4310007B1906
:105670001B78124AD35C1900DAF7F6FD030099B2E1
:105680007B686A229952BB191B783A1912780A4929
:105690008A5C5A4310003B191B78084AD35C1900F6
:1056A000DAF7E2FD030099B27B6868229952C0469E
:1056B000BD4605B0F0BDC046040003080C00030859
:1056C00080B500AFDEF79AFBFEE780B582B000AF91
:1056D0007860FEE780B584B000AFF860B9607A60AA
:1056E00001235B421800BD4604B080BD80B584B084
:1056F00000AFF860B9607A6001235B421800BD46D4
:1057000004B080BD80B584B000AFF860B9607A6045
:1057100001235B421800BD4604B080BD80B582B055
:1057200000AF7860396001235B421800BD4602B0CB
:1057300080BD80B582B000AF786000231800BD4600
:1057400002B080BD80B500AF01231800BD4680BD0A
:1057500080B582B000AF786039603B6880229201EA
:105760005A6000231800BD4602B080BD80B582B0EB
:1057700000AF786001235B421800BD4602B080BDD7
:1057800010B5002101F01AFA10BD10B50A2200214F
:1057900001F0ACFA10BD10B50A22002101F0A6FA02
:1057A00010BD000010B5034B0100186800F00EF8A2
:1057B00010BDC046CC07002010B5034B010018688F
:1057C00001F092FD10BDC046CC070020F0B50D00E1
:1057D00087B00B350190162D09D907239D4307D5B6
:1057E0000C23019A13600024200007B0F0BD10259F
:1057F000A942F5D8019800F0F9F9FC23BA4E5B00F4
:105800009D421DD22A000832B2181100546808398E
:10581000EB088C4203D1D4680233A24226D0032283
:105820006368A1689343E268E318CA60916001224B
:1058300059680A435A60019800F0E0F90834D3E748
:105840003F236A0A03D0042A26D8AB09383303223F
:105850009446D9008919CC688C4206D060466268AB
:105860008243571B0F2F2FDD013B013334699F49C2
:105870008C4250D0032062688243501B0F2831DDD8
:10588000012367191D430343656077613761F96040
:10589000B9607B60A050CEE7142A02D813005B33B6
:1058A000D5E7542A02D82B0B6E33D0E7AA235B002E
:1058B0009A4202D8EB0B7733C9E78D497E238A429F
:1058C000C5D8AB0C7C33C2E7E068002F08DBA368C7
:1058D000D86083600123A21851680B435360AAE784
:1058E0000400B9E7716131610028F3DA71688C4610
:1058F000802189008A4200D38AE0D1085009012220
:105900008240604602437260CA0092199168E26068
:10591000A1609460CC600122734899108A4041686C
:10592000914226D30A4205D10324A34352000433F3
:105930000A42FBD0DE008619B44602936146CC6869
:10594000644500D09BE00834A44603240299013149
:1059500002912142F2D1234200D0B7E04368934341
:105960004360614B52005968914202D3002A00D033
:10597000B8E00322836802935B6893430393AB42CE
:1059800003D35A1B0F2A00DD1FE1029B039A082054
:105990009E18584B1B6810335F1901F019FC564BC9
:1059A00004901B68013303D0013F3B1847421F405E
:1059B0003900019801F0B8FB0400431C00D1DAE083
:1059C000864204D9484B029A9A4200D0D3E04B4A0F
:1059D0001368FB181360049A013AA64200D093E0C2
:1059E000164200D090E0404B9A68039BDF190123D8
:1059F0003B435360414B424A1B6811688B4200D9BC
:105A00001360404A11688B4200D8B4E01360B2E0E2
:105A1000500A042811D891093831CF00BF19B8684D
:105A2000874225D1012289108A4061460A4372606B
:105A3000E760A060BC60C4606DE7142802D8010074
:105A40005B31EAE7542802D8110B6E31E5E7AA2151
:105A50004900884202D8D10B7731DEE7244F7E21FE
:105A6000B842DAD8910C7C31D7E78068874204D0FD
:105A700003264168B1439142F7D8C768D8E70327A6
:105A80006168B9430391E768491B0F2910DD0122C2
:105A9000631915436560A5680A43EF60BD60436103
:105AA000036112485A60D8609860039BE150C2E6D7
:105AB000002909DB039BE11801234A6813434B606B
:105AC000A368DF60BB60B6E63C0039E73168083E9A
:105AD000013BB14200D13EE743E7043352000A42A2
:105AE000FBD027E7029BFAE74C020020540200207B
:105AF000540500006CA70120440200203CA70120AF
:105B000068A7012064A7012035490868013040D109
:105B10000C600721260000230E400C4202D00833FF
:105B20009B1BE418E1190591059F04991740CB18B8
:105B3000DF1B17403900019801F0F6FA431C07D12A
:105B4000371E059804D030000027059B0838181828
:105B5000244A001B1368C019DB1913600122224B71
:105B6000029910439C606060994200D142E7039B18
:105B70000F2B13D8626003221B4B9B685B68934317
:105B80005A1BAB4201D30F2A1FDC019800F036F8F4
:105B900029E61449A61BF6180E60BAE70721039BF5
:105BA0000C3B8B43029949680A4002991A434A60A8
:105BB000CA180521516091600F2B00D81AE702998D
:105BC0000198083101F090FB14E701231800064901
:105BD00028438C681343651960608D606B602AE60A
:105BE000440200203CA701204C02002010B50248CE
:105BF00001F0ECFA10BDC046B0A8012010B5024873
:105C000001F0E5FA10BDC046B0A80120094B10B55F
:105C10001C68094A983420686168084BDAF7A8FCC8
:105C2000012200238018594120606160480040082B
:105C300010BDC046CC0700202D7F954C2DF4515847
:105C400010B5034B0A000100186800F003F810BDFE
:105C5000CC070020F0B587B00C1E0390059206D14A
:105C60001100FFF7B3FD0700380007B0F0BD03983F
:105C7000FFF7BCFF2300083B5F6802933A00032351
:105C80009A43059B04920B33162B08D907229343A2
:105C9000019306D50C23039A13600027E4E7102331
:105CA0000193059B019A9342F4D8049B019A934275
:105CB00000DB6DE1049A029BBA489B188268944607
:105CC0005A689C4506D001251100A9435918496816
:105CD000294244D103218A4304998E1801999C4595
:105CE00017D11031B1423CDC019A01219446B61A19
:105CF0002200029B0E4363448360083A5E6053684F
:105D000003980B4061460B435360FFF777FF270072
:105D1000AAE7B14225DCDA689B68DA609360019BF0
:105D2000029AF41A029B92195868012318400F2C0A
:105D300000D82FE1019D029928434919029D1C4377
:105D400068604C605068083103435360039801F069
:105D5000CBFA0398FFF752FF029F083784E700222F
:105D60001300FF0700D5C6E02100032008390D68A5
:105D700002994D1B6968814304980F18002B00D1CC
:105D800084E0D6199C4548D1019B1033B3427DDC99
:105D9000AA68EB682F00D3609A600200043A0837C3
:105DA000242A35D83B00132A08D92368AB606368DE
:105DB000EB601B2A1AD82B000834103322681A60B3
:105DC00062685A60A2689A60019B764AEB189360F9
:105DD000019AB61A012216435E606B681340019A5D
:105DE00013436B600398FFF709FF3DE7A3682B613E
:105DF000E3686B61242A03D02B0010341833DDE7ED
:105E00002369AB612B0062692033EA611834D5E75E
:105E10002100380001F0B4F8D6E7019AB24235DC2F
:105E20002800DA689B680830DA609360AA68EB683B
:105E3000D3609A60049A043A242A23D8132A07D9F3
:105E40002368AB606368EB601B2A09D8083408300C
:105E50002368036063684360A368836002955EE71C
:105E6000A3682B61E3686B61242A03D028001034F7
:105E70001830EDE7280023692030AB6163691834DE
:105E8000EB61E5E7210001F07BF8E7E7019BBB420E
:105E900031DC2800AA68EB680830D3609A60049A65
:105EA000043A242A23D8132A07D92368AB606368ED
:105EB000EB601B2A09D80834083023680360636844
:105EC0004360A36883603E00C8E7A3682B61E36872
:105ED0006B61242A03D0280010341830EDE7280025
:105EE00023692030AB6163691834EB61E5E7210079
:105EF00001F046F8E7E705990398FFF767FC071EEE
:105F000003D10398FFF77AFEC7E623000122083B7E
:105F10005B689343029AD3180200083A934205D172
:105F20005E6803239E43049BF618F8E6049A043A3D
:105F3000242A29D803002100132A08D923680360E2
:105F4000636843601B2A0DD80300083108330A68D0
:105F50001A604A685A608A689A602100039801F0C2
:105F6000C3F93FE7A3688360E368C360242A03D0D2
:105F7000030010311033EAE723691831036103008D
:105F8000626918334261E2E7210000F0F9FFE4E7BB
:105F9000049EC4E6029906434E6051680B43536069
:105FA000D7E6C0464C02002070B516000D0002F086
:105FB000F9F8002E0DD06B236A00520D9B1A002BAE
:105FC00007DD0024034A1B059D182B002200DBF788
:105FD000E3FD70BD0000F03FF0B5A3B01B920022BE
:105FE00000260027059009911E921D910A782B2A00
:105FF00053D03FD80D2A39D8082A39D8002A42D0A0
:106000000022129200211D9D0C912A78302A00D086
:1060100083E06A7820318A43582A00D073E00293E3
:10602000129B954A01931EAB009305981FAB1DA9C7
:1060300001F074FA0F2302001A400400069218427D
:1060400005D0062A2BD1002301351D9512931B9BE9
:10605000002B02D01D9B1B9A1360129B002B19D0A2
:10606000802330001B06F91823B0F0BD202AC7D1C9
:106070000131BAE72D2AC3D12C3A12924A1C1D9243
:106080004A78002ABED1099B1D93002312931B9BC3
:10609000002BDFD130003900E6E70022EDE71E9A41
:1060A000002A07D0352120A802F072F91E99059820
:1060B00001F060FD06981F9B0138042806D8DAF726
:1060C00035F812031C1E1200209E219FE40502D504
:1060D00080231B061F43694B3B42B8D101F04AF8AD
:1060E00022230360B3E76649219A209E0A4065494E
:1060F0005B181B051A431700E8E7604FE6E7012627
:10610000614F7642E2E71D9B5A1C1D925B78302B53
:10611000F9D0002B9BD001230C9300250A221D9B54
:106120000D95139308951D9804782300303BD9B240
:10613000092927D90122554900F058FF002831D0FC
:10614000002023008446089A0E900692202219000F
:1061500091430A0000210791452A00D0C0E0069B28
:106160000C9A034313438B428DD01D9B099301333B
:106170001D93099B5B782B2B70D00C002D2B73D1BA
:1061800001246CE00899082909DC0D9951435B183A
:106190000D93089B0130013308931D90C3E75543CD
:1061A0005D19F6E71D9B5A1C1D92089A5B78002A20
:1061B0003AD00E9006921A00303A092A12D90122DA
:1061C0009446C3E71D9B01305A1C1D925B78302B0F
:1061D000F8D01A00313A082A3BD80E9000201D9AB8
:1061E000069013921A00411C303A302B16D00E9BA9
:1061F0005B180E93069B0A219C4684449C4515D14E
:106200000699069B013109181B180691082B19DC09
:106210000A230D994B430021D3180D931D9B0800B1
:106220005A1C1D925B78C6E70898D0E75C1C082BC7
:1062300004DC0D9B4B430D932300DFE7102CFBDCAC
:106240004D43F9E700210F2BE8DC0A235D43551984
:10625000E4E700220E9206920132B1E70024099B86
:1062600002331D93099B9B781A00303A092A13D9EF
:10627000099A1D92002232E06C0003080000F07FB2
:10628000FFFFEFFF33040000FFFFFF7F5400030810
:106290001D9B5A1C1D925B78302BF9D0002207926F
:1062A0001A00313A082A1BD8303B10931D9B0793E4
:1062B0001D9B591C1D915B781A00303A092A3AD966
:1062C000079A8A1AB4490791082A04DC109A07929F
:1062D0008A4200DD0791002C02D0079A52420792B1
:1062E000069A002A4DD10C9A104300D0AFE66246C0
:1062F000002A00D0C7E6692B27D023DC492B24D005
:106300004E2B00D0BFE6A5491DA801F03DFB00289B
:1063100000D1B8E61D9B1B78282B2CD1A04920AAC0
:106320001DA801F045FB052825D1219B9D4A209EF3
:106330001A4317008BE60A2210994A43D218303AC2
:106340001092B5E76E2BDED09DE697491DA801F0AF
:106350001BFB002800D196E61D9B9449013B1DA81C
:106360001D9301F011FB002802D11D9B01331D93E9
:1063700000268C4F6BE68E4800F046FF06000F00AB
:1063800065E6079B0E9A9B1A0C93089B002B01D184
:10639000069B0893069C102C00DD10240D98DCF75A
:1063A000EBFA069B06000F00092B13DC0C9B002B5D
:1063B00000D14CE60C9B002B00DC7EE0162B63DC4E
:1063C0007C49DB00C9183200086849683B00DBF7EC
:1063D000E3FBD3E72200774B093AD2009B181A68F7
:1063E0005B68DBF7D9FB060028000F00DCF7C4FA76
:1063F0000B00020039003000DAF726FC069B06008D
:106400000F000F2BD2DD069B1C1B0C9BE418002CED
:1064100000DC9BE00F222300134014420AD06549A0
:10642000DB00C9183200086849683B00DBF7B4FBA1
:1064300006000F000F239C4373D02633FF339C428A
:106440004BDD0023069307930D9308932223002628
:10645000059A544F13600D9BB34200D1F7E51E9986
:10646000059801F087FB0899059801F083FB0799CF
:10647000059801F07FFB0D99059801F07BFB0699CB
:10648000059801F077FBE2E52523069A9B1A0C9A02
:106490009342B8DB0F24069B464DE41AE1006918CD
:1064A0003200086849683B00DBF776FB0C9B1C1B3D
:1064B000E4002D192A686B6889E70C9B1633A2DB70
:1064C00007990E9A3B4B521AD2009B1830001A685B
:1064D0005B683900DAF71CFF50E700233000390011
:1064E000354D24110993012C1EDC002B01D0060030
:1064F0000F00324B099AFF182F4BD5005D1932005F
:10650000286869683B00DBF747FB264B2C4A0600EE
:106510000B40934295D82B4A934213D901262A4F18
:1065200076420023099386E00122144204D02A68AF
:106530006B68DBF731FB0123099A64100132099281
:106540000835D0E7D4239B04CF18EAE7002CE8D025
:1065500064420F2322001A401C420AD0154BD2007D
:106560009B1830001A685B683900DAF7D1FE060024
:106570000F002411D5D01F2C28DD0023069307938C
:106580000D9308932223059A002613600D9B002784
:10659000002B00D063E75AE51F4E00008503030877
:1065A000580003080000F07F7D0303080B04030874
:1065B00007040308B0020308880203080000B0FCC7
:1065C0000000A07C0000907CFFFFEF7F10232200E2
:1065D0001A4009921C4201D05A3309933000390005
:1065E0000023BF4D0122144204D02A686B68DBF7F8
:1065F000D3FA012364100835002CF3D1002B01D00D
:1066000006000F00099B002B0DD06B237A00520D62
:1066100039009B1A002B06DD1F2B5ADD0026342B78
:1066200050DDDC27BF040022002330003900D9F7F9
:1066300017FF0028A1D10D9B089A00931399069B80
:10664000059801F0E5FA0D90002800D1F9E60C9BC1
:106650000799DA170E9B5B1A1A400C9B1792DB43C3
:106660000C9ADB171A4000231A92069307930D9B8E
:106670000598596801F056FA0890002800D1E5E61F
:106680000D9B0C3019001A690C310232920000F097
:10669000B2FD20AB01931FAB009332003B00059885
:1066A0001096119701F0EAFD1E90002800D1CDE66A
:1066B0000121059801F048FB079000280ED1002326
:1066C0000793C3E64B239A1A4C3B934019400F00A3
:1066D000A9E7012252429A401640A4E71F9B1A9A4A
:1066E000179DD41A002B01DB1A9C5D190999209A79
:1066F0005B1A36219B188A1A7A4901208C460021A0
:10670000013B16911490634506DA6146C91A521A84
:106710001F293FDC88401490AB180E93A418099BE6
:106720000E9A1C192B00954200DD1300A34200DDD8
:106730002300002B04DD0E9AE41AD21A0E92ED1AF1
:10674000179B002B16DD1A000799059801F0C6FB70
:1067500007900028B3D001001E9A059801F00CFBA9
:106760001390002800D171E61E99059801F002FAF5
:10677000139B1E930E9B002B12DC0C9B002B18DD31
:106780001A9A0899059801F0A9FB0890002810D1E1
:1067900000235AE65449CB1A010099401691BAE7F2
:1067A0000E9A1E99059801F0DBFB1E900028E4D19B
:1067B0004CE6002C07DD22000899059801F0D0FB7B
:1067C00008900028E4D0002D08DD2A0007990598DC
:1067D00001F0C6FB0790002800D137E6089A1E9901
:1067E000059801F045FC0690002800D12EE6C3680C
:1067F000079913930023C36001F01EFC00283BDAC5
:10680000139B334367D13B0365D1D622374BD20468
:106810003B4093425FD9069B5B69002B03D1069BEB
:106820001B69012B57DD06990122059801F098FBA1
:106830000799069001F000FC00284CDD2B4B099ACB
:106840003B40002A74D0D622D204934270D8DC2276
:106850009204934200D895E630003900244B002280
:10686000DBF79AF9214B06000F000B4200D0F6E54A
:106870002223059A1360F2E50E97002875D1139A2A
:106880003B031B0B002A39D01A4A934238D101210D
:10689000099B494232000800002B0BD0D424134B33
:1068A00008003B40E404A34204D86C301B0DC31A1B
:1068B00099400800824223D10F4B0E99994202D190
:1068C000013200D1C2E5094B0E9A00261A4013008E
:1068D000802252039F18099B002BBDD1BFE5C04603
:1068E0008000030802FCFFFFE2FBFFFF0000F07FD7
:1068F00000005039FFFF0F00FFFFEF7F33439DD0B3
:10690000169B002B1CD00E9B169A1342E3D0139BB0
:1069100030003900099A002B16D0FFF745FB020022
:106920000B0010981199DAF78FF906000F00D2E7E3
:106930000126924A76429B18914A1A431700CAE7E9
:10694000149B3342C7D0E2E7FFF72EFB02000B0097
:1069500010981199DBF7E8FB0022002306000F00D6
:10696000D9F77EFD0028B6D00CE60799069801F00D
:10697000E5FC80230022DB0504000D00D9F780FD33
:1069800000286CD0139B002B77D1002E57D10E9B83
:106990001B035AD10022200029007A4BD9F766FD4B
:1069A000002859D1200029000022774BDBF7F4F8AA
:1069B00004000D0080231B06EB180A940B930A9A1F
:1069C0000B9B14921593714A0E9B13401693169AC3
:1069D0006F4B9A4200D087E06E4A0E9B9446634408
:1069E0001F003000190001F0DDFB0A9A0B9BDBF75A
:1069F000D3F832003B00DAF727F9644A664B060009
:106A00000A409A4240D9119B644A934203D1109B99
:106A1000013300D11AE50126604F76421E99059890
:106A200001F0A8F80899059801F0A4F807990598CD
:106A300001F0A0F80699059801F09CF817E6012EE0
:106A400003D10E9B002B00D19CE50023544C4D4DEF
:106A50000A930B940024B2E700244B4DAAE72000D0
:106A60002900494B0022DBF797F8139B04000D0027
:106A7000002B9FD00A940B95A1E70023414C2500E1
:106A80000A930B941C009AE7D4239B04CF18099B0C
:106A90001097002BC2D13D4B169A3B409A42BDD174
:106AA00020002900D9F7B0FDD9F7E8FD02000B005E
:106AB00020002900DBF738FB3C03139B240B3443F5
:106AC0000E900F91374A1C4352D0374BD9F7CEFC6A
:106AD000002800D0C3E40E980F99344A2A4BD9F706
:106AE000D9FC00289AD0BAE4099B002B2AD0D423E1
:106AF000169ADB049A4225D8200029002C4A2D4BF7
:106B0000D9F7BEFC002816D020002900D9F75EFD79
:106B1000002800D10130DBF72FFF139B04000D008C
:106B2000002B22D180231B06CB1818901993189A9A
:106B3000199B14921593D622159BD2049B18169A72
:106B40009B1A159310981199149E159F01F02AFB1A
:106B500002000B0030003900DBF71EF8109A119B81
:106B6000DAF772F806000F0091E718941995DEE73E
:106B7000114B0E980F99D9F779FCB2E70000F0FF9E
:106B8000FFFF0F000000F03F0000E03F0000F07F3B
:106B90000000E07F0000B0FCFFFF9F7CFFFFEF7F65
:106BA0000000F0BF9535A094FFFFDF3F35E5AF351E
:106BB0000000C0FFFFFFDF41FFFFCF3F10B5044CD7
:106BC0000A000100034B2068FFF706FA10BDC0461B
:106BD000CC07002060060020F0B585B017001E002D
:106BE00003900191242B44D80C00012B41D03D4B44
:106BF00008229C46230061461D780134485D01004F
:106C000011401042F6D12D2D3AD125789C1C01233C
:106C1000009310223300934309D1302D36D1202127
:106C200023788B43582B31D11600657802342E4AD5
:106C3000009B94466344310018000293D9F710FB7F
:106C40000022844610002B00303B092B25D81D0064
:106C5000AE4231DD531C09D001225242844505D396
:106C600001D1A94225DB012270432818257801347F
:106C7000E9E700F07FFA16230360002005B0F0BDBD
:106C800000912B2DC5D125789C1CC2E7002ECED1BA
:106C90000836302DCBD00236C9E72B00413B192BEB
:106CA00001D8373DD4E72B00613B192B04D8573D61
:106CB000CEE701225242D9E7531C08D12223039A7E
:106CC00002981360002FD9D0631E019307E0009B48
:106CD000002B00D04042002FD0D0002AF4D1019BDD
:106CE0003B60CBE7A9000308FFFFFF7F10B5044C12
:106CF00013000A0001002068FFF76EFF10BDC046B8
:106D0000CC070020002310B50400036043608360BB
:106D100081814366C2810361436183611900082256
:106D20005C3000F040F90B4BE46123620A4B636274
:106D30000A4BA3620A4BE3620A4B9C4205D00A4B02
:106D40009C4202D0094B9C4203D12000583000F0F5
:106D50003BFA10BDCD6E0208F56E02082D6F0208D9
:106D6000596F020870A70120D8A7012040A8012070
:106D700010B5034A0349044800F06CF810BDC04642
:106D800054060020A9980208D007002041680B4B48
:106D900010B50400994201D002F086FDA168084BAD
:106DA000994202D0200002F07FFDE168054B994234
:106DB00002D0200002F078FD10BDC04670A701206F
:106DC000D8A7012040A8012010B5094B094A042189
:106DD0001A6009480022FFF795FF012209210748A0
:106DE000FFF790FF022212210548FFF78BFF10BD2D
:106DF000A8A80120716D020870A70120D8A7012062
:106E000040A8012010B5024800F0E0F910BDC046CE
:106E1000B2A8012010B5024800F0D9F910BDC04653
:106E2000B2A8012010B50400FFF7ECFF636B002B44
:106E300002D0FFF7EFFF10BD044B6363044B1B68E8
:106E4000002BF6D1FFF7C0FFF3E7C0468D6D0208B7
:106E5000A8A80120F7B51400002600900191A568AC
:106E60006768013F04D52468002CF8D13000FEBDCE
:106E7000AB89012B08D90E22AB5E013304D0290067
:106E80000098019B984706436835EAE70EB400B5C1
:106E90000B499CB01DAB02900690079104910948E4
:106EA000094904CB0591006802A9019301F0C2FAD7
:106EB0000022029B1A701CB008BC03B01847C046E1
:106EC000FFFFFF7FCC0700200802FFFF70B50C001A
:106ED0000E25495F00F014F9002803DB236D1B1811
:106EE000236570BDA389024A1340A381F9E7C04618
:106EF000FFEFFFFFF8B51F008B8905000C0016009F
:106F0000DB0505D50E23C95E0022022300F0E4F85C
:106F1000A389054A28001340A38132000E23E15EB5
:106F20003B0000F013F9F8BDFFEFFFFF70B50C0058
:106F30000E25495F00F0D0F8A389421C03D1054A11
:106F40001340A38170BD802252011343A3812065A9
:106F5000F8E7C046FFEFFFFF10B50E23C95E00F053
:106F6000A9F810BD30B500240139A24201D100209A
:106F700005E0035D01340D5DAB42F6D0581B30BD1A
:106F800010B5884206D800239A4208D0CC5CC4547D
:106F90000133F9E78B189842F5D2013A00D210BDBF
:106FA0008B5C8354F9E703008218934200D1704749
:106FB00019700133F9E7020010B51378140001329B
:106FC000002BFAD1CA5CE2540133002AFAD110BD79
:106FD000C9B20378002B04D08B4200D17047013036
:106FE000F7E74B42594149420840F7E730B5050001
:106FF000101E0BD00024013A2B5D085D834204D1A2
:10700000A24202D00134002BF6D1181A30BD030081
:1070100030B51D00002A06D00C78013A01332C70DF
:107020000131002CF5D100219A18934200D130BDD6
:1070300019700133F9E70000034B10B51A680123FA
:10704000503200F003F810BDCC070020F0B5041E4C
:1070500002D11468002C09D020000E0005780134FC
:107060003778002F04D1002D0DD11560002006E0E7
:107070000136BD42F4D1002BEED114600370F0BD97
:107080000133002D02D10B00267801341D78AE4269
:10709000F6D100231D009E4202D02300611E0D7018
:1070A0001360ECE79422024B5200985C7047C04694
:1070B00060060020002370B5064D040008002B6018
:1070C000FEF754FB431C03D12B68002B00D0236038
:1070D00070BDC046ACA8012070B5040008001100C6
:1070E0001A000023054D2B60FEF70CFB431C03D157
:1070F0002B68002B00D0236070BDC046ACA80120D7
:1071000070B50400080011001A000023054D2B6023
:10711000FEF7ECFA431C03D12B68002B00D0236050
:1071200070BDC046ACA80120002370B5064D040018
:1071300008002B6005F0C4FC431C03D12B68002B16
:1071400000D0236070BDC046ACA8012070B504001B
:10715000080011001A000023054D2B60FEF7BAFA53
:10716000431C03D12B68002B00D0236070BDC046A8
:10717000ACA80120014B18687047C046CC0700201E
:1071800070B500260C4C0D4D641BA410A64209D10D
:10719000002605F0A7FC0A4C0A4D641BA410A64269
:1071A00005D170BDB300EB5898470136EEE7B30048
:1071B000EB5898470136F2E7C8040308C8040308EF
:1071C000D0040308C804030870477047704770472D
:1071D000802310B5082804D0FFF7CCFF16230360E6
:1071E000173B180010BD03000A7801311A700133F3
:1071F000002AF9D17047002310B59A4200D110BD82
:10720000CC5CC4540133F8E7002001497047C04604
:107210000000F87F034B10B5002B02D0024800F0AD
:1072200005F810BD00000000D59A0208002310B533
:1072300001001A00180002F09FFC10BDF7B5040011
:1072400008200D00FFF7C4FF06002000FEF7CEFC6B
:107250000322224F3100BB685B689343180011384A
:10726000401B80190193D8F775FF451E7543AE4248
:1072700004DD2000FEF7C2FC0020FEBD002120003E
:10728000FFF752FFBB68019A9B189842F1D120008A
:107290006942FFF749FF013010D100212000FFF7BC
:1072A00043FFBA68811A0F29E3DD0D4D0D4B2D68A0
:1072B000401B186001230B435360DAE70126019B52
:1072C000BA685B1B33435360064A200013685B1B9C
:1072D0001360FEF793FC3000CFE7C0464C0200205D
:1072E000440200203CA70120F7B50D1E01902DD0CF
:1072F000FEF77CFC012329009C4608394F68624652
:107300003B0064469343C8184568023295434A4A95
:107310002740966886421AD15B19002F06D108686B
:10732000091A8D681B18C868E86085600120184339
:1073300048609160414A12689A4204D8404B0198D3
:107340001968FFF77BFF0198FEF758FCF7BD002690
:107350004560B74209D10F683A4CC91BDB198F68E9
:10736000A7422CD0CC68FC60A76047197C68012735
:107370003C420BD15B198568002E22D1314CA542CD
:107380001FD13E0051611161CD608D600125280043
:1073900018434860CB50002ED5D180208000834216
:1073A00013D2D8085B099D4053681D43C3009B1846
:1073B00055609A68CB608A609960D160C3E7664681
:1073C000D3E7C068E8608560E0E75D0A042D12D865
:1073D00098093830C600B618B5680327AE4225D1E3
:1073E000012380108340506803435360CE608D605A
:1073F000B160E960A7E7142D02D828005B30E9E707
:10740000542D02D8180B6E30E4E7AA2040008542C4
:1074100002D8D80B7730DDE70B4E7E20B542D9D8A5
:10742000980C7C30D6E7AD68AE4203D06A68BA43A8
:107430009A42F8D8EE68D9E74C02002048020020B2
:107440006CA7012054020020540500000200F0B592
:10745000046985B014324B11160002939C4231DD51
:107460001F260F009B00A500D31837405519009325
:10747000019731420DD1160019008D4236D8009B7C
:107480000026033B9D4202D3029BE41AA6009619F4
:1074900018E02021019E019F891B009E039102CECE
:1074A0009446F940B54216D8009B002601339D4210
:1074B00003D3029BE41AA600043E9619316000290A
:1074C00000D00436B11A89100161964201D100231F
:1074D000436105B0F0BD3768039B9F400F43614691
:1074E00080C18C46019B02CED940DBE780C980C6B3
:1074F000C3E70200303A0300092A02D8203BD8B281
:1075000070470200613A052A01D8473BF7E71A00A5
:10751000413A0020052AF3D8273BF0E7F0B589B0BF
:1075200007930B680192039006919A1C1100013297
:10753000501E00783028F9D0CB1A023B05930091F9
:10754000FFF7D7FF00231D00029398421ED10122AE
:10755000A6490098FFF74AFD0700A84200D06AE05C
:10756000009B58785C1CFFF7C4FF01230293A842DC
:107570002FD00094009B1878302809D0FFF7B9FF6E
:10758000424242410123250002920593009C04E0FF
:10759000009B01330093EDE701342078FFF7A9FF4A
:1075A000071EF9D1012220009049FFF71FFD002896
:1075B0000DD1002D06D1013425002078FFF799FF69
:1075C000002802D12D1BAF0003E00134F5E7002DA8
:1075D000F8D12022237826009343502B1DD16378C5
:1075E0002B2B2DD02D2B2FD00023661C049330780D
:1075F000FFF77FFF431EDBB20500182B2AD87078F7
:10760000FFF777FF431EDBB20136103D182B1DD963
:10761000049B002B00D06D427F19069B1E60029BCD
:10762000002B19D0059B06265A4253415B421E404F
:10763000300009B0F0BD01230027009C0293C8E789
:1076400000230493A61CD2E70123FAE70A235D4333
:107650002D18D4E72600E0E7009B0299E31A013BCE
:10766000072B0ADC039800F05DFA051E08D12A00FA
:10767000E4215F4B5F4802F0BFFA01315B10EFE796
:10768000030014330293059300231E000493009B10
:10769000A34238D3059C029B40C4E41AA4103000D6
:1076A0002C6100F001FB019B64011B68261A00930A
:1076B0009E4252DDF61A3100280000F08AFE041EB8
:1076C0000FD001241F232000721E13409840030096
:1076D0005111029889000958194202D0A24234DCA3
:1076E000022431002800FFF7B1FEBF19019B9B68FF
:1076F000BB4242DA2900039800F03CFA00230E9ABC
:10770000A326136094E7013C23782E2B12D0049B10
:10771000202B04D1059B40C30026059304962078B6
:10772000FFF7E7FE0F231840049B984004330643FD
:107730000493ACE7009BA342E9D8012220002B4927
:10774000FFF754FC0028E2D1A1E72800B11E00F0A9
:1077500040FE0028C4D00324C3E7009B00249E42BF
:10776000C4DA9E1B29003200039800F0F9FB0300E5
:1077700014330500BF1B0293B8E7019B5E68BE424D
:107780006FDD009BF61BB34236DC019BDB68022BEE
:1077900024D0032B26D0012B17D1009BB34214D148
:1077A000012B0BD1019B079A5B68622613600123B2
:1077B000029A2B6113600E9B1D6039E70099280027
:1077C000013900F006FE0028ECD12900039800F0F2
:1077D000D1F900230E9A5026136029E70F9B002B46
:1077E000F3D1DFE70F9B002BDCD1EEE75400030859
:1077F000B1010308C2010308771E002C2FD1002F0E
:1078000004D03900280000F0E4FD04001F237A11A1
:107810001F401E3BBB400299920052581A4201D0B1
:1078200002231C43009B31009B1B0226280000936F
:10783000FFF70CFE019B5F68002C3FD0019BDB68CB
:10784000022B10D0032B12D0012B06D1A20704D596
:10785000029A126814431C420CD110232DE001241B
:10786000D4E70126E8E701230F9A9B1A0F930F9B99
:10787000002BF2D02B69002002939B0004932B0075
:10788000049A143399181A68541C1CD001321A60D7
:107890002B001433022E3FD1019A00991268013A4D
:1078A0008A4209D10A001F2010400122824049115A
:1078B0008900CB5813423DD120231E430E9B1D60EF
:1078C000079B1F60B4E601C39942DCD8AB68029AFB
:1078D0009A4218DB69680398013100F023F9041E0D
:1078E00004D1220084211D4B1D48C4E629002A69C9
:1078F0000C31023292000C30FFF77DFC2900039816
:1079000000F038F925002B695A1C2A610122043342
:107910009B00EB185A60BBE72A6902998A420BDD8B
:1079200001212800FFF792FD019B01379B68BB42B4
:1079300000DADFE60126BFE71F22009C0099144011
:107940001142F7D0049A9B18043B186800F0ACF978
:1079500020231B1B9842E3DBECE7C046B101030880
:10796000C2010308082370B520259A1A9200AD1AA7
:10797000436804681E00AE40D34034430460436053
:1079800004308842F4D370BD30B503680C780133FD
:10799000002C02D10360012030BD1A781500413D52
:1079A000192D00D820320131A242EFD00020F3E798
:1079B000F0B50B688BB0019201995A1192008A18A8
:1079C000029219001F22114008900691134202D022
:1079D000029B04330293029B00251F1F3E003C00C4
:1079E000089B3D601B68079505930395059B013334
:1079F0000993059B5B780493002B28D00498FFF72C
:107A000078FD002855D1049B202B19D8039B079A99
:107A1000934212DDB44206D2072D04DC2A00310065
:107A20002000FFF79FFF019B08259C4205D9261FD8
:107A300000253400039B35600793099B0593D5E728
:107A4000049B292B5AD1059B089A02331360039B90
:107A5000002B53D0B44206D2072D04DC2A0031009B
:107A60002000FFF77FFF019B9C4236D91A002300BC
:107A700002CB02C29F42FBD2029B611CDA1E04238E
:107A8000914205D8029B043B1B1B9B0801339B00C2
:107A9000019AD318002204C39F42FCD23B68002BFA
:107AA00004D1019B9F4227D101233B6005200BB0ED
:107AB000F0BD039B013501330393082D06DD019BC7
:107AC0009C42BAD900230125043C23600F2223687D
:107AD00010401B0103432360AFE7069B002BDDD062
:107AE0002023069A02999B1A01225242DA40043955
:107AF0000B6813400B60D1E7043FCFE70420D6E7C3
:107B000082B0002900D101A9101E06D0002B06D09A
:107B100013780B601078431E984102B07047022022
:107B20004042FAE7436C70B506000C00002B12D0FF
:107B3000736CA2009B181868002815D101210D0054
:107B4000A5406A1D3000920002F074F8002809D0A8
:107B5000446085600AE02122042102F06BF8706421
:107B60000028E5D1002070BD02681A60002303617F
:107B7000C360F8E7002906D04A68436C92009B185E
:107B80001A680A6019607047F7B50F0001900C0081
:107B90001E0000200D6914373B68013099B2514333
:107BA0001B0C534389190E0C9B191E0C89B21B0424
:107BB0005B1808C78542EFDC002E22D0A368AB42D9
:107BC00019DC616801980131FFF7ACFF071E05D190
:107BD0003A00BA210C4B0D4802F00EF82100226940
:107BE0000C31023292000C30FFF705FB21000198A6
:107BF000FFF7C0FF3C002B1D9B00E31801355E60C2
:107C000025612000FEBDC046B10103082202030821
:107C1000F7B5070018000C00083009210193150082
:107C2000D8F722FB0123002183420ADB3800FFF74B
:107C300079FF011E08D10A00194B1A48D33101F00F
:107C4000DBFF5B000131EFE7089B43610123036128
:107C5000092D18DD230009331E00009364193378C1
:107C60000A223800303BFFF78FFF01360100A642A1
:107C7000F5D12C00009B083C1C192E00019B9E4254
:107C800004DB0800FEBD09250A34F6E7631B9B5D93
:107C90000A223800303BFFF777FF01360100EDE79D
:107CA000B1010308220203088022030052020020CF
:107CB000934201D21B04103080225204934201D21D
:107CC00008301B0280225205934201D204301B016E
:107CD0008022D205934201D202309B00002B03DBAD
:107CE0000130134200D120207047036801000722B1
:107CF0001800104013420DD0063A0020134205D15F
:107D00000230034203D0D34010000B6070479B0841
:107D10000B60FBE79AB2002A01D110201B0CDAB2EB
:107D2000002A01D108301B0A1A0701D104301B09AF
:107D30009A0701D102309B08DA07E9D401305B08C9
:107D4000E6D12020E2E7000010B50C000121FFF78A
:107D5000E9FE002807D14621054C0200054B200012
:107D6000FF3101F049FF01234461036110BDC046AA
:107D700022020308B1010308F0B514000A6923695F
:107D80000D008BB09A4202DB23000C001D00276916
:107D90002E696168BB190393A368BA19934200DA8C
:107DA0000131FFF7BFFE0290002806D1B121494BF7
:107DB0004948029A490001F01FFF029B0022143338
:107DC0009C46BB199B0063440493634604998B4211
:107DD0002AD32300BF00143314350893B600DB19EF
:107DE0000593AB190993042306932300059A1533D1
:107DF00001959A4205D3131B153B9B0801339B0049
:107E00000693019B099A934210D3039B002B05DD37
:107E1000049B043B04931B68002B56D0029B039ADF
:107E200018001A610BB0F0BD04C3CFE7019B1868BE
:107E300080B200281ED067460025089E02CE3B680F
:107E400007938BB243431A006B46090C9B8B41434B
:107E5000D318079A5B19120C89181A0C8A189BB24E
:107E6000150C12041A43059B04C7B342E6D86346B7
:107E7000069A9D50019B1868000C20D0634625008F
:107E8000614600271B6814352A680E6892B2424387
:107E9000360C9219D21916049BB21E430E6040CDC7
:107EA0004B68360C46439BB2120CF3189B18059A8C
:107EB0001F0C0431AA42E7D8624606995350019B31
:107EC0000433019304239C449BE7039B013B0393EE
:107ED0009BE7C046B101030822020308F7B503235C
:107EE000150007000E001A401D4208D01A49013A39
:107EF0009200525800233100FFF746FE0600AD10F5
:107F000027D03C6C002C07D138001449FFF71CFF28
:107F1000002304003864036001231D420AD03100AD
:107F200022003800FFF728FF310001903800FFF7EA
:107F300021FE019E6D100CD02068002807D1220080
:107F400021003800FFF718FF0023206003600400C1
:107F5000E2E73000FEBDC0467C020308710200006B
:107F6000F0B50C0016002369571185B0FB1801937A
:107F7000013300934968A3680290009A934210DB92
:107F80000298FFF7CFFD0023010005001A0014310D
:107F900098420CD1EF212A00254B2648490001F0D8
:107FA0002BFE01315B00E8E798000A500133BB4229
:107FB000FADBFB43DB171F40BF0023001F20C9195A
:107FC00037002269143392009A180740064229D0DC
:107FD0000130C01B03908C4600201E68BE40064343
:107FE000604640C08446039E01CBF0409A42F4D8DC
:107FF000260015360423B24204D3131B153B9B08FD
:1080000001339B00C850002802D0019B023300932B
:10801000009B0298013B21002B61FFF7ABFD28007C
:1080200005B0F0BD01CB01C19A42FBD8F0E7C046D4
:10803000B10103082202030830B50B69046902008C
:10804000E01A9C420FD114329B0014311400C9185D
:10805000D218043A043915680B689D4204D00120F7
:108060009D4200D2023830BD9442F2D3FBE70000BB
:10807000F0B50C0087B00090110020001700FFF74A
:10808000DBFF051E10D101000098FFF74BFD021E1B
:1080900004D1404B4048414901F0AEFD0123456108
:1080A0000361100007B0F0BD0026B04203DA2300E0
:1080B0003C001F00013661680098FFF733FD021E87
:1080C00003D1344B34483649E6E72369143400932E
:1080D0009B00E318210001943C0002933B69143497
:1080E0009B00E31803930300C6608C460020143302
:1080F00004930593634620CBA9B20E009C4608CC9E
:108100002D0C99B2711A09181B0C0814EB1A1B18C4
:10811000181489B21B041943059B02C30593039BE2
:10812000A342E7D83900039C153104238C4204D3C1
:10813000E31B153B9B0801339B000199CD18049963
:108140002E00CB181F0002998E4211D3029CE91E0B
:1081500000208C4204D321000331491B8908880088
:108160001B18043B1968002910D0009B136198E785
:10817000844602CE88B2604400140C0C0419614499
:10818000201489B22404214302C7DCE70099013995
:108190000091E6E7B101030822020308370200005C
:1081A0004502000010B500240C4B0D4A0B409B18F3
:1081B000A34206DC5B421A15132A05DC80231B034D
:1081C00013411900200010BD143A01241E2A02DCBC
:1081D00080242406D4400023F3E7C0460000F07F4B
:1081E0000000C0FCF7B50600036914369B00F318C5
:1081F0001D1F2C680F0020000193FFF755FD202262
:10820000121A3A6003001C4A0A2815DC0B212700C9
:10821000091ACF403A438C4611000022AE4202D2E6
:10822000019A083A126815339C4063462700DA40E9
:108230001743380003B0F0BD0027AE4202D2019DC3
:10824000083D2F680B2149428C469C440B2B10D0D3
:10825000614620238C405B1A3900D9400C432243ED
:1082600011000022B54201D9043D2A686446A740A6
:10827000DDE722431100DCE70000F03FF7B5012104
:1082800016001F00FFF74EFC041E05D12200254BEF
:108290002548264901F0B0FC3B037D001B0B6D0D0A
:1082A00002D08022520313430193002E25D068464A
:1082B0000096FFF71AFD019B009900281BD0202291
:1082C0001E00121A96403200C3400A4362610193B5
:1082D000019EA661731E9E4101362661002D14D0B9
:1082E0003526134BED18089B2D181D60099B361A77
:1082F0001E602000FEBD6161EAE701A8FFF7F5FC02
:10830000019B012663612030E7E70A4BC018089BF8
:108310001860094BF3189B00E3185869FFF7C4FC79
:108320007601E3E7B1010308220203080F0300000E
:10833000CDFBFFFFCEFBFFFFFFFFFF3FF0B587B098
:108340000F0004A90600FFF74DFF00900191009B6C
:10835000019C380005A902930394FFF743FF0D0029
:1083600002000B0030693969049E401A05994001EA
:10837000711A41180805002908DD01994118039177
:1083800002980399D8F7C4FF07B0F0BD2B1AF7E79E
:1083900070B51400050001391369491101318900D4
:1083A00014349B004118E318A3420DD81400113473
:1083B00000259C4203D89B1A113B9B089D0000237B
:1083C0004019814203D870BD40CC40C5ECE708C0DD
:1083D000F7E70200006910B514324B11984213DB25
:1083E0000CDD1F2408002040214207D099008C5842
:1083F0002100C140814001208C4204D19B00D31850
:10840000934203D8002010BD0300F7E7043B19682E
:108410000029F5D00120F6E70300081E05D0FF2A49
:1084200004D98A2201201A604042704701200A7054
:10843000FBE70000F0B5DDB01C000B9109920A903B
:1084400001F044FB036818002093D7F767FE0B9BED
:1084500018909B891B0617D50B9B1B69002B13D10A
:1084600040210A98FDF7B2F90B9B186018610028AB
:1084700007D10C230A9A136001235B421A9300F080
:1084800011FC40230B9A5361002300223293319355
:108490000E93002316921793002333AF3097239344
:1084A000229314931D9321931A93099D2B78002BEB
:1084B00002D0252B00D090E0099BEE1A9D4216D0E9
:1084C0003B60329B7E609B193293319B08370133AE
:1084D0003193072B08DD0B990A9830AA02F074FA41
:1084E000002800D0D8E333AF1A9B9B191A932B783E
:1084F000002B01D101F08AF900231B220126691CFF
:108500001D0022A812181370764219934B1C159364
:108510000B781093109820385A2801D900F002FEE9
:10852000D7F70EFE9B0000060006A5000006000619
:108530000006800000060006A700AF000006AD00A0
:10854000B4000006D000D200D200D200D200D20087
:10855000D200D200D200D2000006000600060006BB
:1085600000060006000654010006FD000F0154013C
:10857000540154010006000600060006E40000064F
:108580000006D4040006000600061805000636059D
:108590000006000666050006000600060006000646
:1085A00000060006000654010006FD0011015401FA
:1085B00054015401E6001101F9000006F200000622
:1085C000B604D6040705F90000061805A30038050F
:1085D000000600065D000006A300013566E7A54B16
:1085E00028002393202318401D4201D100F003FDF1
:1085F000193B07349C43220018CA069307940D9236
:10860000EB070AD5069B079A134306D0302229AB05
:108610001A70109A5A7002231D43974B02201D4076
:1086200000F066FC0A9801F051FA436818002193A3
:10863000D7F774FD1D900A9801F048FA83681493E7
:108640001D9B002B11D0149B002B0ED01B78002BF0
:108650000BD08023DB001D4307E01B2322AA9B18BD
:108660001A78002A01D120321A7015994EE7012399
:10867000F1E708CC1993002BF7DA5B421993042336
:10868000E9E71B2322AA9B182B22EDE7159A159BDD
:108690001278013310922A2A0DD000260A21109A4E
:1086A0001593303A092A00D934E74E43B6181A78A0
:1086B00001331092F3E740CC002E01DA0126764216
:1086C0001593D2E78023C6E700220A21159B199251
:1086D000199A10984A433038821819921A7801333F
:1086E0001092303A092AF3D9159313E70823B2E719
:1086F000159B1B78682B05D1159B0133159380239F
:108700009B00A8E74023A6E7159B1B786C2B04D1A0
:10871000159B0133159320239DE710239BE7210030
:1087200004C943AB0D911B211A70002222A809181D
:108730000A7001260C921B921292139211920993C5
:10874000BEE110231D43AB062FD5072307349C43FE
:10875000220018CA069307940D92079B0120002B54
:108760000BDA069B079C00225942A2410691079210
:108770001B222D2122ABD2181170069A079B1A4397
:10878000711C01D101F052F880212C008C43002A89
:1087900001D001F050F8002E01D100F0B9FC012801
:1087A00001D001F04CF800F04DFC220008CA0D92F7
:1087B000EA0603D50693DB170793CEE76A0601D5D1
:1087C0001BB2F7E7AA05F5D55BB2F3E70723073439
:1087D0009C43220018CA0D92012216931794169BEF
:1087E00052422493179B5B005B082593249825999C
:1087F000224BDAF735F8002824D124982599012254
:108800001E4B5242D7F73CFE00281BD116981799F1
:1088100000220023D7F72AFE002804D01B2322AA17
:108820009B182D221A70164B0993109B472B01DDC4
:10883000144B099380239D43002303260C931B9321
:1088400001F02CF8169A179B10001900DAF708F8B7
:1088500000281DD0179B002B04DA1B2322AA9B188B
:108860002D221A70084B0993109B472BE2DD074B12
:10887000DFE7C04688030308FFFBFFFFFFFFEF7F32
:10888000780303087C0303088003030884030308B8
:10889000109B612B00D1E9E15822412B00D1E6E188
:1088A000731C00D109E22023109A0C909A43472AA6
:1088B00002D1002E00D1013680235B002B431C9394
:1088C000179B002B00DBFBE1802212069446169BCF
:1088D0001E93179B63441F932D2327932023109AE5
:1088E0009A431292412A00D006E21E981F992AAAA2
:1088F00001F010F9FF2300229B05D9F74DF9002262
:1089000000230E900F91D7F7ABFD002801D0012373
:108910002A93CF4B1393109B612B01D0CD4B139314
:10892000099C731E00220E980F991193CA4BD9F718
:1089300033F90E900F91D9F7B5FF1B90D9F7EEFFE1
:1089400002000B000E980F99D9F7EEFB139A0E90C8
:108950000F911B99119B525C2270013401330BD093
:108960000E980F99119B0022013B26930023D7F705
:1089700077FD002800D1A9E100220E980F99B74B8E
:108980002694D7F787FD00280CD10E980F99002266
:10899000B24BD7F765FD002800D1A8E11B9BDB0790
:1089A00000D4A4E13020139B2E94DB7B2E9A013A55
:1089B0002E921178994200D18AE14B1CDBB2392901
:1089C00001D1139B9B7A1370269B099A9B1A0E93D5
:1089D0002A9B1193129B472B00D0DCE1119B0333A0
:1089E00003DB119BB34200DCFBE1109B023B1093C5
:1089F000119B40225C1E6B4610999B18203A002068
:108A00001B782A949143412902D10F33DBB2013004
:108A10002CA90B702B23002C03DA0124119BE41AE0
:108A20002D234B70092C00DCCDE1372322AA9B18A3
:108A30001293129E2000731E0A211293D7F7FAFC9C
:108A4000731E3031197020000A211194D7F70CFCE5
:108A5000119B0400632BECDC2A2222A8B11E121801
:108A600037200B0030340C7022AC0019834200D246
:108A7000A4E10023814203D8393322AA9B189B1B0F
:108A80002A2222A95218D3182CAA9B1A0E9A229392
:108A90009E18012A01DCEB0701D5189BF6188022ED
:108AA0006F4B52002B401A4300231C9212931393D6
:108AB0001193279B002B00D0E4E100231C9D1B9306
:108AC0001B9B1C93B34200DA1C961B2322AA9B1803
:108AD0001B785A1E93411C9AD3181C9302232B40D7
:108AE000269302231D4202D01C9B02331C93842335
:108AF0002B40279384231D421FD1199B1C9A9C1A3B
:108B0000002C1ADD3900319B5648329A0133083166
:108B10003860102C00DD17E37C60A4180F0032943D
:108B20003193072B09DD0B990A9830AA01F04CFF0D
:108B3000002801D000F049FE33AF1B2222A95218B1
:108B40001178329B002914D03A6001229B1832938D
:108B5000319B7A609B1831930837072B09DD0B99FD
:108B60000A9830AA01F030FF002801D000F02DFE55
:108B700033AF269A329B002A15D029AA3A600222E6
:108B80009B183293319B7A60013331930837072B5E
:108B900009DD0B990A9830AA01F016FF002801D0D0
:108BA00000F013FE33AF279B802B1FD1199B1C9A1B
:108BB0009C1A002C1ADD3900319B2B48329A013364
:108BC00008313860102C00DDD1E27C60A4180F0061
:108BD00032943193072B09DD0B990A9830AA01F0E2
:108BE000F3FE002801D000F0F0FD33AF1B9B9C1B6F
:108BF000002C1ADD3900319B1B48329A01330831B1
:108C00003860102C00DDC5E2A2187C6032920F00A3
:108C10003193072B09DD0B990A9830AA01F0D4FE95
:108C2000002801D000F0D1FD33AF329B1B93EB0540
:108C300000D5CBE2099B7E603B601B9BF618319B05
:108C4000329601333193072B00DDA3E3083701E3AC
:108C50008803030899030308000030400000E03F48
:108C6000FFFBFFFFBC030308AC030308782230219D
:108C700029AB19705A7002231D43632E15DD0A9823
:108C8000711CFCF7A3FD0990002813D10B9B9A8956
:108C9000402313430B9A93810B9B9B895B0601D561
:108CA000FFF7EAFB1A985DB0F0BD00230C9343ABCD
:108CB000099301E6099B0C93FEE506260C90FBE563
:108CC000169B179C1E931F94002306E6269B29E6FD
:108CD00010706BE618700133CA1AFBD5119A002385
:108CE000013201DB119B0133E31826936CE6119AE4
:108CF000230030201119EFE7129A34000323462A8B
:108D000005D01400453C62425441013B34192EAA5F
:108D100004922BAA03922AAA029200930A981E9AFE
:108D20001F9B019401F062F8129B0990472B19D107
:108D3000EB0701D42E9B48E6099B1B190E930022DA
:108D40001E981F990023D7F78BFB002801D00E9B9C
:108D50002E9330222E9B0E999942EBD9591C2E91BD
:108D60001A70F7E7099B1B190E93129B462BE6D14D
:108D7000099B1B78302B0AD11E981F9900220023D3
:108D8000D7F76EFB002802D101231B1B2A932A9BD5
:108D90000E9AD318D2E7129B462B00D028E6012268
:108DA0002B00119913403343002929DD002B42D0B9
:108DB000189A8B18F618662310932DE01C7801334F
:108DC0001470013252E62A2222ABD218002804D1B4
:108DD00030232B228B7022ABD2183034531C1470EA
:108DE00052E6119B0E9A93420FDA0E9B189A9E1828
:108DF00067231093119B002B0EDCF61A01360BE053
:108E0000002B1AD0189B0133D4E76723119E1093CF
:108E1000EB0701D5189AB61880232A00DB001A4008
:108E20001392002212921D4200D142E6119B9342FE
:108E300025DC13923DE6119EBDE7662316001093D4
:108E4000EAE7119A93420FDAD31A1193149B5B78D5
:108E5000002B10D0139B01331393149B01331493F5
:108E6000149B1B78FF2BECD1129A139B9B181D9A15
:108E700053439E191DE6129B01331293F0E7129B98
:108E80001393EDE71B2322AA9B182D221A7014E6D8
:108E9000AB0609D523681A9A1A60D2175A600434AF
:108EA000159B0993FFF701FBEB0603D523681A9A7C
:108EB0001A60F4E76B0603D523681A9A1A80EEE766
:108EC000AD05F3D523681A9A1A70E8E710231D43FD
:108ED0002023280018401D420FD0193B07349C4323
:108EE000220018CA069307940D920020B34B1D4030
:108EF0001B2222AB0021D2183EE4220008CA29001E
:108F00000D9210221140154202D006930790ECE713
:108F1000402228001040154203D09BB206930791CF
:108F2000E3E780222900920011401542F6D0DBB21F
:108F3000EBE7230004CBA2490D930023069229AA54
:108F40000793118002339F4A18001D437633239202
:108F50001093CDE7230004CB00240D931B2309922B
:108F600022AA9B181C70731C0DD032002100099896
:108F700000F0C4FD0C90A04200D1E2E0099A861AEC
:108F800023000C945BE40998D7F7C8F80600F7E7CC
:108F900010231D432023280018401D4209D0193BEF
:108FA00007349C43220018CA069307940D920120AF
:108FB0009EE7230004CB29000D93102319401D4286
:108FC00002D006920790F2E74023280018401D4285
:108FD00003D093B206930791E9E7802329009B0011
:108FE00019401D4202D0D3B20693EBE70692F2E796
:108FF000754BFFF7F5FA230004CB29000D931023DE
:1090000019401D4203D006920790FFF7F9FA40235A
:10901000280018401D4204D093B206930791FFF731
:10902000EFFA802329009B0019401D4202D0D3B2E1
:109030000693E9E70692F1E7079B002B0CD1069B0C
:10904000092B09D8069B3033DBB2E72222A952183C
:109050001370099200F01BFC00230E938023DB00A9
:1090600023405CAD0C930A22069807990023D7F79A
:109070005FFA6B1E303209931A700E9B1190013308
:109080000E930C9B1291002B1DD0149B0E9A1B78F3
:109090009A4218D1FF2A16D0079B002B02D1069BBB
:1090A000092B10D9099B1D9A21999B1A1800099325
:1090B000FDF7ADFF0022149B0E925B785A1E934180
:1090C000149AD3181493079B002B03D1069B092BEA
:1090D00000D8DCE3119B099D0693129B0793C2E71E
:1090E0000F20099B239A013B0993069B0340D35C05
:1090F000099A1370079B1907069B1A09079B1143CE
:109100001B0907930B00079A06911343E9D1BEE3AD
:109110005CAB0993002800D0B9E3ED0700D4B6E3B7
:10912000302392E7109B002B00D16FE3109A1B2194
:1091300043AB1A70002222A809180A700D94FFF799
:10914000F8FA0C9BFFF77BFB102012187860329224
:109150003193072B08DD0B990A9830AA01F034FCF3
:10916000002800D031E333A90F00103CCAE41020DE
:109170001218786032923193072B08DD0B990A9808
:1091800030AA01F021FC002800D01EE333A90F0013
:10919000103C10E510201218786032923193072BA2
:1091A00008DD0B990A9830AA01F00EFC002800D0C7
:1091B0000BE333A90F00103C1CE5C046FFFBFFFF8B
:1091C000307800008803030899030308109B652B7F
:1091D00000DC4AE21698179900220023D7F740F9DD
:1091E000002878D0CA4B1B9E3B6001237B60F61899
:1091F000319B3296013331930837072B08DD0B99E9
:109200000A9830AA01F0E0FB002800D0DDE233AF7D
:109210002A9B0E9A934201DBEB071BD5209B189AE1
:109220003B60189B7B60329B08379B183293319BC5
:1092300001333193072B08DD0B990A9830AA01F00E
:10924000C3FB002800D0C0E233AF0E9B10265C1E8B
:10925000002C2FDC6D0700D59AE2199B1C9A9342D3
:1092600000DA13001A9AD3181A93329B002B07D0F6
:109270000B990A9830AA01F0A7FB002800D0A4E2BD
:10928000002331930C9B002B00D0BAE20D9C33AF2E
:1092900006E610327E6032923193072B08DD0B997F
:1092A0000A9830AA01F090FB002800D08DE233A983
:1092B0000F00103C3900319B9648329A0133083137
:1092C0003860102CE5DC7C60A4180F0032943193D8
:1092D000072BBFDD5EE02A9B002B77DC8C4B1B9EAF
:1092E0003B6001237B60F618319B3296013331934A
:1092F0000837072B08DD0B990A9830AA01F064FBA8
:10930000002800D061E233AF0E992A9B329A0B43BA
:10931000012129400B439DD0209B3B60189B7B6023
:109320009A18319B3292013331930837072B08DDAD
:109330000B990A9830AA01F047FB002800D044E2BC
:1093400033AF2A9C002C18DA644238003199714AF4
:10935000329E013108370260102C25DC4460A419CC
:1093600032943191072908DD0B990A9830AA01F04F
:109370002BFB002800D028E233AF099B329A3B60D8
:109380000E9BD2183292319A7B6001323192072AB9
:1093900000DC5BE40B990A9830AA01F015FB002869
:1093A00000D012E233AF55E71023F618436032962F
:1093B0003191072908DD0B990A9830AA01F004FBC6
:1093C000002800D001E233AF103CBEE70E9A099BA3
:1093D0009446119C63441093944200DD1400002CC9
:1093E00014DD099B7C603B601B9B0837E618319BB2
:1093F000329601333193072B08DD0B990A9830AA76
:1094000001F0E2FA002800D0DFE133AFE343DB17DD
:109410001C40119B10261C1B002C00DD8DE0119AB6
:10942000099B9446634409936B050CD5139B002B51
:1094300000D09DE0129B002B00D09CE0099B109A6D
:10944000934200D909922A9B0E9A934201DBEB07C3
:1094500016D5209B189A3B60189B7B60329B08377F
:109460009B183293319B01333193072B08DD0B9905
:109470000A9830AA01F0A8FA002800D0A5E133AF7D
:10948000099A109B2A9E9B1A0E9A961B9E4200DDFB
:109490001E00329B002E13DDF3183293319B099A84
:1094A00001333A607E6031930837072B08DD0B9952
:1094B0000A9830AA01F088FA002800D085E133AF7D
:1094C0000E9B2A9C1C1BF343DB171E40A41B10267B
:1094D000002C00DCBEE63900319B0E48329A013385
:1094E00008313860102C00DCEDE610327E603292DC
:1094F0003193072B08DD0B990A9830AA01F064FA22
:10950000002800D061E133A90F00103CE3E7C0461A
:10951000AA030308AC03030810327E603292319331
:10952000072B08DD0B990A9830AA01F04DFA0028A4
:1095300000D04AE133A90F00103C3900319BB948F3
:10954000329A013308313860102CE5DC7C60A418B5
:109550000F0032943193072B00DC60E70B990A98D7
:1095600030AA01F031FA002800D02EE133AF56E7DF
:10957000129B002B5FD0129B013B1293219B1D9AE3
:109580003B601D9B7B60329B08379B183293319B5D
:1095900001333193072B08DD0B990A9830AA01F0AB
:1095A00013FA002800D010E133AF099A109B9B1AE0
:1095B000149A16789E4200DD1E00329B002E13DDA9
:1095C000F3183293319B099A01333A607E603193EC
:1095D0000837072B08DD0B990A9830AA01F0F4F937
:1095E000002800D0F1E033AF149B1C78F343DB1765
:1095F0001E40A41B002C18DD3900319B8948329A8B
:10960000013308313860102C1CDC7C60A4180F007A
:1096100032943193072B08DD0B990A9830AA01F098
:10962000D3F9002800D0D0E033AF149B099A1B78FF
:10963000D3180993FAE6149B013B1493139B013B47
:1096400013939BE710201218786032923193072B06
:1096500008DD0B990A9830AA01F0B6F9002800D06D
:10966000B3E033A90F00103CC6E73C001B9E319BC2
:109670000E9A013601330834012A03DC0122154217
:1096800000D180E0099A32963A60012231937A60E3
:10969000072B08DD0B990A9830AA01F095F90028EC
:1096A00000D092E033AC209B189A2360189B636033
:1096B000329B08349B183293319B01333193072B33
:1096C00007DD0B990A9830AA01F07EF900287CD1B9
:1096D00033AC319B00221698179910930E9B329E43
:1096E0005F1E0023D6F7BCFE002826D1099B109AE6
:1096F000013323600E9B013E0132F61867603296FB
:1097000031920834072A07DD0B990A9830AA01F034
:109710005BF9002859D133AC2CAB2360229B229AF1
:109720006360329B9B183293319B01333193072B3B
:1097300000DD2FE6083427008CE50E9B1026012B58
:10974000EADD2100319B3748329A0133083120602D
:10975000102F07DC67600C00BA1832923193072B88
:10976000DADDD1E71032666032923193072B07DDE4
:109770000B990A9830AA01F027F9002825D133A9BE
:109780000C00103FDDE70999329606C73193E6E7F2
:10979000199B1C9A10259C1A002C00DC5DE5319B5E
:1097A0002149329A01333960102C19DC12197C607E
:1097B00032923193072B00DC4FE50B990A9830AABF
:1097C00001F002F9002800D147E50C9B002B01D1E4
:1097D000FFF762FA19000A98FDF786FDFFF75CFAB9
:1097E00010327D60329231930837072B07DD0B99D9
:1097F0000A9830AA01F0E8F80028E6D133AF103C0F
:10980000CDE70C990A98FDF76FFD3FE5329B002BE1
:1098100001D1FFF741FA0B990A9830AA01F0D4F868
:10982000FFF73AFAAC030308BC0303082C00002A34
:1098300001D1FEF7B4FF012801D1FFF7FDFB5CABBE
:109840000993022800D14BE4099A07211300013B38
:109850000993069B0B40099930330B700799490710
:109860008C4665460699C80807990543C9080791BB
:109870002900079806950143E6D1E10707D5302B6B
:1098800005D03021099B013B1970931E0993099A59
:109890005CAB1B969E1A002325000C931293139326
:1098A0001193FFF70DF9C04670B505000C1E19D0D5
:1098B000002804D0436B002B01D1FDF7B3FA636E8F
:1098C000DB0705D4A3899B0502D4A06DFDF77EFCC0
:1098D0000C22A35E002B08D1636EDB0702D4A06DBF
:1098E000FDF775FC0026300070BD2100280000F057
:1098F00037F8E36A0600002B06D02800E169984794
:10990000002801DA01267642A3891B0603D5280028
:109910002169FDF7E9FC216B002908D023004033C1
:10992000994202D02800FDF7DFFC00232363616C1D
:10993000002904D02800FDF7D7FC00236364FDF75D
:1099400061FA0023A381636EDB0702D4A06DFDF7EB
:109950003EFCA06DFDF739FCFDF75CFAC3E70000A3
:10996000F7B50C228B5E05000C001A075ED480222E
:1099700012011A438A814A68002A02DCCA6B002A53
:1099800052DDA76A002F4FD0002280202E682A6067
:109990001A004001E1690240034237D0226DA389D9
:1099A0005B0706D56368D21A236B002B01D0E36BEB
:1099B000D21A00232800A76AE169B847431C06D1E0
:1099C0002A681D2A4AD82C4B1341DB0746D40C22A7
:1099D000A35E2A4A1A40A2810022626022692260A4
:1099E000DB0405D5431C02D12B68002B00D1206578
:1099F000216B2E60002917D023004033994202D0FA
:109A00002800FDF771FC002323630DE001232800EB
:109A1000B8470200431CC2D12B68002BBFD01D2BBE
:109A200001D0162B1AD12E6000201EE00E69002EE8
:109A3000FAD00F680E60BA1B019200229B0700D17A
:109A40004A69A260019B002BEEDD636A32001F00B1
:109A50002800019BE169B847002807DC402301206A
:109A6000A289404213431BB2A381FEBD019B36185D
:109A70001B1A0193E6E7C046FEFFBFDFFFF7FFFFBB
:109A800070B505000C00002804D0436B002B01D1F9
:109A9000FDF7C8F90C22A35E1E1E15D0626ED20718
:109AA00004D49B0502D4A06DFDF790FB2100280093
:109AB000FFF756FF636E0600DB0705D4A3899B05FD
:109AC00002D4A06DFDF783FB300070BD00487047E5
:109AD0005007002070B5074C074D641BA410002CE4
:109AE00002D103F005F870BD013CA300EB58984784
:109AF000F5E7C046D4040308D0040308C9B28218AD
:109B0000904201D10020704703788B42FBD0013096
:109B1000F6E7000070B5140000252560104D4B00DD
:109B20000A005B08AB421AD81D00054317D00D4D43
:109B3000294209D100220C4BD8F72EF836250A000D
:109B40004B006D425B082560084D1B155B192568AD
:109B5000EB182360064B1A40064B1343190070BDE7
:109B6000FFFFEF7F0000F07F0000504302FCFFFF8B
:109B7000FFFF0F800000E03FF7B51C4F040038687E
:109B8000160001930091FDF721FB194A1368002B81
:109B900001D1184B13605A6838681F2A04DDFDF79D
:109BA00016FB01204042FEBD002C14D09100591834
:109BB0000F0088373E6001271E0097408536FF362C
:109BC0007568FC313D437560019DCD60022C02D16A
:109BD000B1683943B160511C59600232009992005A
:109BE000D150FDF7F4FA0020DDE7C046F008002070
:109BF000B4A80120B8A801207FB514001A00094BB1
:109C000005001B680E00D868074B002C01D1074BDC
:109C10001C000749019302942B00009600F0C4FE3B
:109C200001F0D9FECC070020CC0303080704030889
:109C3000D9030308F8B500240B0C160CA34233D14A
:109C4000A64221D18BB291B25943FBF7BFFD051E4D
:109C500032D00300083B5A6803239A43043A242A6B
:109C600032D80300132A0AD90460446008331B2A3F
:109C700005D98460C460242A21D003001033002257
:109C80001A605A609A6018E0331C0D1C89B292B2B7
:109C90009BB24A43ADB25D43110C69180B0C07D15E
:109CA000090492B21143D0E7002E01D1151CEDE753
:109CB000FDF760FA0C23036000252800F8BD0300BF
:109CC000046118334461DAE70021FDF76CF9F4E729
:109CD000F0B502690F6987B006000B000020029101
:109CE000BA426DDB013FBC00143305931B1903938B
:109CF000330014331C19019323680493039B0498C5
:109D00001D6801352900D6F725FA049B0090AB4267
:109D10002BD3059B019D9C4600230593049362462B
:109D200008CA28689446009A99B25143059A1B0CB8
:109D30008918009A53430A0C9B181A0C89B2059291
:109D400082B2521A0499000C52189BB21114C31A11
:109D50005B18191492B21B041A43039B049104C5A7
:109D60006345DCD22368002B30D030000299FEF727
:109D700063F9002823DB34000025029914341431E0
:109D8000236801C902936B461B8982B29A1A029B0F
:109D90005219000C1B0C1B1A10141B181D1492B224
:109DA0001B041A43039B04C48B42E9D2019ABB00F3
:109DB000D3181A68002A13D0009B0133009300982F
:109DC00007B0F0BD2368002B04D1013F019B043C88
:109DD000A342F7D33761C8E71A68002A04D1013FCC
:109DE000019A043B9A42F7D33761E5E7F0B51400D6
:109DF0001D00816B9DB00A940B95259E0390002950
:109E000009D00123C26B93404A608B60FDF7B2FE1C
:109E10000023039A9363002D1EDA012333606B0045
:109E20005B080B930B9FB64BB54A3B40934216D150
:109E3000B44B249A13603B031B0B234301D100F066
:109E400085FDB14B269A0893002A02D0AF4B269A83
:109E5000136008981DB0F0BD00233360E2E70A9A52
:109E60000B9B129213931298139900220023D6F79A
:109E7000F7FA061E0BD00123249A1360269B002BB1
:109E800002D0A34B269A1360A24B0893E1E71AABCA
:109E900001931BAB00930398129A139BFEF7EEF904
:109EA0007A000590520D00D17BE0139B18961903A0
:109EB000994B090B0B43994957181298139919009C
:109EC0000022974BD8F730F9964A974BD7F764FEA4
:109ED000964A974BD6F7B8FE040038000D00D8F725
:109EE0001DFD944A944BD7F757FE02000B0020004B
:109EF0002900D6F7A9FE04000D00D8F7D3FC0022F4
:109F00000490002320002900D6F7B0FA00280BD0D7
:109F10000498D8F703FD2B002200D6F7A1FA43429C
:109F20005841049B1B1A049301231593049B162B81
:109F300010D812981399049A804BD2009B181A6873
:109F40005B68D6F793FA002847D0049B013B049343
:109F50000023159300221A9B0692DB1B5A1E3ED546
:109F60000122D31A069300230D93049B002B38DBA8
:109F7000049A0D9B944663440D93002314920F930F
:109F8000229B0124092B67D8052B02DD0024043B0A
:109F90002293229B981E032867D8D6F7C7F82B3A3E
:109FA000385B1B9B1A9EF618654BF218202A0FDDB2
:109FB00040239B1A9F40634B3800F318DC4020433A
:109FC000D8F7DAFC0122604B771ECB18189276E79F
:109FD000202320009B1A9840F2E71590BAE70D92D3
:109FE000C3E7069B049A9B1A069353420F930023E0
:109FF0001493C5E700231093239B0E930993002B22
:10A0000013DC01231A000E93099323920DE0012320
:10A01000F1E70023239A10939446049B63440E9324
:10A0200001330993002B00DC0123002104221000DE
:10A03000143098421DD9039B1800D963FDF772FDB7
:10A040000890002818D1B021404B4148089AFF31B0
:10A05000FFF7D2FD0123DDE7002310942293013B9B
:10A060000E93099300221333CFE701231093023B91
:10A07000F6E701315200DAE7039B089A9A63099BDD
:10A080000E2B00D9D7E0002C00D1D4E0049B002B8C
:10A0900062DD0F21049A294B0A40D2009B181E68EA
:10A0A0005F68049B02241D11DB050AD5294B0D4076
:10A0B0001A6A5B6A12981399D7F72AF90A900B91DA
:10A0C0000134244B0C93002D08D10A980B993200CF
:10A0D0003B00D7F71DF90A900B9158E001231D4270
:10A0E00009D0E4180C9B30001A685B683900D7F778
:10A0F00053FD06000F000C9B6D100833E2E7C046CD
:10A100000000F07F0F270000110403081404030867
:10A11000AB030308AA0303080000F03F01FCFFFFA4
:10A120000000F83F61436F63A787D23FB3C8608BDD
:10A13000288AC63FFB799F501344D33FB0020308DF
:10A140003204000012040000000010FEB1010308F8
:10A150001504030888020308049B0224002B16D070
:10A16000129813990F225D422A40C34BD2009B18CC
:10A170001A685B68D7F710FD012700230A900B913E
:10A18000BE4E2D11002D00D0BAE0002BA3D10A9EA7
:10A190000B9F159B002B00D1BDE000223000390041
:10A1A000B74BD6F763F9002800D1B4E0099B002B28
:10A1B00000D1B0E00E9B002B39DD049B0022013B57
:10A1C0000C933000AF4B3900D7F7E6FC0A900B91A7
:10A1D0000E9B013420001193D8F7A0FB0A9A0B9B29
:10A1E000D7F7DAFCA84B0022D6F72EFDA74B0600C6
:10A1F000CF18119B002B00D091E00A980B990022F8
:10A20000A34BD7F791FF32003B0004000D00D6F7B7
:10A2100041F9002800D0A1E2802109067B18320014
:10A2200020002900D6F722F9002800D044E1129B33
:10A23000139C0A930B941B9B002B00DA7BE1049A7E
:10A240000E2A00DD77E18C4BD2009B185C681B68FE
:10A2500006930794239B002B03DA099B002B00DC59
:10A260001AE10A9E0B9F099B089D013B5B190A930B
:10A27000069A079B30003900D7F74AF8D8F712FB47
:10A280000990D8F74BFB069A079BD7F785FC02008D
:10A290000B0030003900D7F747FF2B00099A013532
:10A2A00030321A700A9A2C009A4200D035E102002E
:10A2B0000B00D6F7C9FC069A079B06000F00D6F7DD
:10A2C000E9F8002800D013E1069A079B3000390016
:10A2D000D6F7C6F8002803D0099BDD0700D507E1B3
:10A2E00005990398FDF746FC00232370049B249AEC
:10A2F00001331360269B002B00D1AAE51C60A8E562
:10A300003D4205D032687368D7F746FC3B00013404
:10A310006D10083636E7049B0C93099B5AE7119A97
:10A32000554B013AD20010999B181A685B680029B6
:10A3300050D000205749D6F7EBFF32003B00D7F74B
:10A34000F3FE089A060094460F00089B1693119B93
:10A35000634411930A980B99D8F7A4FA0500D8F72B
:10A36000DDFA02000B000A980B99D7F7DDFE169B69
:10A3700030350A900B9102005C1C1D7030000B0000
:10A380003900D6F787F800286CD10A9A0B9B002079
:10A390003B49D7F7C9FE02000B0030003900D6F761
:10A3A00079F8002800D0A5E0119BA34200D13EE738
:10A3B000002230003900334BD7F7EEFB00220600B5
:10A3C0000F000A980B992F4BD7F7E6FB16940A90CB
:10A3D0000B91BFE730003900D7F7DEFB089D119ADB
:10A3E0002B00944616901791634419930A980B9981
:10A3F000D8F758FA0400D8F791FA0B0002000A982F
:10A400000B99D7F791FE3034199B2C70013506005B
:10A410000F00AB4229D116981799089B119C9C46B6
:10A4200000221C4B6444D6F70FFC02000B003000E6
:10A430003900D6F72FF800285CD1169A179B002018
:10A440001449D7F771FE02000B0030003900D6F72F
:10A450000DF8002800D1EAE62300013C2278302ADA
:10A46000FAD01C000C9B04933AE70022054BD7F767
:10A4700093FB0A900B91B9E7B00203088802030826
:10A480000000F03F0000244000001C400000C0FC21
:10A49000000014400000E03F099B002B0CD10698FF
:10A4A00007990022BE4BD7F777FB0A9A0B9BD5F78B
:10A4B000FBFF002800D154E100263700239B089CB5
:10A4C000DB430C930023049331000398FDF752FB08
:10A4D000002FC7D0049B002B05D0BB4203D019002E
:10A4E0000398FDF747FB39000398FDF743FBB9E7F5
:10A4F000049B0C9323001C00013B1A78392A08D1D5
:10A50000089A9A42F7D10C9A089901320C9230229B
:10A510000A701A7801321A70A4E70022A14BD7F70B
:10A520003BFB0022002306000F00D5F799FF00280F
:10A5300000D19DE6D4E6109F0F9D069C002F14D0FD
:10A54000229A012A00DDC8E0189A002A00D1BEE054
:10A55000954A9B18069A0121D21806920D9A0398E3
:10A56000D3180D93FDF7F0FB0700002C0ED00D9BC8
:10A57000002B0BDD0D9A2300944200DD1300069A98
:10A58000E41AD21A06920D9AD31A0D930F9B002B40
:10A590001FD0109B002B00D1B5E0002D10D039004A
:10A5A0002A000398FDF79AFC059A0100070003981A
:10A5B000FDF7E2FB060005990398FDF7DBFA059627
:10A5C0000F9B5A1BAB4204D005990398FDF786FCFC
:10A5D000059001210398FDF7B7FB149B0600002BA3
:10A5E00000D1BDE11A0001000398FDF777FC229B22
:10A5F00006000025012B16DC00250A9BAB420ED17C
:10A600000B9B1B03AB420AD1684B0B9A134206D03B
:10A61000069B0135013306930D9B01330D93149B6B
:10A620000120002B08D0336903339B00F3185868CE
:10A63000FDF73AFB2023181A0D9B181802001F2360
:10A640001A40184265D001339B1A042B5DDD1C2390
:10A650009B1A069AE418D21806920D9AD3180D93F5
:10A66000069B002B05DD1A0005990398FDF778FC81
:10A6700005900D9B002B05DD31001A000398FDF7B6
:10A680006FFC0600159B002B45D031000598FDF7A7
:10A69000D3FC00283FDA049B0A22013B0C93059966
:10A6A00000230398FDF770FA109B0590002B00D152
:10A6B0005DE1002339000A220398FDF765FA0E9B3D
:10A6C0000700002B55DC229B022B2DDC51E03623AA
:10A6D0001A9A0F9D069C9B1A3CE7099B5D1E0F9BD7
:10A6E000AB4208DB5D1B099B069C002B00DB31E7BE
:10A6F000E41A00232EE70F9B149AEB1AD3180F9538
:10A7000014930025EFE70F9A5EE7042BA8D01C33C3
:10A710009FE71300FBE7049B0C93099B0E93002B10
:10A7200023DC229B022B20DD0E9B002B00D0C5E6F4
:10A73000310005220398FDF727FA0600010005986D
:10A74000FDF77AFC002800DCB8E6089B089A5C1C40
:10A75000312313700C9B01330C93B3E6119E370029
:10A76000F3E7049B099E0C93F9E7109B002B00D1A3
:10A7700001E1002C05DD390022000398FDF7F0FB14
:10A7800007003800002D26D079680398FDF7CAF934
:10A79000041E13D12200064B0648074958E4C04660
:10A7A0000000144000002440330400000000F07F4B
:10A7B000B101030815040308EF02000039003A69EB
:10A7C0000C31023292000C30FCF715FD0122210001
:10A7D0000398FDF7C5FB089B0E9A0693013B9B1857
:10A7E0000122049707000F930A9B13400E93310038
:10A7F0000598FFF76DFA049905000A900598FDF792
:10A800001BFC3A000D9031000398FDF731FC01224A
:10A81000C368040030350992002B04D1010005986B
:10A82000FDF70AFC099021000398FDF7A3F9069BA8
:10A83000099A5C1C229B13430E9A134309D1392DAC
:10A8400022D00D9B002B01DD0A9D3135069B1D702A
:10A850003AE60D9B002B04DB229A13430E9A134316
:10A860001ED1099B002BF1DD059901220398FDF70C
:10A8700077FB31000590FDF7DFFB002802DCE5D116
:10A88000EB07E3D5392DDFD13923069A1370230066
:10A890001C00013B1A78392A4FD001321A7013E696
:10A8A000099B002B03DD392DEED00135CEE7069B49
:10A8B000069A1D700F9B93422AD000230A22059905
:10A8C0000398FDF761F9049B0590BB4209D1002371
:10A8D0000A2204990398FDF757F90490070006949B
:10A8E00085E7049900230A220398FDF74DF9002318
:10A8F00004900A2239000398FDF746F9EEE70E9B13
:10A900000124002B00DD1C00089B1C19002304936C
:10A91000059901220398FDF723FB31000590FDF70F
:10A920008BFB0028B3DC01D1ED07B0D423001C0061
:10A93000013B1A78302AFAD0C6E5089A9A42A7D184
:10A940000C9B01330C9331231370BDE5144B269AF5
:10A950000893144B002A01D0FFF779FAFFF779FA30
:10A96000229B012B00DC47E60120149D64E60E9B30
:10A97000002B00DCD5E6002431000598FFF7A8F98C
:10A98000089B303018550E9B013405009C42B6DA06
:10A9900000230A2205990398FDF7F6F80590EBE7E6
:10A9A00008040308100403080EB417B5054C05ABE2
:10A9B00004CB01002068019300F0C0F81EBC08BC65
:10A9C00003B01847CC070020F0B5136887B0170014
:10A9D0000393936800220C001600059002929342A4
:10A9E0000BD1002000237B6007B0F0BD039B1B68E8
:10A9F0000293039B5E6808330393A5682368002EC7
:10AA0000F4D0AE4232D30C21625E9021C9000A42DA
:10AA10002CD0032021695B1A049363694343D80F48
:10AA2000C3185B100193049B019801339B19834267
:10AA300000D90193520530D501990598FAF7C6FE61
:10AA4000051E34D0049A2169FCF7D5FBA2891E4B60
:10AA50001A4080231343A381049B2561ED182560D0
:10AA60003500019B049A63619B1AA360B54200D92B
:10AA700035002A0002992068FCF782FAA3685B1B64
:10AA8000A36023685B192360029B9B190293BB6838
:10AA90009B1BBB60A5D00026AFE7019A0598FBF78A
:10AAA000D9F8051ED8D121690598FCF71DFC0C23A7
:10AAB000059A01201360A28934331343A381002334
:10AAC0004042BB608EE7C0467FFBFFFFF0B5936856
:10AAD00085B001900D001400181E08D04B6E9B0429
:10AAE00027D51668A068002805D10023A36000239D
:10AAF000636005B0F0BD002733680293736800936C
:10AB00009B080393039BBB4208DC0323009A08368F
:10AB10009A431300A268D31AA360E3E70299BB002B
:10AB2000C9582A00019800F02DFF431CDDD00137E1
:10AB3000E8E7019800F030FDD7E70000F0B5C1B0BC
:10AB40001C001D00069004910792002804D0436B5E
:10AB5000002B01D1FCF766F9049B5B6EDB0707D481
:10AB6000049B9B899B0503D4049B986DFCF72EFBEB
:10AB7000049B0C229A5E80239B011A4207D1134347
:10AB8000049A9381536EA74A1340049A5366049B18
:10AB90009B891B0703D5049B1B69002B18D10499C3
:10ABA000069800F053FE002812D0049B5B6EDB0772
:10ABB00005D501235B420893089841B0F0BD049B82
:10ABC0009B899B05F5D4049B986DFCF700FBF0E78F
:10ABD000049B0C229B5E1A221A400A2A16D1049A60
:10ABE0000E21525E002A11DB049A526ED20705D460
:10ABF0009B0503D4049B986DFCF7E9FA2300079AA0
:10AC00000499069800F084FC0890D5E7002317AE5D
:10AC100014961693159303960C930D930E930F931E
:10AC20000893079C2378002B02D0252B00D087E0C7
:10AC3000079BE71A9C4210D0039A1360169B57603B
:10AC4000DB191693159B01331593072B7ADC130040
:10AC500008330393089BDB1908932378002B01D159
:10AC600000F011FC002212A9CA700121631C14001B
:10AC70004942059109925A1C1B7807921800203806
:10AC80005A2800D95CE3D5F75BFAA0005B035B03AD
:10AC9000A9005B035B035B0385005B035B03AB0005
:10ACA000B3005B03B100B7005B03DC00DE00DE0035
:10ACB000DE00DE00DE00DE00DE00DE00DE005B0324
:10ACC0005B035B035B035B035B035B035B035B0394
:10ACD0000601EA015B035B035B035B035B035B034E
:10ACE0005B035B035B035B0341025B035B035B038F
:10ACF0007A025B0394025B035B03C2025B035B03A8
:10AD00005B035B035B035B035B035B035B035B0353
:10AD10000601EC015B035B035B03EF00EC01020146
:10AD20005B03FB005B03260243026E0202015B032E
:10AD30007A02A70096025B035B0367005B03A70030
:10AD400001346FE70499069814AAFFF7BFFE0028A4
:10AD500000D073E317AB7CE7334A20000C9220222B
:10AD60001040144200D154E2193A0735954306CDFC
:10AD700000910192E20709D5009A01990A4305D092
:10AD800013AA30215370022311701C43274B1C401F
:10AD90000223CBE10698FEF799FE436818000F9353
:10ADA000D5F7BCF90E900698FEF790FE83680D93D8
:10ADB0000E9B002B10D00D9B002B0DD01B78002B71
:10ADC0000AD08023DB001C4306E012ABDA780333A1
:10ADD000002A01D120321A70079B4CE70123F2E7C9
:10ADE00008CD0993002BF7DA5B4209930423EAE7C5
:10ADF0002B2212ABDA70EFE7079B5A1C1B782A2B29
:10AE000016D000210A20059119003039079209292E
:10AE100000D933E7059B43435B1805931378013250
:10AE2000F2E7C046FFDFFFFF88030308FFFBFFFFD9
:10AE300008CD0593002B02DA01235B4205930792AC
:10AE4000CAE78023BFE70021079A09910A310998D0
:10AE5000303B48431B1809931378013218003038EF
:10AE60000928F4D9079209E7079B1B78682B05D1BD
:10AE7000079B0133079380239B00A4E74023A2E7AD
:10AE8000079B1B786C2B04D1079B0133079320236E
:10AE900099E7102397E704CD27AB1A70002212A977
:10AEA000CA7001211E0005910B920B9B059A0A9313
:10AEB000934200DA0A9212AB03331B785A1E934175
:10AEC0000A9AD3180A9302232340109302231C42A8
:10AED00002D00A9B02330A93842322001A40119263
:10AEE0001C4221D1099B0A9A9F1A002F1CDD169B38
:10AEF00003999C46CB48159B039A01330831106097
:10AF0000102F00DD29E257606744169715930391CF
:10AF1000072B09DD0499069814AAFFF7D7FD00282E
:10AF200000D08BE217AB039312A9C878169A159B31
:10AF3000033100280DD0039801330160012152181C
:10AF4000416016921593072B00DD19E203000833C8
:10AF500003931099169A159B00290ED0039813A9F4
:10AF60000160022101335218416016921593072B9C
:10AF700000DD0EE2030008330393119B802B21D1E7
:10AF8000099B0A9A9F1A002F1CDD169B03999C4669
:10AF9000A548159B039A013308311060102F00DD7E
:10AFA00000E257606744169715930391072B09DD5C
:10AFB0000499069814AAFFF789FD002800D03DE205
:10AFC00017AB03930B9B059A9F1A002F1CDD169B52
:10AFD00003999C469448159B039A013308311060ED
:10AFE000102F00DDF1E15760674416971593039128
:10AFF000072B09DD0499069814AAFFF767FD0028BE
:10B0000000D01BE217AB0393039A059B16605360B5
:10B01000169B059A9B181693159B01331593072BC6
:10B0200000DDE5E1039E0836640700D5E9E1099BF0
:10B030000A9A934200DA1300089AD3180893169BD1
:10B04000002B07D00499069814AAFFF73FFD0028AB
:10B0500000D0F3E10023159317AB0393E1E5102330
:10B060001C43A30628D5072307359D430CCD00922A
:10B070000193019A0123002A09DA009E019F002210
:10B080007142BA41009101922D2112AAD170019909
:10B09000009A0A430599013100D102E2802127007C
:10B0A0008F43002A00D000E2059A002A00D13DE13A
:10B0B000012B00D0FCE1D8E008CDE20603D50093D7
:10B0C000DB170193D5E7620601D51BB2F7E7A205AE
:10B0D000F5D55BB2F3E7A30606D52B68089A1A608C
:10B0E000D2175A6004359CE5E30603D52B68089A0D
:10B0F0001A60F7E7630603D52B68089A1A80F1E710
:10B10000A405F3D52B68089A1A70EBE710231C43AB
:10B110002023200018401C420BD0193B07359D43CB
:10B120000CCD00920193414B1C400023002112AA38
:10B13000ACE71022210008CD1140144202D0009348
:10B140000190F0E7402220001040144203D09BB24F
:10B1500000930191E7E78022210092001140144200
:10B16000F6D0DBB2EBE708CD31490093002313AAF8
:10B170001180304A019302331C430C92D6E700271A
:10B1800008CD1E0012ABDF70059B01330CD03900D7
:10B190003000059AFEF7B2FC0B90B84200D184E66D
:10B1A000831B05930B9780E63000D4F7B7FF05901B
:10B1B000F8E710231C432023200018401C4207D02E
:10B1C000193B07359D430CCD009201930123ADE758
:10B1D0001023210004CD19401C4203D0009201909D
:10B1E0000F3BA3E74023200018401C4203D093B23A
:10B1F00000930191EAE7802321009B0019401C4243
:10B2000003D0D3B200930190E0E70092F1E70A4A3D
:10B21000A3E51021270004CD0F400C420ED0009270
:10B220000190A7E57D0403086D040308FFFBFFFF01
:10B2300030780000880303089903030840212000A8
:10B2400008400C4203D092B20092019792E580210F
:10B25000270089000F400C42F6D0D2B2DFE7019BF5
:10B26000002B0BD1009B092B08D8009B3033DBB29D
:10B27000B72212A952181600137040E140AB1E000D
:10B2800080230024DB003B400A930A2200980199A6
:10B290000023D5F74DF933003032013B1E001A7000
:10B2A0000A9B0B9010910134002B1AD00D9B1B7838
:10B2B000A34216D1FF2C14D0019B002B02D1009B7E
:10B2C000092B0ED90E9A0F99B31A18001E00FBF71E
:10B2D0009EFE0D9B00245B785A1E93410D9AD31855
:10B2E0000D93019B002B03D1009B092B00D806E195
:10B2F0000B9B0093109B0193C7E740AB1E000F20F0
:10B300003300013B1E00009B0C9A0340D35C33705A
:10B31000019B1907009B1A09019B11431B0901930B
:10B320000B00019A00911343EAD1E8E040AA16000D
:10B33000002B00D0E3E0E40700D4E0E0303397E7EF
:10B34000002B00D19FE027AA1370002312A9CB7015
:10B350000121160005910B93A7E51020506062466D
:10B36000121816921593072B07DD0499069814AA54
:10B37000FFF7ACFB002861D117A9103F0391B6E598
:10B380000499069814AAFFF7A1FB002856D117AB21
:10B39000DEE50499069814AAFFF798FB00284DD122
:10B3A00017ABE9E51020506062461218169215930B
:10B3B000072B07DD0499069814AAFFF787FB0028DE
:10B3C0003CD117A9103F0391DFE510205060624681
:10B3D000121816921593072B07DD0499069814AAE4
:10B3E000FFF774FB002829D117A9103F0391EEE560
:10B3F0000499069814AAFFF769FB00281ED117AE1E
:10B4000012E6099B0A9A10279C1A002C00DC0EE613
:10B4100015993E4A169B01313260102C22DC746073
:10B42000E41816941591072900DC00E604990698A3
:10B4300014AAFFF74BFB002800D1F8E5049B5B6ED4
:10B44000DB0707D4049B9B899B0503D4049B986D61
:10B45000FBF7BDFE049B9B895B0601D4FFF7ACFBA9
:10B46000FFF7A7FB1033776016931591083607296D
:10B4700007DD0499069814AAFFF728FB0028DDD100
:10B4800017AE103CC4E7169B002B02D10023159386
:10B49000D4E70499069814AAFFF718FB0028F5D002
:10B4A000CCE72700002A00D102E6012B00D1D6E626
:10B4B000022B00D121E740AB1E0007239C4633003E
:10B4C000013B32001E00634600990B400199303366
:10B4D0004C0700993370C80801990443C9080191C9
:10B4E0002100019800940143E9D1F90707D5302BD9
:10B4F00005D033003021013B1970931E1E00059BBF
:10B500003C000B9340AB9B1B0593CEE47D040308EA
:10B51000F0B5150002221E4C1F008B89A5449343F1
:10B520006A4693814B6E06001993CB8916A8D38186
:10B53000CB690C0007934B6A09931AAB00930493F1
:10B540008023DB000293059300230693FBF73CFE68
:10B550002A003B0069463000FFF7F0FA051E07DBC2
:10B5600069463000FEF78CFA002801D001256D42B3
:10B570006B469A8940231A4202D0A2891343A381C1
:10B580001698FBF722FE2800024B9D44F0BDC046F2
:10B5900094FBFFFF6C040000F0B5936887B00C00CB
:10B5A00002900492002B02D1002007B0F0BD8B89DD
:10B5B0001B0756D50B69002B53D0049B1B680193C6
:10B5C0000C22A35E02221E00164013426FD10122FC
:10B5D00001211A400B4200D1A2E03000370003964F
:10B5E000002F00D10AE100280AD13A000A2103986D
:10B5F000FEF784FA7E1C002802D0039B0130C61A95
:10B600000596BE4200D9059720682269A56863693E
:10B61000904200D8FBE0059AED18AA4200DCF6E063
:10B6200003992A00FBF7ACFC236821005B19029800
:10B630002360FEF725FA00286DD10120761B05D185
:10B6400021000298FEF71CFA002864D1039B049A9B
:10B650005B190393049B7F1B9B685B1B9360BFD1AB
:10B66000A2E72100029800F0F1F80028A5D00120FF
:10B6700040429AE7019B1E685D6808330193676A40
:10B68000E169002DF6D06E4A2B00954200D91300D7
:10B6900032000298B84700283DDD049B049A9B685D
:10B6A00036181B1A2D1A9360002BE8D17CE7002670
:10B6B0003500E4E7019B1B680393019B5D68083339
:10B6C00001930C22A35E2068A668002DF2D0802290
:10B6D0009200134262D0AE4237D89022D200134279
:10B6E00033D02169421A0320059262694243D70F81
:10B6F000BF18059A7F1001325219BA4200D91700BB
:10B700005B053CD539000298FAF760F8061E0AD1AD
:10B710000C23029A13604023A2891343A381A6E756
:10B7200015000392CDE7059A2169FBF764FDA28914
:10B73000444B1A4080231343A381059B2661F618CE
:10B7400026602E006761FF1AA7602F00AE4200D965
:10B750002E00320003992068FBF712FCA3689B1BA4
:10B76000A36023689B192360039B049ADB1903934E
:10B77000049BED1B9B68DB1B9360A2D114E73A008E
:10B780000298FAF767FA061ED7D121690298FBF7EB
:10B79000ABFD8022A3899343A381B9E72369834248
:10B7A00002D36769AF4216D9AE4200D92E003200EB
:10B7B0000399FBF7E5FBA36822689B1B92193700EE
:10B7C000A3602260002BCFD121000298FEF758F928
:10B7D0000028C9D09FE7802328001B069D4200D384
:10B7E00019483900D4F740FD3B00666A4343039A89
:10B7F000E1690298B047071EB6DC8CE7019B002088
:10B800001B680393019B5F6808330193E8E6059A80
:10B81000934208DC656A039AE1690298A847051E0D
:10B8200000DD0AE777E7059A0399FBF7A9FB059A7C
:10B83000A36815009B1AA36023689B182360FCE68D
:10B8400000FCFF7F7FFBFFFFFFFFFF7F2D4B70B5ED
:10B85000050018680C00002804D0436B002B01D1B0
:10B86000FBF7E0FA0C23E25E130723D4D30607D4D8
:10B8700009232B60402301201343A38140423AE077
:10B88000520713D5216B002908D023004033994279
:10B8900002D02800FBF728FD002323632422A3897C
:10B8A0009343A38100236360236923600823A28953
:10B8B0001343A3812369002B0BD1A0218022A389EC
:10B8C000890092000B40934203D02100280000F031
:10B8D000CDF80C23E25E012113000B400A420BD08D
:10B8E0000023A36063695B42A36100202369834254
:10B8F00001D11306BED470BD910700D46369A36063
:10B90000F3E7C046CC070020F0B585B00E00140068
:10B910000190FBF7C7FB0500012819D1731EFE2B10
:10B9200016D802AB1E710027AF4221D003ABD95D00
:10B93000A368013BA360002B04DAA26993421ADBDF
:10B940000A2918D023685A1C226019700137EBE7C6
:10B950002300320001985C3303A900F043F805008E
:10B96000431CE0D14023A2891343A38101267642E0
:10B97000300005B0F0BD2200019800F0B9F80130A8
:10B98000E4D1F3E7536E70B505000E001400DB0739
:10B9900005D493899B0502D4906DFBF717FC0C230B
:10B9A000E25E80239B011A4204D11A43A281626E97
:10B9B00013436366280022003100FFF7A5FF636E82
:10B9C0000500DB0705D4A3899B0502D4A06DFBF716
:10B9D000FEFB280070BD062010B500F005F901201F
:10B9E00001F07EF87FB51D00084B04001E682B0097
:10B9F000002901D10A0001A92000B047431C03D14E
:10BA000000232B608A33236004B070BD4007002000
:10BA100070B50E001D000E23C95E140096B00029FB
:10BA200009DAB2898023110019401A4218D1802303
:10BA3000DB00080010E06A4600F0E0F80028F0DBC8
:10BA4000F02301991B021940074B8020C9184B4273
:10BA5000594180230001DB002960236016B070BDCE
:10BA600000214023E5E7C04600E0FFFFF0B50226D5
:10BA70008B8905000C0085B0334207D02300433387
:10BA8000236023610123636105B0F0BD03AB02AA0B
:10BA9000FFF7BEFF029F019039002800F9F796FEDC
:10BAA000002808D10C22A35E9A05EDD4032293430B
:10BAB0001E43A681E2E78023A28920601343A3816D
:10BAC000039B20616761002B0CD028000E23E15EF0
:10BAD00000F0A6F8002805D00323A2899A43023B70
:10BAE0001343A381A389019A1343A381CCE70000E8
:10BAF000F8B506000D001400002804D0436B002B9D
:10BB000001D1FBF78FF9A369A360A3891B0702D5B5
:10BB10002369002B09D121003000FFF797FE002890
:10BB200003D001256D422800F8BD0C23E25E80237E
:10BB30009B01EFB2EDB21A4205D11343A381134A20
:10BB4000636E1340636623692068C01A6369834289
:10BB500005DC21003000FDF793FF0028E1D1A36848
:10BB60000130013BA36023685A1C22601F70636987
:10BB7000834204D0A389DB07D5D50A2DD3D1210078
:10BB80003000FDF77DFF0028CDD0CAE7FFDFFFFFC3
:10BB900070B504000D001F2904D91623036001208D
:10BBA000404270BD0300FC33DB69002B04D08A00E7
:10BBB0009B181A68002A08D1200000F055F82A00C6
:10BBC0000100200000F03EF8EBE7012A09D0511CEB
:10BBD00003D1162303600120E3E700212800196048
:10BBE00090470020DDE7000010B5034B0100186806
:10BBF000FFF7CEFF10BDC046CC070020002370B574
:10BC0000064D0400080011002B60F9F7A1FD431C4C
:10BC100003D12B68002B00D0236070BDACA801209D
:10BC2000002370B5064D040008002B60F9F781FD74
:10BC3000431C03D12B68002B00D0236070BDC0468D
:10BC4000ACA80120002370B5064D040008001100C7
:10BC50002B60F9F763FD431C03D12B68002B00D048
:10BC6000236070BDACA8012010B5F9F76BFD10BDC5
:10BC7000F7B514001D000090019100F06FF822004C
:10BC800006000F002B0020002900D6F7E9FD002850
:10BC90003FD10098019900220023D4F7E1FB00284E
:10BCA00019D00022002320002900D4F7D9FB002856
:10BCB00046D12000290000F049F8002829D00022B0
:10BCC000002320002900D4F7D1FB002821D0FBF766
:10BCD00051FA22231CE03000390000F037F8002828
:10BCE0001BD10098019900F031F8002815D02000F0
:10BCF000290000F02BF800280FD032003B00300064
:10BD00003900D6F7ADFD0028E1D0FBF733FA212347
:10BD100003603000390003B0F0BD00220023300082
:10BD20003900D4F79DFB0028F3D00098019900F06A
:10BD30000DF80028EDD02000290000F007F8C4E736
:10BD40000026014FE5E7C0460000F03F024B4800E7
:10BD50004008C018C00F704700001080F0B595B0C3
:10BD600002920393039B039A06935200029B52088C
:10BD700004921A000F00049906000A4319D1802189
:10BD80000903794002000B0092185B419B498B42EA
:10BD900006D801D000F0DEFC002A01D100F0DAFC68
:10BDA000029A039B30003900D4F74EFF00900191B6
:10BDB000AFE0934A7C0008970E906408944209D83B
:10BDC00001D10028ECD104998D4A914202D80CD1BE
:10BDD000002B0AD08B4BFB183343E1D18021039811
:10BDE000090348400300029ACEE70025089A0A9406
:10BDF000AA4268DA844A0499914263D8834A9142FC
:10BE000010D90A1582495218142A3BDD3421891AA7
:10BE1000029ACA4010008840984203D1012102359D
:10BE20000A40AD1A002B3DD03000390000F0C2FCB2
:10BE30000E9B00900191002B00D093E0754ABB004F
:10BE40009B08934202D0002C00D08BE0069B002B75
:10BE500007DA009A019B00206E49D5F759FA009045
:10BE60000191089B002B54DA664BE4182C4300D058
:10BE70006DE0009A019B10001900D6F755F90200F9
:10BE80000B001CE0002BCFD114339A1A049B1341F2
:10BE9000190091400A0004998A4203D10122022527
:10BEA0001340ED1A5B4B049A9A4236D1069B0096DA
:10BEB0000197002B2DDA32003B0000205549D5F7C1
:10BEC00027FA73E70225002BAED1049B4C4A93421C
:10BED000E8D14C4BE318334301D100F03BFC4B4B12
:10BEE0009C4209D9069B002B01DA00F037FC029B2B
:10BEF000039C009301940CE0069B002B01DB00F0F7
:10BF00002DFC802212069446029B0093039B6344FF
:10BF100001930098019915B0F0BD8023069ADB05C6
:10BF20009A4206D132003B0030003900D5F734FE8A
:10BF30003CE7394B069A9A4200D075E7089B002BE4
:10BF400000DA71E73000390000F0D2FC2EE7012D55
:10BF5000DFD1009880210200019809064318009261
:10BF60000193D6E7FB0F013B1A002A4304D13200AC
:10BF70003B003000390080E7013D00221D4315D011
:10BF8000244B089209938423049ADB059A4200D833
:10BF900002E1224B9A4212D91C4B9C4208D8069BC4
:10BFA000002B08DA002000F09BFCFFE61C4BE8E7C2
:10BFB000069B002BF6DC002000F08BFCF6E6194B0C
:10BFC0009C420BD80898099900230022D4F74EFA16
:10BFD000431E9841069B002BEEDAE4E70D4B00224E
:10BFE0009C4221D9089809990023D4F73FFA431EAF
:10BFF0009841069B002BD6DCDEE7C0460000F0FF30
:10C000000000F07F000010C0FFFF3F43FFFFEF3F45
:10C0100001FCFFFF0000F03F0000E03F0000F043A4
:10C020000000F0BFFEFFEF3F009801994F4BD6F79D
:10C030007BF8C0224E4BD20506000F00D5F7ACFDB1
:10C040004C4A049005914C4B30003900D5F7A4FDC3
:10C05000002200900191494B30003900D5F79CFD3A
:10C0600002000B0046484749D6F75EF832003B0015
:10C07000D5F792FD02000B0000204349D6F754F893
:10C08000320004000D003B0030003900D5F784FD7C
:10C0900002000B0020002900D5F77EFD3B4A344BFF
:10C0A000D5F77AFD02000B0000980199D6F73CF80D
:10C0B00002000B0004000D0004980599D4F7C4FD9C
:10C0C000049A059B002000900191D6F72DF80200FC
:10C0D0000B0020002900D6F727F8029B039C04934D
:10C0E000059400230493049C059D06000F0002980C
:10C0F000039922002B00D6F717F8009A019BD5F779
:10C100004BFD029A039B0690079130003900D5F74A
:10C1100043FD02000B0006980799D4F795FD220015
:10C120002B000290039100980199D5F735FD0B0083
:10C13000020006000F0002980399D4F785FD0090D5
:10C140000191019C124B06949C4200DC22E2114AB0
:10C15000A318009A134300D1A0E10898099900237D
:10C160000022D4F783F9431E98411CE70000F03FFA
:10C170004715F73F44DF5DF80BAE543E0000D03F5B
:10C18000555555555555D53F0000E03FFE822B656E
:10C19000FFFF8F40000070BFE04B00223B420BD1FD
:10C1A000009801990022DE4BD5F7F6FC352200906D
:10C1B0000191019B52420A930A9BDA491B155B18B5
:10C1C0009B180E930A9BD84D1B03D84A1B0B0026C5
:10C1D0001D43934209DDD64A0136934205DD0E9B8D
:10C1E0009B1900260E93D34BED1800980199290056
:10C1F000D14BF2009B185C681B680F920A930B945A
:10C200001A0023000C900D91D5F78EFF0C9A0D9B10
:10C21000109011910A980B99D4F716FD02000B00AB
:10C220000020C149D5F774F802000B001290139159
:10C2300010981199D5F7B0FC06900791069B079CC2
:10C240008021049305948020002300226D1089052D
:10C25000049329430003049B059C0918009301944F
:10C26000B6048B190098019914001D00D5F794FCB1
:10C2700002000B0010981199D5F756FF0A9A0B9BF4
:10C2800006000F0020002900D5F74EFF02000B002A
:10C290000C980D99D5F748FF009A019BD5F77CFCC7
:10C2A00002000B0030003900D5F73EFF129A139BB5
:10C2B000D5F772FC069A079B0A900B9110001900A3
:10C2C000D5F76AFC06000F009C4A9D4BD5F764FC2D
:10C2D0009C4A9D4BD4F7B8FC32003B00D5F75CFC80
:10C2E0009A4A9B4BD4F7B0FC32003B00D5F754FC84
:10C2F000984A994BD4F7A8FC32003B00D5F74CFC88
:10C30000964A974BD4F7A0FC32003B00D5F744FC8B
:10C31000944A954BD4F798FC320004000D003B0082
:10C3200030003900D5F738FC02000B00200029004E
:10C33000D5F732FC009A019B04000D00069807997E
:10C34000D4F782FC0A9A0B9BD5F726FC22002B001F
:10C35000D4F77AFC009A019B0C900D911000190003
:10C36000D5F71AFC0022814B04000D00D4F76CFCB9
:10C370000C9A0D9BD4F768FC00200F000600020009
:10C380000B0000980199D5F707FC0022009001915D
:10C39000764B30003900D5F7C7FE22002B00D5F7C9
:10C3A000C3FE02000B000C980D99D5F7BDFE069A4E
:10C3B000079BD5F7F1FB320004000D000A980B999A
:10C3C0003B00D5F7E9FB02000B0020002900D4F761
:10C3D0003BFC04000D0002000B0000980199D4F70B
:10C3E00033FCE0220020624B120606000F00D5F756
:10C3F000D3FB06900791009A019B30003900D5F7D6
:10C4000093FE02000B0020002900D5F78DFE594A4B
:10C41000574BD5F7C1FB584A04000D0030003900D6
:10C42000564BD5F7B9FB02000B0020002900D4F7CA
:10C430000BFC0F9A524B9B181A685B68D4F704FCEC
:10C440000A900B910E98D6F769FA04000D00069831
:10C4500007990F9A4B4B9B181E685F680A9A0B9BB3
:10C46000D4F7F2FB32003B00D4F7EEFB22002B00A6
:10C47000D4F7EAFB002022002B0000900191D5F7B1
:10C4800053FE32003B00D5F74FFE069A079BD5F7C7
:10C490004BFE02000B000A980B991CE63A4A3B4BF4
:10C4A00002980399D4F7D0FB32003B000490059129
:10C4B00000980199D5F738FE02000B000498059901
:10C4C000D3F7E8FF002800D047E68025304B6D0306
:10C4D0002415E4182B002341069A12499B185A0090
:10C4E000144C520D521814411C40210014241B03FB
:10C4F0001B0B2B43A21A13410093069B0020002B19
:10C5000002DA009B5B42009302000B00300039000E
:10C51000D5F70AFE06000F0065E0C0460000F07F78
:10C520000000404301FCFFFF0000F03F8E98030035
:10C5300079B60B000000F0FFB0040308EF4E454A47
:10C54000287ECA3F65DBC9934A86CD3F01411DA9BC
:10C550006074D13F4D268F515555D53FFFAB6FDBF2
:10C56000B66DDB3F033333333333E33F0000084022
:10C5700009C7EE3FFD033ADCF5015B14E02F3EBE38
:10C5800090040308A0040308FE822B654715973C1E
:10C5900002FCFFFF019B5C00724B64089C421CD9AB
:10C5A000714A019B9B18009A134308D00898099977
:10C5B00000230022D3F75AFF431E9841FCE43200C7
:10C5C000009801993B00D5F7AFFD029A039BD3F782
:10C5D0006BFF0028EAD1654C77E7049A644B009220
:10C5E0009C4200D971E7029A039B30003900D4F7CE
:10C5F0002BFB002000225F4B04900591D5F7CCFA6D
:10C6000032003B000690079104980599D5F78CFD00
:10C6100002000B0002980399D5F786FD564A574B46
:10C62000D5F7BAFA564A04000D0004980599554BFF
:10C63000D5F7B2FA02000B0020002900D4F704FB62
:10C6400004000D0002000B0006980799D4F7FCFACD
:10C65000069A079B06000F00D5F766FD02000B0047
:10C6600020002900D5F760FD3200029003913B00C5
:10C6700030003900D5F790FA04000D00424A434BD0
:10C68000D5F78AFA424A434BD5F74EFD22002B00DC
:10C69000D5F782FA404A414BD4F7D6FA22002B0054
:10C6A000D5F77AFA3E4A3F4BD5F73EFD22002B00E4
:10C6B000D5F772FA3C4A3D4BD4F7C6FA22002B005C
:10C6C000D5F76AFA02000B0030003900D5F72CFDCF
:10C6D00004000D0002000B0030003900D5F75CFAB1
:10C6E000802304900591002220002900DB05D5F766
:10C6F0001BFD02000B0004980599D4F709FE029A6D
:10C70000039B04000D0030003900D5F745FA029A6A
:10C71000039BD4F799FA02000B0020002900D5F7FB
:10C7200003FD32003B00D5F7FFFC02000B000020A8
:10C730001F49D5F7F9FC009B1B055B181A15002A49
:10C7400006DC009A00F03AF8089A099BFFF7EEFB26
:10C750001900F9E70023164CFFF7CBFB0023002458
:10C76000FFF7C7FBFFCB904000346F3F00CC9040F9
:10C770000000E03F432EE63FEF39FAFE422EE63F4F
:10C78000396CA80C615C20BED0A4BE726937663ECD
:10C79000F16BD2C541BDBB3E2CDE25AF6A56113FC1
:10C7A00093BDBE166CC1663F3E5555555555C53FA8
:10C7B0000000F03F49004B08190070474B0070B56E
:10C7C0005B0D14000D00002B0FD14B005B080343E1
:10C7D00012D0234B0022D5F7DFF9224B9C420CDA12
:10C7E000214A224BD5F7D8F906E0214A934208D1D5
:10C7F00002000B00D4F728FA70BD0D004B005B0D52
:10C80000363B1C4A94420ADD1B4C1C4D002901DAC0
:10C81000194C1B4D184A194B20002900E2E7E21879
:10C82000184B9A42F0DC002A05DD174B12052B400D
:10C830001A431100E0E71300353308DA0A4C0B4DB8
:10C84000002901DA084C114D074A084BE4E70E4B6A
:10C8500036321D4012052A4311000D4B0022C1E75C
:10C8600000005043B03CFFFF59F3F8C21F6EA50112
:10C87000FF07000050C300009C7500883CE4377E31
:10C880003CE437FEFE070000FFFF0F801F6EA5810E
:10C890000000903C70B50D0016000400FAF76AFC29
:10C8A00029000660200070BD37B514001D00002867
:10C8B00002D0802109065B1800920193009A019B27
:10C8C00020002900D5F768F92222FFF7E3FF03B023
:10C8D00030BD802310B500225B05FFF7E5FF10BDDA
:10C8E000E02310B50022DB05FFF7DEFF10BD0000DE
:10C8F000F0B50A000D006D4904000300080087B080
:10C900002840884211D122002B0020002900D5F7B1
:10C9100043F902000B0020002900D4F795F9040028
:10C920000D002000290007B0F0BD002D11DC6900CA
:10C9300049082143F5D00020854210D022002B0069
:10C9400020002900D5F7F0FB02000B00D4F7E0FC33
:10C95000E5E7281515D180240021640307E0DA0AF1
:10C9600015385B05002AFAD0F5E752000131224262
:10C97000FBD04C1E001B20241D00641AE5408B4098
:10C980002A434B49120344188021120B49031143D7
:10C99000C00703D4DA0F490051185B00002562106C
:10C9A000490080240592DA0F5218162029005B00F6
:10C9B000A4030E19964202DC3119921B2D19DE0FC9
:10C9C0005200013892195B0064080028F1D120263A
:10C9D0008027040004963F06C619B446914202DB44
:10C9E00014D19E4212D860466646C0190091002EAE
:10C9F00003DAC643F60F8E190096521A6345894131
:10CA00004942521A61465B1A0099E419DE0F52003E
:10CA10009219049E5B00013E7F080496002EDBD134
:10CA20001A431FD0234E244F306871683A687B68E0
:10CA3000009201933268736802920393009A019BFB
:10CA4000D5F772FB02000B0002980399D3F718FD8B
:10CA5000002807D0306871683A687B68671C0FD17E
:10CA6000049C0135154B6A10D2186308ED0702D5F6
:10CA7000802109060B4305991C0009058D1850E714
:10CA8000D4F7E2F87768366802000B00300039000E
:10CA9000D3F7ECFC002804D0023463426341ED1864
:10CAA000E0E7012301349C43DCE7C0460000F07F4F
:10CAB00001FCFFFF00090020F80800200000E03F13
:10CAC000054A03001168002901D10449116010686A
:10CAD000C31813607047C04648AA012050AA01201D
:10CAE000FEE70000F8B5C046F8BC08BC9E4670479B
:10CAF000F8B5C046F8BC08BC9E4670470000000070
:10CB000001B40248844601BC604700BF0909002007
:10CB1000081C3044586C80000000000000004830C1
:10CB200031523000503031523000483233523000F0
:10CB30004832335231004832335233004830375292
:10CB400033004830385236005030385236004830C2
:10CB5000395230004830395239004831425236009B
:10CB60004831325230004831335237004830465253
:10CB7000310048304652360048304652370048317E
:10CB8000415232004830415239004831445231005C
:10CB9000483144523500483042523400483138520E
:10CBA000300048323652300048313552300048317A
:10CBB000305234004832415233004834315236004A
:10CBC00048334252360048313852310048314652DB
:10CBD0003500483342523200483231523200483137
:10CBE0003752310048313552380048324252300015
:10CBF00048303552300048334252370048324252B2
:10CC00003100483037523800483038523700483108
:10CC100036523600503038523700483139523000E1
:10CC20005250490000000000000000000000000019
:10CC3000000000006D650000616C6C00696600001A
:10CC4000666F72004D6F6E64617900005475657394
:10CC5000646179005765646E6573646179000000F2
:10CC600054687572736461790000000046726964EB
:10CC7000617900005361747572646179000000008D
:10CC800053756E64617900004A616E00466562000A
:10CC90004D617200417072004D6179004A756E00FD
:10CCA0004A756C0041756700536570004F637400EE
:10CCB0004E6F7600446563000D0A424F532E726535
:10CCC00073706F6E73653A20616C6C2C206D6573A8
:10CCD000736167652C20636C692C206E6F6E650D27
:10CCE0000A0000000D0A424F532E74726163653AC8
:10CCF00020616C6C2C206D6573736167652C2072EC
:10CD00006573706F6E73652C206E6F6E650D0A0013
:10CD1000424F532E636C6962617564726174653A47
:10CD200020434C492062617564726174652E204411
:10CD3000656661756C742069732039323136303024
:10CD40002E20546869732061666665637473206180
:10CD50006C6C20706F7274732E20496620796F7529
:10CD6000206368616E676520746869732076616C02
:10CD700075652C20202020202020202020202079B4
:10CD80006F75206D75737420636F6E6E65637420AC
:10CD9000746F206120434C4920706F7274206F6E55
:10CDA0002065616368207374617274757020746F9C
:10CDB00020726573746F7265206F746865722041AC
:10CDC0007272617920706F72747320696E746F2053
:10CDD00064656661756C7420626175647261746506
:10CDE0000D0A0000424F532E6465626F756E6365D5
:10CDF0003A2031202E2E2E2E2E2E2E2E2E2E2E2E60
:10CE0000203635353336206D7365630D0A0000001A
:10CE1000424F532E73696E676C65636C69636B7404
:10CE2000696D653A2031202E2E2E2E2E2036353576
:10CE30003336206D7365630D0A000000424F532E98
:10CE40006D696E696E746572636C69636B74696D2C
:10CE5000653A2031202E2E2E20323535206D736517
:10CE6000630D0A00424F532E6D6178696E746572CE
:10CE7000636C69636B74696D653A2031202E2E2EC8
:10CE800020323535206D7365630D0A000A0D546834
:10CE90006973206D6F64756C652077696C6C2062B6
:10CEA0006520666F7263656420696E746F20626FBF
:10CEB0006F746C6F61646572206D6F64652E0A0D0E
:10CEC000506C6561736520757365207468652022F8
:10CED00053544D20466C617368204C6F61646572D9
:10CEE0002044656D6F6E73747261746F72222009D5
:10CEF00009097574696C69747920746F20757064A0
:10CF000061746520746865206669726D7761726509
:10CF10002E0A0D0A092A2A2A20496D706F7274613F
:10CF20006E74202A2A2A0A0D4966207468697320C3
:10CF30006D6F64756C6520697320636F6E6E6563D9
:10CF4000746564206469726563746C7920746F2001
:10CF5000504320706C6561736520636C6F7365204E
:10CF60007468697320706F72742066697273742EAE
:10CF70000A0D00000A0D4D6F64756C652025642054
:10CF800077696C6C20626520666F726365642069E6
:10CF90006E746F20626F6F746C6F61646572206D68
:10CFA0006F64652E000000000A0D506C65617365AA
:10CFB0002075736520746865202253544D20466C9B
:10CFC000617368204C6F616465722044656D6F6E9B
:10CFD00073747261746F7222207574696C697479EC
:10CFE00020746F20757064617465207468652066B4
:10CFF00069726D776172652E0909090A0D0A092A9D
:10D000002A2A20496D706F7274616E74202A2A2A50
:10D010000A0D2D2049662074686973206D6F647550
:10D020006C6520697320636F6E6E65637465642040
:10D030006469726563746C7920746F20504320704A
:10D040006C6561736520636C6F73652074686973C8
:10D0500020706F72742066697273742E0A0D09094C
:10D06000092D20596F75206D75737420706F776569
:10D0700072206379636C652074686520656E7469DD
:10D0800072652041727261792061667465722074E4
:10D090006865207570646174652069732066696EC7
:10D0A00069736865642E0A0D000000000A0D526560
:10D0B0006D6F746520757064617465207669612098
:10D0C0006D6F64756C652025642C20706F72742000
:10D0D0005025642077696C6C2062652074726967E2
:10D0E00067657265642E00003D0000003E00000090
:10D0F0003C0000003E3D00003C3D0000213D0000A2
:10D100000A0D284D6F64756C653A506F7274290969
:10D110000900000050256409000000000A0A0D0003
:10D120004D6F64756C652025643A090009000000A4
:10D130002564090025643A25640900000A0D0000F1
:10D140000A0000000A0D546865736520706F7274E0
:10D1500073206172652072657665727365643A004A
:10D160000A0D4D6F64756C65202564203A205025AA
:10D17000640000000A0A0D416C6C206F74686572CF
:10D1800020706F72747320617265206E6F726D61B2
:10D190006C0A0D000A0D2A2A2A204D6F64756C65F1
:10D1A00020256420537461747573202A2A2A0A008A
:10D1B0000A0D436F6E6E6563746564207669612045
:10D1C000706F72743A205025640A0D000A0D46698A
:10D1D000726D776172652076657273696F6E3A2041
:10D1E00025642E25642E2564000000004D61792001
:10D1F00033312032303235000A0D4669726D776165
:10D20000726520646174653A202020202573000037
:10D2100031323A35313A3536000000000A0D4669A0
:10D22000726D776172652074696D653A20202020E7
:10D2300025730A0D000000000A0D506F72747320F0
:10D240005374617475733A0A0A0D00005025643AEC
:10D2500020000000467265650A0D00005265636596
:10D260006976696E67206D657373616765730A0D12
:10D270000000000053747265616D696E670A0D00ED
:10D28000526563656976696E6720757365722063A0
:10D290006F6D6D616E64730A0D000000436F6E6EFA
:10D2A000656374656420746F206120627574746FA7
:10D2B0006E2F7377697463680A0D00000A0D444D80
:10D2C000412053747265616D73205374617475737A
:10D2D0003A0A0D000A0D53747265616D696E67201C
:10D2E000444D412025642069732066726565000005
:10D2F0000A0D53747265616D696E6720444D41205B
:10D3000025642069732073747265616D696E67208E
:10D3100066726F6D2050256420746F205025640064
:10D320000A0D546865736520706F727473206172A2
:10D33000652072657665727365643A2000000000AE
:10D3400050256420000000004E6F6E650000000054
:10D350002654000834540008425400085054000871
:10D360005E5400086D650000616C6C00FA5E000898
:10D37000885B0008A45B0008C25B0008F05B000843
:10D380001E5C00085E5C00089E5C0008885B00086C
:10D390000C5F0008585D0008785D00089A5D000881
:10D3A000CC5D0008FE5D0008425E0008865E000855
:10D3B000585D0008257320253032642F25303264F3
:10D3C0002F25303464000000253032643A25303295
:10D3D000643A253032640000081C3044586C8000E8
:10D3E0000A0D0A0D3D3D3D3D3D3D3D3D3D3D3D3D33
:10D3F0003D3D3D3D3D3D3D3D3D3D3D3D3D3D3D3D5D
:10D400003D3D3D3D3D3D3D3D3D3D3D3D3D3D3D3D4C
:10D410003D3D3D3D3D3D3D3D0920202020200A0D64
:10D420003D3D3D3D3D3D3D3D3D3D3D3D3D3D3D3D2C
:10D430003D3D3D3D3D3D3D3D3D3D3D3D3D3D3D3D1C
:10D440003D3D3D3D3D3D3D3D3D3D3D3D3D3D3D3D0C
:10D450003D3D3D3D0920202020200A0D7C7C2020E0
:10D460002020202020202020202057656C636F6D15
:10D470006520746F204269747A4F5320434C4921D0
:10D4800020202020202020202020202020207C7CE4
:10D490000909200A0D7C7C20202020202020284300
:10D4A0002920434F50595249474854204845584134
:10D4B0004249545A20323031372D323032352E2005
:10D4C000202020202020207C7C0920202020200AD1
:10D4D0000D7C7C20202020202020202020202020A7
:10D4E000202020202020202020202020202020203C
:10D4F000202020202020202020202020202020202C
:10D500002020207C7C0909200A0D7C7C2020202002
:10D510002020506C6561736520636865636B2074BF
:10D5200068652070726F6A656374207765627369DD
:10D530007465206174202020202020207C7C090933
:10D54000200A0D7C7C20202020202020202020204C
:10D550002020687474703A2F2F686578616269744E
:10D560007A2E636F6D2F2020202020202020202065
:10D5700020202020207C7C0920202020200A0D7CD7
:10D580007C2020202020202020202020202020203F
:10D59000202020202020202020202020202020208B
:10D5A000202020202020202020202020202020207B
:10D5B000207C7C0920202020200A0D7C7C2020203B
:10D5C000547970652068656C7020666F72206120E8
:10D5D0006C697374206F6620617661696C61626C3E
:10D5E0006520636F6D6D616E64732E20207C7C09F5
:10D5F00020202020200A0D3D3D3D3D3D3D3D3D3D4F
:10D600003D3D3D3D3D3D3D3D3D3D3D3D3D3D3D3D4A
:10D610003D3D3D3D3D3D3D3D3D3D3D3D3D3D3D3D3A
:10D620003D3D3D3D3D3D3D3D3D3D3D0920202020D2
:10D63000200A0D3D3D3D3D3D3D3D3D3D3D3D3D3D9A
:10D640003D3D3D3D3D3D3D3D3D3D3D3D3D3D3D3D0A
:10D650003D3D3D3D3D3D3D3D3D3D3D3D3D3D3D3DFA
:10D660003D3D3D3D3D3D3D0920202020200A0A0D45
:10D67000000000000D0A00000D0A5B507265737314
:10D6800020454E54455220746F206578656375744B
:10D6900065207468652070726576696F75732063A4
:10D6A0006F6D6D616E6420616761696E5D0D0A3E2C
:10D6B00000000000436F6E6E656374656420746FD4
:10D6C000206D6F64756C6520256420282573292CD6
:10D6D00020706F7274205025642E0A0A0D3E0000DF
:10D6E000696620000A43616E6E6F742073746F72F6
:10D6F00065206D6F726520436F6D6D616E642053A0
:10D700006E6970706574732E20506C65617365204E
:10D7100064656C657465206578697374696E6720EB
:10D720006F6E657320616E64207472792061676129
:10D73000696E2E0A0D000000656E642069660000A7
:10D74000000000000A436F6E646974696F6E616C5B
:10D750002073746174656D656E74206163636570B8
:10D7600074656420616E6420616464656420746F14
:10D7700020436F6D6D616E6420536E6970706574C7
:10D78000732E0A0D00000000626F730057726F6EF7
:10D7900067206D6F64756C65206E616D652120502A
:10D7A0006C656173652074727920616761696E2EA2
:10D7B0000A0D000057726F6E67206D6F64756C659F
:10D7C0002049442120506C65617365207472792072
:10D7D000616761696E2E0A0D00000000436F6D6D78
:10D7E000616E642062726F6164636173746564204A
:10D7F000746F20616C6C0A0D0000000025734D757C
:10D800006C74696361737420436F6D6D616E642025
:10D81000666F7277617264656420746F2067726FDF
:10D8200075702025730A0D007570646174650000C1
:10D83000436F6D6D616E6420666F727761726465AF
:10D840006420746F204D6F64756C652025640A0D2B
:10D850000000000025734D6F64756C652025642001
:10D860006973206E6F7420726561636861626C65B4
:10D870002E0A0D00636C69636B656400646F7562EA
:10D880006C6520636C69636B6564000020000000B8
:10D89000446E0008906D0008A66D0008BC6D00087D
:10D8A000E26D0008F86D00081E6E0008081C304488
:10D8B000586C80003D3D003E00003C00003E3D00B5
:10D8C0003C3D00213D00000072756E2D74696D6550
:10D8D0002D7374617473000072756E2D74696D65BB
:10D8E0002D73746174733A0D0A20446973706C610E
:10D8F000792061207461626C652073686F77696E4E
:10D900006720686F77206D7563682070726F63653C
:10D910007373696E672074696D6520656163682043
:10D920004672656552544F53207461736B20686171
:10D930007320757365640D0A0D0A0000C8D80208CB
:10D94000D8D8020839720008000000007461736BB7
:10D950002D737461747300007461736B2D73746143
:10D9600074733A0D0A20446973706C6179206120E8
:10D970007461626C652073686F77696E6720746884
:10D9800065207374617465206F662065616368202B
:10D990004672656552544F53207461736B0D0A0DC6
:10D9A0000A0000004CD9020858D90208F971000891
:10D9B0000000000070696E670000000070696E670B
:10D9C0003A0D0A2050696E672061206D6F64756C96
:10D9D000650D0A0D0A000000B4D90208BCD902087E
:10D9E00079720008000000007570646174650000C1
:10D9F0007570646174653A0D0A20507574207468FE
:10DA000065206D6F64756C6520696E206661637456
:10DA10006F727920626F6F746C6F61646572206DD4
:10DA20006F646520746F207570646174652069741B
:10DA300073206669726D776172652E0D0A0A090995
:10DA40000909090920202D205573652027236E2EF2
:10DA50007570646174652720746F207570646174DB
:10DA6000652072656D6F7465206D6F64756C6520DF
:10DA70006E2E204D616B652073757265207468652C
:10DA80002070726F6772616D6D696E6720706F7262
:10DA9000742069732074686520696E636F6D696EA8
:10DAA0006720706F7274206F662074686973206DD0
:10DAB0006F64756C652E0D0A090909090909202092
:10DAC0002D20557365202775706461746520766913
:10DAD0006120236E2070782720746F207573652075
:10DAE00074686520535420466C617368204C6F61E4
:10DAF00064657220746F6F6C2077697468206D6F35
:10DB000064756C65206E2C20706F727420782074A0
:10DB10006F207570646174652061206E6569676847
:10DB2000626F72206D6F64756C652E205468697326
:10DB30002069732075736566756C20696620090914
:10DB40000909090909746172676574206D6F64754C
:10DB50006C65206973206E6F742070617274206F21
:10DB6000662074686520746F706F6C6F6779206FC2
:10DB7000722069662070726F6772616D6D696E6781
:10DB800020706F7274206973206E6F7420696E202C
:10DB90007468652073686F72746573742070617443
:10DBA0006820746F20746172676574206D6F64758E
:10DBB0006C652E0D0A0D0A00E8D90208F0D902089A
:10DBC00011730008FF0000006578706C6F726500CB
:10DBD0006578706C6F72653A0D0A204578706C6FCD
:10DBE00072652074686520617272617920616E646B
:10DBF000206275696C642069747320746F706F6C37
:10DC00006F67790D0A0D0A00C8DB0208D0DB020835
:10DC10001175000800000000726573657400000053
:10DC200072657365743A0D0A2052657365742074C9
:10DC30006865206D6F64756C650D0A0D0A00000043
:10DC400018DC020820DC0208097600080000000049
:10DC50006E616D65000000006E616D653A0D0A2011
:10DC60004E616D6520746865206D6F64756C65200C
:10DC70007769746820616E20616C69617320283156
:10DC80007374207061722E290D0A0D0A00000000C5
:10DC900050DC020858DC0208197600080100000078
:10DCA00067726F757000000067726F75703A0D0AC9
:10DCB0002047726F7570206D756C7469706C65208B
:10DCC0006D6F64756C65732028326E642B207061F3
:10DCD000722E2920696E746F2061206E6577206F27
:10DCE00072206578697374696E672067726F7570EA
:10DCF0002028317374207061722E290D0A0D0A00DC
:10DD0000A0DC0208A8DC020801770008FF00000080
:10DD100073746174757300007374617475733A0D74
:10DD20000A20446973706C6179206D6F64756C654D
:10DD3000207374617475730D0A0D0A0010DD0208FA
:10DD400018DD0208FD79000800000000696E666FAA
:10DD500000000000696E666F3A0D0A204469737016
:10DD60006C617920617272617920696E666F726D83
:10DD70006174696F6E0D0A0D0A0000004CDD020827
:10DD800054DD0208197A0008000000006164642D67
:10DD9000627574746F6E00006164642D62757474D2
:10DDA0006F6E3A0D0A20446566696E6520612062D7
:10DDB0007574746F6E206174206F6E65206F6620BD
:10DDC00074686520617272617920706F7274732E4D
:10DDD00020427574746F6E20747970652028276DE9
:10DDE0006F6D656E746172792D6E6F272C20276DB3
:10DDF0006F6D656E746172792D6E63272C20276FAD
:10DE00006E6F66662D6E6F272C20276F6E6F6666AD
:10DE10002D6E63272928317374207061722E292C8E
:10DE200020427574746F6E20706F72742028326E89
:10DE300064207061722E290D0A0D0A008CDD020823
:10DE400098DD0208157B00080200000072656D6F06
:10DE500076652D627574746F6E00000072656D6F6B
:10DE600076652D627574746F6E3A0D0A2052656D79
:10DE70006F7665206120627574746F6E20746861BE
:10DE800074207761732070726576696F75736C7931
:10DE900020646566696E65642061742074686973C6
:10DEA00020706F72742028317374207061722E2973
:10DEB0000D0A0D0A000000004CDE02085CDE0208BC
:10DEC000657C000801000000736574007365743A96
:10DED0000D0A20536574206120706172616D657454
:10DEE00065722028317374207061722E2920776941
:10DEF0007468206120676976656E2076616C75654F
:10DF00002028326E64207061722E290D0A0D0A00DD
:10DF1000C8DE0208CCDE0208F97C0008FF00000021
:10DF2000676574006765743A0D0A2047657420744C
:10DF300068652063757272656E742076616C7565B4
:10DF4000206F66206120706172616D65746572205A
:10DF500028317374207061722E290D0A0D0A000099
:10DF600020DF020824DF0208A1880008FF0000006B
:10DF700064656661756C740064656661756C743A9D
:10DF80000D0A2054797065202764656661756C748C
:10DF900020706172616D732720746F207365742027
:10DFA000616C6C20706172616D6574657273207450
:10DFB0006F2064656661756C742076616C7565733D
:10DFC0000D0A2054797065202764656661756C744C
:10DFD0002061727261792720746F2072656D6F768F
:10DFE000652063757272656E7420746F706F6C6FEC
:10DFF00067790D0A0D0A000070DF020878DF020859
:10E000003D8C00080100000074696D65000000008F
:10E0100074696D653A0D0A20446973706C617920EA
:10E0200063757272656E742074696D6520696E2007
:10E0300048483A4D4D3A53532D6D73656320666FD2
:10E04000726D61740D0A0D0A0000000008E00208FC
:10E0500010E00208358D000800000000646174655E
:10E0600000000000646174653A0D0A204469737011
:10E070006C61792063757272656E74206461746579
:10E0800020696E205765656B646179204D4D2F4482
:10E09000442F5959595920666F726D61740D0A0DDC
:10E0A0000A0000005CE0020864E002080D8E00082F
:10E0B000000000007365742D62617564726174659F
:10E0C000000000007365742D62617564726174658F
:10E0D0003A0D0A20536574205541525420626175EF
:10E0E00064726174650D0A0928317374207061725D
:10E0F000616D65746572293A20503120746F20502B
:10E10000360D0A0928326E6420706172616D657483
:10E110006572293A2062617564726174650D0A0D39
:10E120000A000000B4E00208C4E00208418E0008C2
:10E13000020000007575696400000000757569646F
:10E140003A0D0A20446973706C6179204D43552063
:10E15000756E69717565205549440D0A0D0A0000F8
:10E1600034E102083CE10208018F000800000000D1
:10E170006964636F646500006964636F64653A0D88
:10E180000A20446973706C6179204D4355204944DD
:10E19000434F444520284445565F494420616E64FE
:10E1A000205245565F4944290D0A0D0A000000001F
:10E1B00070E1020878E10208918F00080000000079
:10E1C000666C6173682D73697A650000666C6173B3
:10E1D000682D73697A653A0D0A20446973706C6121
:10E1E00079204D435520466C6173682073697A65C8
:10E1F00020696E204B62797465730D0A0D0A000068
:10E20000C0E10208CCE102080D9000080000000007
:10E21000736E697000000000736E69703A0D0A2019
:10E22000446973706C61792061206C697374206F2C
:10E23000662073746F72656420436F6D6D616E64E8
:10E2400020536E69707065747320746F2065646903
:10E2500074206F722064656C6574650D0A0D0A0088
:10E2600010E2020818E202084190000800000000D5
:10E270006163742D736E6970000000006163742D1A
:10E28000736E69703A0D0A20416374697661746532
:10E29000206120436F6D6D616E6420536E697070F4
:10E2A00065740D0A0D0A000070E202087CE20208A3
:10E2B0001D9300080100000070617573652D736E79
:10E2C0006970000070617573652D736E69703A0D29
:10E2D0000A205061757365206120436F6D6D616E1A
:10E2E0006420536E69707065740D0A0D0A00000099
:10E2F000B8E20208C4E20208D59300080100000059
:10E3000064656C2D736E69700000000064656C2D8F
:10E31000736E69703A0D0A2044656C6574652061FE
:10E3200020436F6D6D616E6420536E69707065740B
:10E330000D0A0D0A0000000000E302080CE30208C9
:10E340008D94000801000000627269646765000036
:10E350006272696467653A0D0A2042726964676592
:10E360002074776F20617272617920706F7274739C
:10E370000D0A0D0A0000000048E3020850E30208FD
:10E380006196000802000000756E6272696467653C
:10E3900000000000756E6272696467653A0D0A20BC
:10E3A000556E2D6272696467652074776F206172A3
:10E3B00072617920706F7274730D0A0D0A0000008B
:10E3C00088E3020894E302087D9700080200000039
:10E3D000746573742D706F727400000074657374CB
:10E3E0002D706F72743A0D0A207465737420706F0B
:10E3F00072742066756E6374696F6E616C6974798E
:10E400002E20796F752063616E2063686F6F73656E
:10E410002065697468657220746F20746573742058
:10E420006F6E6520737065636966696320706F72D3
:10E4300074206F7220746F207465737420616C6C2B
:10E4400020706F7274732E20706C65617365207418
:10E450007970652050782077686572652078207320
:10E4600074616E647320666F7220746865206E75C7
:10E470006D626572206F6620706F7274206F7220FB
:10E4800074797065203C616C6C3E20746F207465FB
:10E49000737420616C6C20706F72740D0A0D0A0029
:10E4A000D0E30208DCE302089998000801000000AC
:10E4B000726561642D6164630000000072656164CF
:10E4C0002D6164633A0D0A20526561642041444322
:10E4D0002056616C75652066726F6D20506F727486
:10E4E0002032206F7220506F7274203320616E646E
:10E4F0002063686F6F736520746865207369646555
:10E50000207768657265617320746F70206F722068
:10E51000626F74746F6D0D0A0D0A0000B0E402089A
:10E52000BCE40208719B000802000000726561648F
:10E530002D74656D70000000726561642D74656DE9
:10E54000703A0D0A205265616420696E7465726EBE
:10E55000616C2074656D70657261747572650D0A09
:10E560000D0A00002CE5020838E502089D9C000811
:10E5700000000000726561642D767265660000001F
:10E58000726561642D767265663A0D0A2052656186
:10E590006420696E7465726E616C20726566657266
:10E5A000656E636520566F6C746167650D0A0D0AB0
:10E5B0000000000074E5020880E50208F19C0008F4
:10E5C00000000000726561642D6164632D706572E6
:10E5D00063656E7461676500726561642D61646373
:10E5E0002D70657263656E746167653A0D0A204728
:10E5F00065742070657263656E746167652076610D
:10E600006C75652066726F6D20706F727420322099
:10E610006F7220706F727420330D0A0D0A000000B3
:10E62000C4E50208D8E50208459D00080200000084
:10E630005461736B205374617465205072696F72FA
:10E6400069747920537461636B20230D0A2A2A2A86
:10E650002A2A2A2A2A2A2A2A2A2A2A2A2A2A2A2A1A
:10E660002A2A2A2A2A2A2A2A2A2A2A2A2A2A2A2A0A
:10E670002A2A2A2A2A2A2A2A2A2A2A2A2A0D0A0061
:10E680005461736B204162732054696D65202520AD
:10E6900054696D650D0A2A2A2A2A2A2A2A2A2A2A30
:10E6A0002A2A2A2A2A2A2A2A2A2A2A2A2A2A2A2ACA
:10E6B0002A2A2A2A2A2A2A2A2A2A2A2A2A2A0D0AF7
:10E6C0000000000076696100200000004D6F647555
:10E6D0006C6573205B0000002C2000000A0D4E7555
:10E6E0006D626572206F66206D6F64756C65733A3C
:10E6F0002025640A000000000A0D41727261792031
:10E70000746F706F6C6F67793A0A0000436F756CB5
:10E7100064206E6F74207265616420706F72747310
:10E7200020646972656374696F6E20666F7220730E
:10E730006F6D65206D6F64756C65732120506C651D
:10E740006173652074727920616761696E0A0D00DA
:10E750006D6F6D656E746172792D6E6F00000000D3
:10E760006D6F6D656E746172792D6E6300000000CF
:10E770006F6E6F66662D6E6F000000006F6E6F66C5
:10E78000662D6E6300000000626F732E00000000B3
:10E79000726573706F6E736500000000616C6C00D1
:10E7A0006D65737361676500636C69006E6F6E659C
:10E7B000000000007472616365000000636C6962B0
:10E7C00061756472617465006465626F756E63651E
:10E7D0000000000073696E676C65636C69636B743D
:10E7E000696D65006D696E696E746572636C6963ED
:10E7F0006B74696D650000006D6178696E74657297
:10E80000636C69636B74696D65000000616D000085
:10E81000706D00006D6F6E646179000074756573D2
:10E82000646179007765646E6573646179000000E6
:10E8300074687572736461790000000066726964BF
:10E840006179000073617475726461790000000081
:10E8500073756E64617900006A616E75617279002A
:10E8600031200000666562727561727900000000F7
:10E87000322000006D6172636800000033200000E8
:10E88000617072696C000000342000006D617900D5
:10E89000352000006A756E6500000000362000001B
:10E8A0006A756C790000000037200000617567759B
:10E8B000737400003820000073657074656D6265C4
:10E8C00072000000392000006F63746F626572008F
:10E8D000313000006E6F76656D6265720000000079
:10E8E00031310000646563656D626572000000008F
:10E8F000313200006D73670025640A0D00000000CE
:10E9000025732325640A0D00706172616D73000028
:10E910006172726179000000414D0000504D0000AD
:10E920002573000025732530385800000D0A0000BB
:10E9300053544D333247304231000000554E4B4E58
:10E940004F574E005061757365640041637469767A
:10E950006500000048000000746F7000626F7474FE
:10E960006F6D00004144432076616C7565203D2049
:10E9700025302E3266200D0A00000000696E746595
:10E98000726E616C2074656D70657261747572650C
:10E9900020697320252E326643200D0A00000000F6
:10E9A000696E7465726E616C207265666572656E03
:10E9B000636520766F6C74616765206973203D2004
:10E9C000252E326656200D0A0000000041444320E7
:10E9D00076616C75652070657263656E74616765DC
:10E9E000206973203D20252E3266252520250D0A1D
:10E9F0000000000048692066726F6D206D6F6475BD
:10EA00006C652025640D0A0048692066726F6D20D0
:10EA10006D6F64756C6520256420282573290D0AA7
:10EA200000000000557064617465206669726D773E
:10EA300061726520666F72206D6F64756C6520254C
:10EA4000640A0D0057726F6E672076616C756521E0
:10EA50000A0D00000A5468652061727261792069AC
:10EA600073206265696E67206578706C6F7265648B
:10EA70002E20506C6561736520776169742E2E2E8F
:10EA80000A0D00000A546865206172726179206580
:10EA900078706C6F726174696F6E207375636365F3
:10EAA000656465642E204920666F756E6420256458
:10EAB000206D6F64756C657320696E636C75646935
:10EAC0006E67206D7973656C662E204865726520CF
:10EAD00069732074686520646973636F7665726515
:10EAE0006420746F706F6C6F67793A0A0D000000D4
:10EAF0000A546865206172726179206578706C6F64
:10EB0000726174696F6E206661696C65642E205055
:10EB10006C6561736520646F75626C652063686500
:10EB2000636B20636F6E6E656374696F6E732C2008
:10EB3000726573657420746865206D6F64756C65AB
:10EB40007320616E642074727920616761696E2E32
:10EB50000A0D00004D6F64756C6520256420697393
:10EB6000206E616D65642025730A0D002573206990
:10EB700073206120726573657276656420424F531D
:10EB8000206B6579776F72642120506C65617365C5
:10EB900020757365206120646966666572656E74B0
:10EBA00020616C6961730A0D000000002573206903
:10EBB0007320616C726561647920757365642120CE
:10EBC000506C6561736520757365206120646966AA
:10EBD000666572656E7420616C6961730A0D000070
:10EBE000257320697320616E206578697374696E7E
:10EBF0006720434C4920636F6D6D616E6421205026
:10EC00006C65617365207573652061206469666653
:10EC10006572656E7420616C6961730A0D00000095
:10EC2000257320697320612077726F6E67206D6F86
:10EC300064756C65204944206F7220616C69617352
:10EC40000A0D0000506C6561736520656E74657215
:10EC500020736F6D65206D6F64756C65204944731A
:10EC600020746F2061646420746F2025730A0D0086
:10EC70005D20616464656420746F206E6577206731
:10EC8000726F75702025730A0D0000005D206164AD
:10EC900064656420746F206578697374696E672099
:10ECA00067726F75702025730A0D000041206E6534
:10ECB0007720257320627574746F6E206E616D65A8
:10ECC00064204225642077617320646566696E65FF
:10ECD0006420617420706F7274205025640A0D00E6
:10ECE000427574746F6E20422564207761732072C0
:10ECF000656D6F7665642066726F6D20706F7274DB
:10ED0000205025640A0D000025732077617320735D
:10ED1000657420746F2025730A0D00000A596F7501
:10ED2000206D757374207265737461727420746FD2
:10ED300020656E61626C6520746865206E65772061
:10ED400062617564726174652E0A0D00546869739E
:10ED5000206166666563747320616C6C20706F72ED
:10ED600074732E20496620796F75206368616E6721
:10ED70006520746869732076616C75652066726FB2
:10ED80006D2064656661756C742C20090909090998
:10ED900009090909090909202020796F75206D7575
:10EDA000737420636F6E6E65637420746F206120CE
:10EDB000434C4920706F7274206F6E2065616368E8
:10EDC000207374617274757020746F20726573742F
:10EDD0006F7265206F74686572206172726179204C
:10EDE000706F72747320696E746F206465666175EC
:10EDF0006C742062617564726174650A0D000000B4
:10EE000057726F6E6720706172616D6574657221F3
:10EE10000A0D000025730A0D00000000257320670D
:10EE2000726F757020646F6573206E6F74206578E3
:10EE3000697374210A0D000047726F757020257385
:10EE4000206D656D626572733A0A0D002573206945
:10EE5000732073657420746F20612077726F6E6702
:10EE60002076616C7565210A0D000000416C6C20F4
:10EE7000706172616D65746572732073657420745E
:10EE80006F2064656661756C742076616C7565735E
:10EE90000A0D000043757272656E742061727261B2
:10EEA0007920746F706F6C6F67792077617320724F
:10EEB000656D6F7665642E20506C65617365207298
:10EEC00065626F6F7420616C6C206D6F64756C652A
:10EED000730A0D0043757272656E742074696D65F6
:10EEE00020697320253032643A253032643A253067
:10EEF00032642D253033640A0D00000043757272B0
:10EF0000656E742074696D652069732025303264E4
:10EF10003A253032643A253032642D25303364206E
:10EF200025730A0D0000000043757272656E74202F
:10EF3000646174652069732025730A0D0000000068
:10EF400057726F6E6720706172616D6574657221B2
:10EF50000D0A0000426175647261746520666F720B
:10EF600020706F7274205025642077617320736560
:10EF70007420746F2025640D0A0000004D43552055
:10EF8000555549442069730A0D0000004D43552032
:10EF90004445565F49442069732025730A0D0000DB
:10EFA00025734D4355205245565F494420697320CF
:10EFB00025642E300A0D00004D435520466C6173C8
:10EFC000682073697A65206973202564204B627913
:10EFD0007465730A0D00000054686520666F6C6CE0
:10EFE0006F77696E6720436F6D6D616E6420536E3D
:10EFF000697070657473206172652073746F7265D7
:10F000006420696E206D656D6F72793A0A0A0D0091
:10F010005B253032645D2025730A0D002573696617
:10F02000206225642E636C69636B656400000000D8
:10F0300025736966206225642E646F75626C652095
:10F04000636C69636B6564002573696620257320B2
:10F05000257320252E31660025730A0D09257300BE
:10F060000A0D656E642069660A0A0D00546F2064FB
:10F07000656C657465206120536E69707065742CD1
:10F0800020747970653A2064656C2D736E69702008
:10F09000780A0D546F20616374697661746520612C
:10F0A00020536E69707065742C20747970653A20F5
:10F0B000090909090909090909090909090961630E
:10F0C000742D736E697020780A0D546F207061750D
:10F0D0007365206120536E69707065742C2074799B
:10F0E00070653A2070617573652D736E6970207854
:10F0F0000A0A0D7768657265207820697320746844
:10F100006520536E6970706574206E756D626572EE
:10F110002066726F6D20746865206C6973740A0DC7
:10F120000000000025736966206225642E72656CFC
:10F13000656173656420666F7220256400000000BD
:10F1400025736966206225642E7072657373656429
:10F1500020666F7220256400536E6970706574209C
:10F16000776173206163746976617465642E2054DD
:10F1700079706520736E697020746F207669657789
:10F180002075706461746564206C6973740A0D0085
:10F1900054686520536E6970706574206E756D6279
:10F1A000657220776173206E6F7420666F756E6470
:10F1B0000A0D0000536E69707065742077617320CA
:10F1C0007061757365642E205479706520736E6963
:10F1D0007020746F2076696577207570646174653E
:10F1E00064206C6973740A0D00000000536E69702E
:10F1F000706574207761732064656C657465642E36
:10F20000205479706520736E697020746F20766960
:10F2100065772075706461746564206C6973740A25
:10F220000D00000050256420616E6420502564208C
:10F23000617265206272696467656420746F6765D6
:10F24000746865720A0D000057726F6E67207379DB
:10F250006E7461780A0D0000506F727420627269DA
:10F260006467696E67206661696C65640A0D0000F9
:10F2700050256420616E64205025642061726520F1
:10F28000756E2D627269646765640A0D0000000086
:10F29000506F727420756E6272696467696E672060
:10F2A0006661696C65640A0D0000000050256420E9
:10F2B000697320776F726B696E6720636F72726516
:10F2C00063746C790A0D00005025642074657374B2
:10F2D000206661696C65640A0D000000506C656110
:10F2E00073652073686F7274656E20746865206E34
:10F2F00065787420706F727420616E64207072651E
:10F30000737320616E79206B657920746F20636F51
:10F310006E74696E75652074657374696E672074A8
:10F320006865206E657874206F6E650A0D0A0D00A1
:10F3300074686520706F7274206E756D62657220DE
:10F3400069732077726F6E670A0D000057726F6ED7
:10F350006720506172616D657465720A0D0000006E
:10F3600057726F6E6720506F7274206E756D626594
:10F3700072200A0D00000000081C3044586C800008
:10F3800044656661756C745461736B004261636BB4
:10F39000456E645461736B00557365725461736B91
:10F3A00000000000436C695461736B0050314D7371
:10F3B000675461736B00000050324D736754617382
:10F3C0006B00000050334D73675461736B00000095
:10F3D00050344D73675461736B00000050354D73AA
:10F3E000675461736B000000081C3044586C800047
:10F3F00053747265616D54696D65720002AA0008EC
:10F40000B2A90008C2A90008D2A90008E2A9000810
:10F41000F2A90008081C3044586C80004869206636
:10F42000726F6D206D6F64756C652025640D0A0028
:10F4300048692066726F6D206D6F64756C6520255C
:10F440006420282573290D0A00000000746F7000E5
:10F45000626F74746F6D00003E0701087CC2000883
:10F46000BAC2000840C3000850C3000860C30008C7
:10F47000B4060108B4060108B4060108B406010880
:10F480006EC300089CC4000894C9000860CA000844
:10F490002CCB00088ACE0008EECB0008BCCC0008BC
:10F4A000B4060108DACD0008EECD000836D0000819
:10F4B00048D0000860D00008F8D10008E4D2000865
:10F4C000FAD200089CD3000880DB0008B4060108CB
:10F4D0008CDD000848E500084AEC00086EFA0008D8
:10F4E000B406010898FA0008B4060108B406010839
:10F4F000B4060108B4060108F6FA000888FB000803
:10F5000088FB0008B406010894FB00089EFB000875
:10F51000A8FB00081E0601086A06010836E5000877
:10F5200074DE000898DE0008BEDE0008F6DE000883
:10F5300040DF00088EDF0008DCDF000874DE000812
:10F540003CE5000814E1000838E100085EE100082D
:10F5500096E10008CEE100081CE200086AE200081B
:10F5600014E1000842E5000892E30008B6E3000851
:10F57000DCE3000814E400084CE400089AE4000806
:10F58000E8E4000892E30008BAE50008C2E50008D4
:10F59000F8E5000830E60008B0E600080CE70008CF
:10F5A000B0E7000854E80008C2E5000832EC0008A3
:10F5B0001EE9000852E9000888E90008E2E90008AD
:10F5C0004CEA0008EEEA000890EB00081EE900088B
:10F5D00016F5000800ED0008FCED0008E2EE00085A
:10F5E000F0EF000800F1000860F20008B2F3000834
:10F5F00000ED000824FA000808F7000836F70008B4
:10F6000066F70008BEF7000818F80008D0F80008F0
:10F6100070F9000808F7000834FC00084AFD0008EB
:10F6200018FE00089EFE0008E6FF0008B000010872
:10F63000A6010108E8030108C0FC0008081C3044CA
:10F64000586C800065746865726E657473656E646D
:10F65000646174610000000065746865726E6574B1
:10F6600073656E6464617461203A0D0A20506172A2
:10F67000616D657465727320726571756972656418
:10F6800020746F206578656375746520612045740A
:10F690006865726E657453656E64446174613A2086
:10F6A0006D792064617461200D0A0D0A000000006C
:10F6B00044F6020858F60208591A01080100000031
:10F6C0007365746C6F63616C697000007365746C52
:10F6D0006F63616C6970203A0D0A20506172616D30
:10F6E00065746572732072657175697265642074E2
:10F6F0006F20657865637574652061205365744C6F
:10F700006F63616C49503A206C6F63616C69502083
:10F71000697320200D0A0D0A00000000C0F60208DF
:10F72000CCF60208211B0108010000007365747308
:10F7300075626E65746D61736B0000007365747340
:10F7400075626E65746D61736B203A0D0A205061AD
:10F7500072616D6574657273207265717569726529
:10F760006420746F2065786563757465206120532B
:10F7700065745375626E65744D61736B3A206D7973
:10F78000205375626E65744D61736B200D0A0D0A0E
:10F79000000000002CF702083CF70208FD1C0108DD
:10F7A0000100000073657472656D6F7465697000A7
:10F7B00073657472656D6F74656970203A0D0A2007
:10F7C000506172616D6574657273207265717569DF
:10F7D00072656420746F2065786563757465206157
:10F7E0002053657452656D6F746549503A206D7988
:10F7F0002052656D6F74654950206973200D0A0DA4
:10F800000A000000A4F70208B0F70208D91E010898
:10F810000100000064656661756C7476616C7565E5
:10F820007300000064656661756C7476616C756563
:10F8300073203A0D0A20506172616D6574657273B0
:10F8400020726571756972656420746F20657865D2
:10F850006375746520612044656661756C745661DA
:10F860006C7565733A206D792044656661756C74BA
:10F8700056616C756573200D0A0D0A0014F80208B4
:10F8800024F80208B52001080000000073657472B6
:10F89000656D6F7465697072656D6F74656D6163B8
:10F8A0000000000073657472656D6F746569707235
:10F8B000656D6F74656D6163203A0D0A2050617249
:10F8C000616D6574657273207265717569726564C6
:10F8D00020746F20657865637574652061205365B9
:10F8E0007452656D6F7465495052656D6F74654DE6
:10F8F00041433A2052656D6F7465495052656D6F92
:10F9000074654D4143200D0A0D0A00008CF8020871
:10F91000A4F80208E51A0108000000007365746C81
:10F920006F63616C706F7274000000007365746CBB
:10F930006F63616C706F7274203A0D0A20506172AF
:10F94000616D657465727320726571756972656445
:10F9500020746F2065786563757465206120536538
:10F96000744C6F63616C504F52543A204C6F63611A
:10F970006C504F5254206973200D0A0D0A0000008C
:10F980001CF902082CF902083522010801000000C8
:10F9900073657472656D6F7465706F7274000000CA
:10F9A00073657472656D6F7465706F7274203A0D53
:10F9B0000A20506172616D657465727320726571A1
:10F9C000756972656420746F206578656375746508
:10F9D00020612053657452656D6F7465504F5254A9
:10F9E0003A2052656D6F7465504F525420697320F0
:10F9F0000D0A0D0A0000000090F90208A0F90208A3
:10FA0000D522010801000000F8090108000A0108D8
:10FA1000080A0108100A0108180A01086E0A0108FC
:10FA2000760A01087E0A0108860A01088E0A010882
:10FA300050726F6365737345746865726E65744464
:10FA40006174615461736B005012010882140108E3
:10FA5000981201081C130108A013010824140108BE
:10FA6000501401087C1401088C14010830000000B7
:10FA700045746865726E6574206973206F6E200D21
:10FA80000A20200A0D00000057726F6E6720506137
:10FA900072616D73210A0D0054686520636F6E6E8C
:10FAA000656374696F6E20686173206265656E209E
:10FAB0006F70656E6564200D0A20200A0D0000003D
:10FAC000546865204C6F63616C49502068617320F5
:10FAD0006265656E206368616E6765642073756337
:10FAE0006365737366756C6C79200D0A20200A0DAE
:10FAF00000000000546865205375626E65744D61A6
:10FB0000736B20686173206265656E206368616E47
:10FB1000676564207375636365737366756C6C7970
:10FB2000200D0A20200A0D005468652052656D6F73
:10FB30007465495020686173206265656E20636852
:10FB4000616E676564207375636365737366756C56
:10FB50006C79200D0A20200A0D00000074686520D1
:10FB600044656661756C7456616C756573206F666B
:10FB700020506172616D733A200D0A746865204CE3
:10FB80006F63616C4D61633A2025642E25642E25D8
:10FB9000642E25642E25642E25640D0A7468652064
:10FBA00052656D6F74654D61633A2025642E25643E
:10FBB0002E25642E25642E25642E25640D0A746876
:10FBC00065204C6F63616C49503A2025642E256492
:10FBD0002E25642E25640D0A7468652052656D6FAC
:10FBE000746549503A2025642E25642E25642E25FF
:10FBF000640D0A746865205375626E65744D617397
:10FC00006B3A2025642E25642E25642E25640D0A6A
:10FC1000746865204465737449503A2025642E2524
:10FC2000642E25642E25640D0A746865204C6F636C
:10FC3000616C506F72743A2025640D0A74686520F7
:10FC400052656D6F7465506F72743A2025640D0AA9
:10FC500000000000546865204C6F63616C504F5287
:10FC60005420686173206265656E206368616E6709
:10FC70006564207375636365737366756C6C792056
:10FC80000D0A20200A0D00005468652052656D6F32
:10FC90007465504F525420686173206265656E2010
:10FCA0006368616E6765642073756363657373660B
:10FCB000756C6C79200D0A20200A0D00081C304458
:10FCC000586C8000746F7000626F74746F6D000008
:10FCD000081C3044586C80005265737461727469FA
:10FCE0006E672E2E2E0D0A00486172644661756C97
:10FCF00074204572726F720D0A00000053746163C4
:10FD00006B204F766572666C6F770D0A00000000FD
:10FD1000486561702073697A6520657863656564FC
:10FD200065640D0A00000000081C3044586C800017
:10FD30004D617920333120323032350031323A355D
:10FD4000313A353800000000081C3044586C8000FF
:10FD5000DA580108C6580108CA580108CE580108E7
:10FD6000D2580108D6580108081C3044586C80004D
:10FD70000000000000000000000000000000000083
:10FD80000000000000000000000000000000000073
:10FD90000100000002000000030000000400000059
:10FDA0000600000007000000080000000900000035
:10FDB0000000000000000000000000000000000043
:10FDC0000100000002000000030000000400000029
:10FDD000081C3044586C800000000000081C3044AF
:10FDE000586C8000FFFFFFFFFFFF0000081C30443D
:10FDF000586C800068656C70000000000D0A686532
:10FE00006C703A0D0A204C6973747320616C6C201D
:10FE100074686520726567697374657265642063D0
:10FE20006F6D6D616E64732E205479706520276844
:10FE3000656C7020706172616D732720746F206C27
:10FE400069737420617661696C61626C65207061B0
:10FE500072616D657465727320616E64207468658B
:10FE6000697220706F737369626C652076616C755E
:10FE700065730D0A0D0A0000F4FD0208FCFD02087E
:10FE800099AF0108FF000000496E636F72726563ED
:10FE90007420636F6D6D616E6420706172616D6559
:10FEA0007465722873292E2020456E746572202295
:10FEB00068656C702220746F2076696577206120F8
:10FEC0006C697374206F6620617661696C61626C25
:10FED0006520636F6D6D616E64732E0D0A0D0A00EF
:10FEE000436F6D6D616E64206E6F74207265636F19
:10FEF000676E697365642E2020456E7465722022DA
:10FF000068656C702220746F2076696577206120A7
:10FF10006C697374206F6620617661696C61626CD4
:10FF20006520636F6D6D616E64732E0D0A0D0A009E
:10FF3000706172616D73000049444C45000000001F
:10FF40000925630925750925750925750D0A000020
:10FF5000A8D40108B2D40108BCD40108C6D4010851
:10FF6000D0D401080925750909257525250D0A0034
:10FF700009257509093C3125250D0A00DAD7010844
:10FF80009CD70108AAD70108B6D70108BED7010837
:10FF9000E2D80108A4D80108B2D80108BED80108E7
:10FFA000C6D80108546D72205376630034DF01080F
:10FFB00034DF010834DF010898DF0108ACDF0108F5
:10FFC000DCDF010834DF010834DF010898DF0108B5
:10FFD000ACDF0108546D725100000000081C304471
:10FFE000586C8000010002000400060008000A00AE
:10FFF0000C0010002000400080000001081C30446C
:020000040803EF
:10000000586C80000101010307010000080402048C
:1000100008010101F8130008EA130008C8130008DA
:10002000F4130008C8130008DE160008C8130008FF
:10003000F4130008EA130008EA130008DE160008AB
:10004000F4130008B0130008B0130008B013000840
:10005000501700082E00000034000000CEFBFFFF08
:10006000CB0300000100000000000000350000008C
:10007000CEFBFFFFCB0300000100000000000000EA
:10008000BC89D897B2D29C3C33A7A8D523F649396E
:100090003DA7F444FD0FA5329D978CCF08BA5B2590
:1000A000436FAC6428066811002020202020202007
:1000B0002020282828282820202020202020202018
:1000C0002020202020202020208810101010101028
:1000D0001010101010101010100404040404040474
:1000E000040404101010101010104141414141410E
:1000F00001010101010101010101010101010101F0
:1001000001010101101010101010424242424242FF
:1001100002020202020202020202020202020202BF
:100120000202020210101010200000000000000067
:1001300000000000000000000000000000000000BF
:1001400000000000000000000000000000000000AF
:10015000000000000000000000000000000000009F
:10016000000000000000000000000000000000008F
:10017000000000000000000000000000000000007F
:10018000000000000000000000000000000000006F
:10019000000000000000000000000000000000005F
:1001A0000000000000000000004300504F53495879
:1001B0000042616C6C6F6320737563636565646591
:1001C00064002F6275696C642F676E752D746F6F94
:1001D0006C732D666F722D73746D33325F31322EF6
:1001E000332E72656C312E32303234303932362D46
:1001F000313731352F7372632F6E65776C69622FDB
:100200006E65776C69622F6C6962632F7374646CBE
:1002100069622F6764746F612D6765746865782EF5
:1002200063002F6275696C642F676E752D746F6F34
:100230006C732D666F722D73746D33325F31322E95
:10024000332E72656C312E32303234303932362DE5
:10025000313731352F7372632F6E65776C69622F7A
:100260006E65776C69622F6C6962632F7374646C5E
:1002700069622F6D707265632E63000005000000D7
:10028000190000007D0000000080E03779C3414381
:10029000176E05B5B5B89346F5F93FE9034F384DEC
:1002A000321D30F94877825A3CBF737FDD4F157598
:1002B000000000000000F03F0000000000002440AB
:1002C00000000000000059400000000000408F4086
:1002D000000000000088C34000000000006AF840F1
:1002E0000000000080842E4100000000D012634115
:1002F0000000000084D797410000000065CDCD418B
:10030000000000205FA00242000000E8764837426B
:10031000000000A2941A6D42000040E59C30A24209
:100320000000901EC4BCD64200003426F56B0C437E
:100330000080E03779C3414300A0D8855734764325
:1003400000C84E676DC1AB43003D9160E458E14386
:10035000408CB5781DAF154450EFE2D6E41A4B44FB
:1003600092D54D06CFF08044F64AE1C7022DB54440
:10037000B49DD9794378EA44494E4600696E6600D7
:100380004E414E006E616E003031323334353637B7
:100390003839616263646566003031323334353632
:1003A0003738394142434445460030003030303020
:1003B000303030303030303030303030202020207D
:1003C0002020202020202020202020202C20667586
:1003D0006E6374696F6E3A2000617373657274693D
:1003E0006F6E2022257322206661696C65643A2055
:1003F00066696C6520222573222C206C696E65204D
:100400002564257325730A00496E66696E697479DF
:10041000004E614E002F6275696C642F676E752DFA
:10042000746F6F6C732D666F722D73746D33325FE2
:1004300031322E332E72656C312E323032343039F7
:1004400032362D313731352F7372632F6E65776CED
:1004500069622F6E65776C69622F6C6962632F73B6
:1004600074646C69622F64746F612E630030303085
:1004700030303030303030303030303030202020AC
:1004800020202020202020202020202020000000CC
:10049000000000000000000006D0CF43EBFD4C3E02
:1004A00000000000000000000000004003B8E23F30
:1004B000000000000000F03F000000000000F83FD6
:0804C000E801FD7F01000000CE
:0804C80015720208E9000008AA
:0404D000C10000085F
:1004D40044CC02084CCC020854CC020860CC02087C
:1004E4006CCC020874CC020880CC020888CC0208C8
:1004F4008CCC020890CC020894CC020898CC020858
:100504009CCC0208A0CC0208A4CC0208A8CC020807
:10051400ACCC0208B0CC0208B4CC0208B8CC0208B7
:10052400E4CC020810CD0208E4CD020810CE020883
:100534003CCE020864CE02088CCE020874CF0208B6
:10054400A8CF0208ACD00208FF001400010100008B
:100554001E00320005FA000000100E000018000012
:10056400000000000000000000000000E0D30208CA
:1005740074D6020878D60208F4E9020808EA0208E8
:1005840024EA020844EA020854EA020884EA020857
:10059400F0EA020854EB02086CEB0208ACEB020828
:1005A400E0EB020820EC020844EC020870EC0208BC
:1005B4008CEC02086CEB0208ACEB0208E0EB0208DE
:1005C400ACEC0208E0EC020808ED02081CED02089D
:1005D4004CED020800EE020844EA020814EE020898
:1005E4001CEE020838EE020800EE02084CEE020887
:1005F4006CEE020894EE020844EA0208D4EE020803
:10060400FCEE020828EF020840EF020854EF02084B
:100614007CEF02088CEF0208A0EF0208B8EF020892
:10062400D8EF020810F002081CF0020830F00208AB
:1006340048F0020858F0020860F002086CF0020862
:1006440024F1020840F1020858F1020890F102086E
:10065400B4F1020890F10208ECF1020890F10208EA
:1006640024F2020848F2020858F2020870F2020862
:1006740048F2020890F20208ACF20208C8F202083A
:10068400DCF2020830F3020848F202084CF30208D4
:1006940060F3020860F302080100000070FA020827
:1006A40088FA020898FA0208C0FA020888FA0208CE
:1006B400F4FA020888FA020828FB020888FA0208F9
:1006C4005CFB020854FC020888FA020888FC020851
:1006D40088FA0208D8FC02080024F4002000000074
:1006E400000CD1ED34020000C0A80102FFFFFF009E
:1006F400C0A80103C0A801030201000078FE02089B
:10070400000000002C020020AAAAAAAA04000000EB
:1007140001000000FFFFFFFF0000020000000000D6
:10072400000000004C0200204C0200205402002073
:10073400540200205C0200205C02002064020020BD
:10074400640200206C0200206C020020740200206D
:10075400740200207C0200207C020020840200201D
:10076400840200208C0200208C02002094020020CD
:10077400940200209C0200209C020020A40200207D
:10078400A4020020AC020020AC020020B40200202D
:10079400B4020020BC020020BC020020C4020020DD
:1007A400C4020020CC020020CC020020D40200208D
:1007B400D4020020DC020020DC020020E40200203D
:1007C400E4020020EC020020EC020020F4020020ED
:1007D400F4020020FC020020FC020020040300209C
:1007E400040300200C0300200C0300201403002049
:1007F400140300201C0300201C03002024030020F9
:10080400240300202C0300202C03002034030020A8
:10081400340300203C0300203C0300204403002058
:10082400440300204C0300204C0300205403002008
:10083400540300205C0300205C03002064030020B8
:10084400640300206C0300206C0300207403002068
:10085400740300207C0300207C0300208403002018
:10086400840300208C0300208C03002094030020C8
:10087400940300209C0300209C030020A403002078
:10088400A4030020AC030020AC030020B403002028
:10089400B4030020BC030020BC030020C4030020D8
:1008A400C4030020CC030020CC030020D403002088
:1008B400D4030020DC030020DC030020E403002038
:1008C400E4030020EC030020EC030020F4030020E8
:1008D400F4030020FC030020FC0300200404002097
:1008E400040400200C0400200C0400201404002044
:1008F400140400201C0400201C04002024040020F4
:10090400240400202C0400202C04002034040020A3
:10091400340400203C0400203C0400204404002053
:10092400440400204C0400204C0400205404002003
:10093400540400205C0400205C04002064040020B3
:10094400640400206C0400206C0400207404002063
:10095400740400207C0400207C0400208404002013
:10096400840400208C0400208C04002094040020C3
:10097400940400209C0400209C040020A404002073
:10098400A4040020AC040020AC040020B404002023
:10099400B4040020BC040020BC040020C4040020D3
:1009A400C4040020CC040020CC040020D404002083
:1009B400D4040020DC040020DC040020E404002033
:1009C400E4040020EC040020EC040020F4040020E3
:1009D400F4040020FC040020FC0400200405002092
:1009E400040500200C0500200C050020140500203F
:1009F400140500201C0500201C05002024050020EF
:100A0400240500202C0500202C050020340500209E
:100A1400340500203C0500203C050020440500204E
:100A2400440500204C0500204C05002054050020FE
:100A3400540500205C0500205C05002064050020AE
:100A4400640500206C0500206C050020740500205E
:100A5400740500207C0500207C050020840500200E
:100A6400840500208C0500208C05002094050020BE
:100A7400940500209C0500209C050020A40500206E
:100A8400A4050020AC050020AC050020B40500201E
:100A9400B4050020BC050020BC050020C4050020CE
:100AA400C4050020CC050020CC050020D40500207E
:100AB400D4050020DC050020DC050020E40500202E
:100AC400E4050020EC050020EC050020F4050020DE
:100AD400F4050020FC050020FC050020040600208D
:100AE400040600200C0600200C060020140600203A
:100AF400140600201C0600201C06002024060020EA
:100B0400240600202C0600202C0600203406002099
:100B1400340600203C0600203C0600204406002049
:100B240044060020000000000300000070A701201C
:100B3400430000000000000000000000000000006E
:100B440000000000000000000000000000000000A1
:100B5400430000000000000000000000000000004E
:100B64000000000000000000000000000000000081
:100B7400430000000000000000000000000000002E
:100B84000000000000000000000000000000000061
:100B9400430000000000000000000000000000000E
:100BA4000000000000000000000000000000000041
:100BB40043000000000000000000000000000000EE
:100BC4000000000000000000000000000000000021
:100BD40043000000000000000000000000000000CE
:100BE4000000000000000000000000000000000001
:100BF40043000000000000000000000000000000AE
:100C040000000000000000000000000000000000E0
:100C140019840208017B020800000000A8000308F0
:100C2400540003080704030807040308070403081F
:100C34000704030807040308070403080704030858
:100C44000704030807040308FFFFFFFFFFFFFFFF7C
:100C5400FFFFFFFFFFFF000001004153434949002C
:100C64000000000000000000000000000000000080
:100C74000000000000000000000041534349490007
:100C84000000000000000000000000000000000060
:100C9400000000000000000000000000D007002059
:100CA4000000000070A70120D8A7012040A801205F
:100CB4000000000000000000000000000000000030
:100CC4000000000000000000000000000000000020
:100CD4000000000000000000000000000000000010
:100CE4000000000000000000000000000000000000
:100CF40000000000000000000000000000000000F0
:100D040000000000000000000000000000000000DF
:100D140000000000000000000000000000000000CF
:100D240000000000000000000000000000000000BF
:100D340000000000000000000100000000000000AE
:100D44000E33CDAB34126DE6ECDE05000B00000073
:100D5400000000000000000000000000000000008F
:100D6400000000000000000000000000000000007F
:100D7400000000000000000000000000000000006F
:100D8400000000000000000000000000000000005F
:100D9400000000000000000000000000000000004F
:100DA400000000000000000000000000000000003F
:100DB400000000000000000000000000000000002F
:100DC400B1A801200000000059F3F8C21F6EA5016C
:100DD400000000000000F03F80B588B000AF7860EC
:100DE40039601F23FB1800221A707B68BB613B68C3
:100DF4007B611A4B5A69194B8021C9020A435A6113
:100E0400EFF31083FB60FB683B6172B6C0460FE0F2
:100E14007A69BB6912681A607B6904337B61BB69B8
:100E24000433BB611F217B181A787B1801321A70B6
:100E34001F23FB181B783F2BEAD9C046074B1A69BE
:100E4400C0239B021340F9D13B69BB60BB6883F3A9
:100E54001088C046C046BD4608B080BD0020024090
:0400000508015BC1D2
:00000001FF
